tree
version=v4
num_class=4
num_tree_per_iteration=4
label_index=0
max_feature_idx=13
objective=multiclass num_class:4
feature_names=Column_0 Column_1 Column_2 Column_3 Column_4 Column_5 Column_6 Column_7 Column_8 Column_9 Column_10 Column_11 Column_12 Column_13
feature_infos=[-0.65976512432098389:1.8942601680755615] [0.0054753939621150494:72.664230346679688] [-0.65976512432098389:1.8942601680755615] [-0.23331649601459503:0.24036867916584015] [-0.10460280627012253:1.3940801620483398] [1.0313535928726196:2.3185489177703857] [-0.46539497375488281:0.17992809414863586] [0.03956468403339386:44.10052490234375] [-16.223770141601562:16.276016235351562] [-11.989044189453125:12.205398559570312] [0.0019783519674092531:6.4661774635314941] [-0.23331649601459503:0.24036867916584015] [-0.36740434169769287:0.30878770351409912] [0.9576646089553833:0.99126517772674561]
tree_sizes=1479 322 419 1533 1693 451 446 1685 1177 347 445 1484 1712 347 448 1682 1701 348 449 1688 1699 451 448 1709 1690 349 448 1690 1693 349 448 1687 1699 349 449 1690 1180 349 558 1693 1693 349 448 1693 1694 349 449 1680 1693 348 450 1684 1707 349 451 1692 1695 349 448 1689 1704 349 558 1693 1705 349 557 1691 1699 349 452 1695 1694 347 663 1689 1494 450 664 1697 1697 348 450 1690 1595 452 557 1693 1712 348 558 1687 1703 349 451 1696 1697 348 556 1702 1691 347 451 1702 1702 454 552 1699 1618 349 557 1696 1712 350 453 1700 1706 350 452 1699 1700 350 451 1692 1704 350 555 1697 1710 350 664 1595 1699 349 658 1703 1503 350 662 1381 1696 350 451 1704 1712 349 449 1281 1711 350 453 1283 1707 453 453 1281 1392 350 453 1702 1716 347 556 1708 1713 350 556 1709 1717 349 452 1508 1721 349 452 1379 1716 350 452 1507 1711 451 453 1598 1180 350 453 1601 1600 350 452 1706 1714 350 451 1075 1708 779 452 1071 1500 350 451 1066 1706 349 452 1708 1522 350 453 1703 1712 349 452 1393 1500 350 453 1082 1504 350 451 1404 1724 348 453 1078 1507 350 454 1700 1713 453 452 1722 1699 350 454 1696 1703 454 454 1494 1707 350 452 1721 1082 350 453 972 1712 350 452 1190 1711 350 454 1178 1705 680 450 1078 1723 349 457 1505 1728 346 452 1184 1731 348 456 1613 1736 349 458 1724 1722 787 454 1744 1729 350 456 1608 1716 348 458 1709 1710 350 454 1729 1717 348 453 1719 1712 455 454 1713 1711 348 455 1715 1719 456 458 1719 1719 456 454 1615 1715 350 454 1512 1720 348 454 1510 1719 349 453 1726 1744 455 457 1517 1724 350 456 1509 1731 350 453 1087 1722 348 454 1091 1708 456 454 877 1202 349 454 1299 1740 350 458 1411 1208 349 458 1529 1733 350 459 1720 1743 349 454 1723 1742 350 455 1724 1708 350 451 1517 1735 456 456 1301 1735 349 456 1405 1727 350 461 1735 1626 349 460 1735 1740 350 458 1426 1731 350 457 1723 1738 350 457 1725 1719 349 457 1735 1731 458 459 1720 1725 349 460 1725 1738 349 461 1731 1729 348 460 1723 1735 351 459 1618 1737 351 459 1208 1729 351 461 1727 1743 350 460 1625 1741 460 459 1517 1734 351 459 1751 1744 351 463 1728 1731 352 464 1733 1512 352 459 1717 1519 350 459 1725 1417 351 458 1723 1748 353 460 1741 1746 352 461 1740 1744 352 460 1739 1740 353 465 1636 1644 351 465 1633 1741 352 462 1626 1756 462 462 1517 1748 350 459 1630 1313 352 461 1295 1733 353 461 1736 1732 352 462 1737 1736 352 463 1733 1743 463 461 1728 1740 353 462 1729 1741 353 460 1740 1727 353 462 1730 1733 353 460 1747 1210 353 462 1724 1755 353 461 1737 1740 352 463 1747 1746 353 463 1744 1750 352 463 1737 1741 352 463 1746 1749 351 461 1751 1745 351 461 1740 1758 463 459 1648 1747 353 462 1753 1734 351 579 1745 1750 353 579 1748 1742 352 461 1750 1744 353 464 1751 1751 353 463 1736 1753 353 461 1744 1742 351 462 1745 1753 352 462 1746 1752 353 460 1750 1742 352 465 1735 1740 353 578 1736 1750 353 577 1733 1747 352 579 1742 1747 353 580 1742 1739 353 578 1758 1737 353 463 1735 1737 353 466 1753 1432 354 463 1750 1755 353 464 1739 1762 354 463 1760 1738 354 462 1745 1755 352 579 1555 1734 353 578 1746 1741 354 467 1747

Tree=0
num_leaves=15
num_cat=0
split_feature=1 5 5 4 3 5 7 3 5 5 1 0 3 5
split_gain=485.614 434.625 596.397 733.337 27.1811 22.1602 67.6163 30.2701 13.5024 8.22181 5.15879 26.6322 12.912 14.7707
threshold=19.771531105041507 1.503061890602112 1.7681607007980349 0.20276797935366633 0.024481121450662616 1.4331286549568178 3.1887146234512334 0.018172502517700199 1.7483461499214175 1.82738733291626 24.153811454772953 0.18513890355825427 -0.033056052401661866 1.5562495589256289
decision_type=2 2 2 2 2 2 2 2 2 2 2 2 2 2
left_child=1 5 3 8 9 -1 7 -7 -3 -4 11 -2 -13 -14
right_child=10 2 4 -5 -6 6 -8 -9 -10 -11 -12 12 13 -15
leaf_value=-1.4342559918153341 -1.4361613823964863 -1.243061458202626 -1.3985421997366052 -1.4362181416076956 -1.2855480924631741 -1.2618982258541902 -1.4361558569647659 -1.3892013378640766 -1.3207205906280872 -1.4362400723033868 -1.4359400503387196 -1.4343712841968137 -1.3959097457352752 -1.2401904650159945
leaf_weight=125 37.5 209 17.25 65.5 3.2499999999999991 10.250000000000002 36 8.4999999999999982 5.9999999999999991 92 296.25 2.5 2.4999999999999982 3.75
leaf_count=500 150 836 69 262 13 41 144 34 24 368 1185 10 10 15
internal_value=-1.38629 -1.35825 -1.3288 -1.2898 -1.42604 -1.42264 -1.39609 -1.31932 -1.2452 -1.4303 -1.43351 -1.41785 -1.33968 -1.30165
internal_weight=0 572.75 393 280.5 112.5 179.75 54.75 18.75 215 109.25 342.5 46.25 8.75 6.25
internal_count=3661 2291 1572 1122 450 719 219 75 860 437 1370 185 35 25
is_linear=0
shrinkage=1


Tree=1
num_leaves=2
num_cat=0
split_feature=4
split_gain=2740.24
threshold=0.20276797935366633
decision_type=2
left_child=-1
right_child=-2
leaf_value=-1.4362870841587496 -1.2363600497557565
leaf_weight=687 228.25
leaf_count=2748 913
internal_value=-1.38629
internal_weight=0
internal_count=3661
is_linear=0
shrinkage=1


Tree=2
num_leaves=3
num_cat=0
split_feature=0 1
split_gain=2734.35 9.78282
threshold=0.28338000178337103 39.18550109863282
decision_type=2 2
left_child=-1 -2
right_child=1 -3
leaf_value=-1.4362870522469189 -1.3382174380429674 -1.2363599062367794
leaf_weight=684 2.4999999999999991 228.75
leaf_count=2736 10 915
internal_value=-1.38629 -1.23744
internal_weight=0 231.25
internal_count=3661 925
is_linear=0
shrinkage=1


Tree=3
num_leaves=15
num_cat=0
split_feature=8 8 4 4 1 3 3 3 3 8 0 12 1 4
split_gain=616.158 689.659 159.069 93.5578 87.8622 102.611 93.7201 56.2365 45.4265 35.944 22.9831 4.13566 3.03139 8.10532
threshold=5.7985687255859384 -5.1706542968749991 0.42714795470237737 0.42714795470237737 16.460583686828617 -0.071756824851036058 0.075256917625665679 -0.0072307605296373359 -0.0048451013863086692 -0.80542755126953114 0.28338000178337103 -0.056313008069992058 20.10357761383057 0.0039445915026590237
decision_type=2 2 2 2 2 2 2 2 2 2 2 2 2 2
left_child=1 2 7 8 5 9 -7 10 -2 -3 -1 -9 13 -6
right_child=3 4 -4 -5 12 6 -8 11 -10 -11 -12 -13 -14 -15
leaf_value=-1.2424362812152991 -1.4210165833421129 -1.255859578511195 -1.4359518953664658 -1.4355901357677778 -1.3962413107220126 -1.4137998537681922 -1.309741898593124 -1.4157061258257728 -1.2377715608629862 -1.4012516260771555 -1.3959097457352752 -1.3382174380429674 -1.4359658254503036 -1.4361688906054615
leaf_weight=83.75 3.4999999999999991 16.000000000000004 14.499999999999998 6.9999999999999991 18.75 295.75 23.25 5 77.75 5.7499999999999991 2.4999999999999991 2.4999999999999991 319.5 39.75
leaf_count=335 14 64 58 28 75 1183 93 20 311 23 10 10 1278 159
internal_value=-1.38629 -1.39971 -1.28212 -1.2608 -1.41744 -1.39902 -1.40619 -1.2583 -1.2457 -1.29419 -1.24689 -1.38958 -1.43403 -1.42341
internal_weight=0 827 108.25 88.25 718.75 340.75 319 93.75 81.25 21.75 86.25 7.5 378 58.5
internal_count=3661 3308 433 353 2875 1363 1276 375 325 87 345 30 1512 234
is_linear=0
shrinkage=1


Tree=4
num_leaves=15
num_cat=0
split_feature=1 5 5 4 5 8 4 8 1 0 3 8 5 7
split_gain=443.155 382.238 509.746 570.592 41.0637 23.5654 76.5873 12.6522 5.05926 24.4797 11.0841 12.3392 4.07907 12.5014
threshold=19.771531105041507 1.503061890602112 1.7898970842361452 0.20276797935366633 1.7515664696693423 -0.56970977783203114 0.42714795470237737 -0.076644897460937486 24.153811454772953 0.18513890355825427 -0.033056052401661866 2.2137451171875004 1.4863550662994387 2.0750901699066167
decision_type=2 2 2 2 2 2 2 2 2 2 2 2 2 2
left_child=1 5 3 4 -3 6 -1 -4 9 -2 -11 -12 -7 -14
right_child=8 2 7 -5 -6 12 -8 -9 -10 10 11 -13 13 -15
leaf_value=0.11302088499297702 -0.049005979102917693 0.12475497394104994 -0.047272926587937754 -0.049006433848214834 0.033298847356955992 -0.046673778253553955 -0.04888526743681125 0.063318546885191646 -0.048776536559949256 -0.047333121969618093 0.12892799194536206 -0.010598972929829111 0.077991823352458578 -0.048413965418752952
leaf_weight=10.562118545174597 36.155457273125648 229.27703002095222 98.704103067517281 62.98637729883194 13.059243217110632 132.48514284193516 23.092182770371437 2.5726937651634207 285.65293319523335 2.4254260659217834 4.0649557411670667 2.5346273481845856 2.640341252088545 6.7452550679445267
leaf_count=40 150 843 406 262 51 545 96 10 1185 10 15 10 10 28
internal_value=0 0.0261519 0.0527686 0.0850051 0.119842 -0.0354998 0.00211191 -0.0444039 -0.0463092 -0.0306361 0.0426869 0.0759831 -0.0444171 -0.0124064
internal_weight=0 582.124 406.599 305.323 242.336 175.525 33.6543 101.277 330.833 45.1805 9.02501 6.59958 141.871 9.3856
internal_count=3661 2291 1572 1156 894 719 136 416 1370 185 35 25 583 38
is_linear=0
shrinkage=0.05


Tree=5
num_leaves=3
num_cat=0
split_feature=7 7
split_gain=2317.14 2.88566
threshold=12.534932136535646 5.3550145626068124
decision_type=2 2
left_child=1 -1
right_child=-2 -3
leaf_value=-0.049158277871952968 0.12985841778332216 7.8049136130901322e-05
leaf_weight=660.80352322757244 249.13972651958466 2.9890134036540976
leaf_count=2739 910 12
internal_value=0 -0.0489366
internal_weight=0 663.793
internal_count=3661 2751
is_linear=0
shrinkage=0.05


Tree=6
num_leaves=3
num_cat=0
split_feature=0 1
split_gain=2318.19 7.46241
threshold=0.28338000178337103 39.18550109863282
decision_type=2 2
left_child=-1 -2
right_child=1 -3
leaf_value=-0.049147657300153656 0.042682184433392258 0.12962388488203802
leaf_weight=659.76141294836998 2.6163889169692984 250.77838981151581
leaf_count=2736 10 915
internal_value=0 0.128743
internal_weight=0 253.395
internal_count=3661 925
is_linear=0
shrinkage=0.05


Tree=7
num_leaves=15
num_cat=0
split_feature=5 8 5 5 0 5 0 4 3 3 5 8 13 1
split_gain=837.169 727.509 120.103 74.1147 130.176 42.5122 38.6347 36.3185 31.9258 17.5972 16.3538 9.97031 0.721623 0.282213
threshold=1.7898970842361452 5.2446136474609384 1.4680769443511965 1.3775355219841006 -0.041216390207409852 1.7483461499214175 0.6909967064857484 0.42714795470237737 -0.02678742632269859 0.046627052128314979 1.4295701980590823 -0.076644897460937486 0.96504661440849315 10.066846370697023
decision_type=2 2 2 2 2 2 2 2 2 2 2 2 2 2
left_child=1 3 7 4 -1 10 11 -3 -7 13 -5 12 -2 -4
right_child=6 2 9 5 -6 8 -8 -9 -10 -11 -12 -13 -14 -15
leaf_value=-0.048967802728686435 0.10844149015878074 0.13051272033290093 -0.027991858384922269 -0.012294763498158601 0.14082287027701312 0.1009927954141981 -0.047662535759501655 -0.047646193134958201 -0.02649527765591583 0.066874022931540253 -0.045780836062176367 0.028775064313551847 0.13229525467858633 -0.048948821039136982
leaf_weight=21.264278307557106 6.4673358201980582 88.120504260063171 2.4488471746444729 38.954677164554596 15.563757464289663 8.8093619793653506 3.1388433575630179 2.908798709511756 10.87030392885208 4.6147813796997061 590.29689362645149 2.5015327930450431 106.10910551249981 10.957832247018812
leaf_count=88 24 323 10 159 60 34 13 12 44 18 2428 10 393 45
internal_value=0 -0.0184512 0.101449 -0.0375299 0.0314031 -0.0414463 0.124104 0.124774 0.0307953 -0.016407 -0.0437101 0.128827 0.131022 -0.0453564
internal_weight=0 794.81 109.051 685.759 36.828 648.931 118.217 91.0293 19.6797 18.0215 629.252 115.078 112.576 13.4067
internal_count=3661 3221 408 2813 148 2665 440 335 78 73 2587 427 417 55
is_linear=0
shrinkage=0.05


Tree=8
num_leaves=10
num_cat=0
split_feature=7 0 5 5 8 8 8 13 0
split_gain=265.033 493.048 382.902 607.047 38.831 34.3699 11.6873 1.52621 0.995498
threshold=4.6716187000274667 0.28338000178337103 1.7898970842361452 1.4760683774948122 -0.56970977783203114 -6.1134948730468741 -0.076644897460937486 0.963933825492859 0.54847639799118053
decision_type=2 2 2 2 2 2 2 2 2
left_child=1 2 3 4 -1 -5 7 -4 -3
right_child=-2 8 6 5 -6 -7 -8 -9 -10
leaf_value=0.083861644305762331 -0.048273092624694029 -0.021558193897642533 -0.006605672258964277 0.0061781510037818002 -0.045064165509256897 0.10868694204884288 0.057943991479772444 -0.047443917906332601 -0.048304091134103312
leaf_weight=6.1271260082721701 217.06286552548409 3.7686639726161948 2.3803341537713996 8.4505348503589612 96.142910644412041 264.58349940180779 2.6755882501602164 94.638296782970428 210.69581404328346
leaf_count=22 938 16 10 31 407 914 10 404 909
internal_value=0 0.0150669 0.0434758 0.0666098 -0.0372657 0.105518 -0.0435928 -0.0464498 -0.0478444
internal_weight=0 689.463 474.998 375.304 102.27 273.034 99.6942 97.0186 214.464
internal_count=3661 2723 1798 1374 429 945 424 414 925
is_linear=0
shrinkage=0.05


Tree=9
num_leaves=2
num_cat=0
split_feature=4
split_gain=2012.94
threshold=0.20276797935366633
decision_type=2
left_child=-1
right_child=-2
leaf_value=-0.048374900653455302 0.11498622180205575
leaf_weight=638.55204229056835 267.47593966126442
leaf_count=2748 913
internal_value=0
internal_weight=0
internal_count=3661
is_linear=0
shrinkage=0.05


Tree=10
num_leaves=3
num_cat=0
split_feature=0 1
split_gain=2002.53 5.84816
threshold=0.28338000178337103 39.18550109863282
decision_type=2 2
left_child=-1 -2
right_child=1 -3
leaf_value=-0.048358796679660469 0.038880342960760941 0.114665322349258
leaf_weight=635.24318182468414 2.7004165947437277 268.45082786679268
leaf_count=2736 10 915
internal_value=0 0.113925
internal_weight=0 271.151
internal_count=3661 925
is_linear=0
shrinkage=0.05


Tree=11
num_leaves=13
num_cat=0
split_feature=5 5 4 5 4 5 0 11 11 5 11 1
split_gain=709.374 622.682 191.375 48.7867 142.776 40.081 30.9269 25.6804 20.0087 3.89435 7.49835 3.82233
threshold=1.7898970842361452 1.3775355219841006 0.47098866105079656 1.4598696827888491 0.40218600630760198 1.7515664696693423 0.6909967064857484 -0.02678742632269859 0.013889674562960865 1.8204647898674013 -0.027546986937522885 2.3100957870483403
decision_type=2 2 2 2 2 2 2 2 2 2 2 2
left_child=1 2 -1 4 8 11 9 -7 -3 10 -2 -5
right_child=6 3 -4 5 -6 7 -8 -9 -10 -11 -12 -13
leaf_value=0.11668092322211286 0.11853346769332435 0.0064854284157973251 -0.048162561700349299 -0.026657840550855117 -0.048572667013925555 0.090323242357762623 -0.046839497897330398 -0.02761466539988321 0.10759012568904323 0.11658580807822956 0.033771823603319776 -0.045373751282019446
leaf_weight=98.209082275629044 6.2865224778652191 6.1832087039947536 21.389694824814796 29.293796375393867 56.065287947654724 9.0164368152618426 3.022601291537284 9.2768345773220044 23.605323731899261 112.55376482009888 4.5928016006946546 527.51923881471157
leaf_count=338 22 25 92 123 238 33 13 38 87 388 17 2247
internal_value=0 -0.0177545 0.0871838 -0.0367531 -0.0015926 -0.0420008 0.109857 0.0306899 0.0866957 0.113729 0.0833841 -0.0443941
internal_weight=0 780.559 119.599 660.96 85.8538 575.106 126.456 18.2933 29.7885 123.433 10.8793 556.813
internal_count=3661 3221 430 2791 350 2441 440 71 112 427 39 2370
is_linear=0
shrinkage=0.05


Tree=12
num_leaves=15
num_cat=0
split_feature=1 5 5 4 8 6 8 5 11 5 11 1 0 9
split_gain=374.031 313.538 382.556 354.386 26.1879 82.4053 25.2633 23.3196 11.4885 22.2079 2.38121 1.98217 7.50628 1.16546
threshold=19.771531105041507 1.5147325992584231 1.7830509543418886 0.20276797935366633 2.4148406982421879 -0.0055199856869876376 -6.1134948730468741 1.4148662686347964 -0.032198214903473847 1.8396968841552737 -0.042970731854438775 20.639951705932621 -1.0000000180025095e-35 8.5605087280273455
decision_type=2 2 2 2 2 2 2 2 2 2 2 2 2 2
left_child=1 4 3 6 5 -1 -3 -7 -4 -10 -6 12 -2 -13
right_child=11 2 8 -5 10 7 -8 -9 9 -11 -12 13 -14 -15
leaf_value=-0.047438257255807997 -0.046919560720568014 0.0033147192072086685 -0.047829929156939587 -0.047435908890175515 -0.0028109944319807756 -0.029177390824660587 0.099729159461113964 0.090498963947373015 0.091823825023236952 -0.047548722194203634 -0.047036889647081567 -0.046891924083040715 0.056608750896900428 -0.029854307153861771
leaf_weight=44.64487299323082 7.3378793150186539 6.9858632087707511 81.573146253824234 50.389581590890884 3.1429086029529563 5.0691474080085781 257.09673473238945 19.741228759288788 4.4595291465520841 7.5606398582458496 110.87144511938095 277.25160309672356 2.1980200260877591 11.109336987137793
leaf_count=201 33 25 361 227 13 21 843 68 17 33 489 1244 8 49
internal_value=0 0.0231896 0.0475946 0.0740004 -0.0310874 -0.0068698 0.0971809 0.0660282 -0.0411129 0.00449002 -0.0458213 -0.0455008 -0.0227165 -0.0462461
internal_weight=0 591.535 408.065 314.472 183.47 69.4552 264.083 24.8104 93.5933 12.0202 114.014 297.897 9.5359 288.361
internal_count=3632 2298 1506 1095 792 290 868 89 411 50 502 1334 41 1293
is_linear=0
shrinkage=0.05


Tree=13
num_leaves=2
num_cat=0
split_feature=4
split_gain=1769.52
threshold=0.20276797935366633
decision_type=2
left_child=-1
right_child=-2
leaf_value=-0.047631230745049394 0.10337851592618655
leaf_weight=603.96067199110985 285.6667717397213
leaf_count=2705 927
internal_value=0
internal_weight=0
internal_count=3632
is_linear=0
shrinkage=0.05


Tree=14
num_leaves=3
num_cat=0
split_feature=0 0
split_gain=1706.84 3.35031
threshold=0.28338000178337103 0.54847639799118053
decision_type=2 2
left_child=-1 -2
right_child=1 -3
leaf_value=-0.047616301144167268 0.055082257892929289 0.10323794978026923
leaf_weight=611.93700382113457 4.0273520350456229 269.79156899452209
leaf_count=2743 14 875
internal_value=0 0.10255
internal_weight=0 273.819
internal_count=3632 889
is_linear=0
shrinkage=0.05


Tree=15
num_leaves=15
num_cat=0
split_feature=5 8 5 5 0 7 5 3 0 3 8 3 5 5
split_gain=595.85 605.307 79.5015 75.1925 66.0213 46.9655 28.9004 26.5516 19.4413 18.3166 6.3953 1.26004 7.28353 1.20777
threshold=1.7830509543418886 5.2446136474609384 1.3508176207542422 1.5597794651985171 -0.041216390207409852 15.066576957702638 1.7483461499214175 -0.018485575914382931 0.6909967064857484 0.092461254447698607 0.18772888183593753 -0.032198214903473847 1.8396968841552737 1.4923390150070193
decision_type=2 2 2 2 2 2 2 2 2 2 2 2 2 2
left_child=1 2 4 5 -1 13 9 -8 10 -4 11 -2 -13 -3
right_child=8 3 6 -5 -6 -7 7 -9 -10 -11 -12 12 -14 -15
leaf_value=-0.047197170845146019 0.10492418604993246 0.10443774658283525 -0.043242970410499043 -0.043026968075047578 0.10990092817222308 -0.046923952929683418 0.090402471451519195 -0.032905683044373003 -0.045617361326666002 0.02557118823152979 0.023335340913649832 0.021151503148258192 0.10738224443308933 0.069110767237945153
leaf_weight=11.156550496816637 112.28382471203804 104.54400211572647 581.89382001757622 10.545764729380606 16.430349260568619 5.4018027186393729 7.890819817781451 9.5399325489997846 2.2359178662300101 9.7721461206674558 2.6387646794319144 3.3141184747219077 9.9420217871665937 3.2816387712955466
leaf_count=50 367 341 2564 46 55 24 28 40 10 39 10 12 33 13
internal_value=0 -0.0168006 -0.0364709 0.0843303 0.0464271 0.0962196 -0.0402325 0.0231126 0.098837 -0.0421023 0.10139 0.103011 0.0861438 0.103428
internal_weight=0 760.457 636.684 123.773 27.5869 113.227 609.097 17.4308 130.415 591.666 128.179 125.54 13.2561 107.826
internal_count=3632 3200 2776 424 105 378 2671 68 432 2603 422 412 45 354
is_linear=0
shrinkage=0.05


Tree=16
num_leaves=15
num_cat=0
split_feature=1 5 5 4 5 4 11 5 11 5 1 0 9 4
split_gain=342.268 279.002 332.079 300.569 24.5398 58.7557 28.6945 21.1604 11.0864 19.7079 1.93302 6.85843 1.54181 1.49928
threshold=19.771531105041507 1.5147325992584231 1.7830509543418886 0.20276797935366633 1.4331286549568178 0.042956119403243072 0.036649685353040702 1.7483461499214175 -0.032198214903473847 1.8396968841552737 20.639951705932621 0.18513890355825427 9.7112350463867205 -0.064815785735845552
decision_type=2 2 2 2 2 2 2 2 2 2 2 2 2 2
left_child=1 4 3 7 12 6 -6 -3 -4 -10 11 -2 13 -1
right_child=10 2 8 -5 5 -7 -8 -9 9 -11 -12 -13 -14 -15
leaf_value=-0.0052786663201792386 -0.046190248345016609 0.091724577402028926 -0.047111597700736037 -0.04672597958714321 0.084302725454042174 -0.045607759542662406 -0.026742840225266209 0.027909104868412422 0.08362294739679943 -0.046800132132386436 -0.045493934896960769 0.052363116630907251 -0.0021065717881162123 -0.046229220346291656
leaf_weight=2.3104545623064032 7.0275363624095899 260.02485513687134 78.23464722931385 48.261572420597076 18.796096950769428 38.725895255804062 8.3477204293012601 13.786158353090284 4.6773584783077222 7.2578220963478088 276.46245436370373 2.2551521509885788 2.1081261634826651 107.8495267778635
leaf_count=10 33 820 361 227 62 181 33 48 17 33 1293 8 9 497
internal_value=0 0.0219158 0.0445075 0.0682481 -0.030361 -0.00611926 0.0501793 0.0885229 -0.0402717 0.00458238 -0.0447369 -0.0219446 -0.044566 -0.0453759
internal_weight=0 590.38 412.242 322.073 178.138 65.8697 27.1438 273.811 90.1698 11.9352 285.745 9.28269 112.268 110.16
internal_count=3632 2298 1506 1095 792 276 95 868 411 50 1334 41 516 507
is_linear=0
shrinkage=0.05


Tree=17
num_leaves=2
num_cat=0
split_feature=4
split_gain=1563.1
threshold=0.20276797935366633
decision_type=2
left_child=-1
right_child=-2
leaf_value=-0.046944203726621676 0.094255393960483866
leaf_weight=579.44716168940067 296.06333765387535
leaf_count=2705 927
internal_value=0
internal_weight=0
internal_count=3632
is_linear=0
shrinkage=0.05


Tree=18
num_leaves=3
num_cat=0
split_feature=0 1
split_gain=1510.29 3.08493
threshold=0.28338000178337103 39.18550109863282
decision_type=2 2
left_child=-1 -2
right_child=1 -3
leaf_value=-0.046930459515079126 0.044732377767891407 0.094140369396109674
leaf_weight=587.09679917991161 3.4624111950397483 280.20680353045464
leaf_count=2743 12 877
internal_value=0 0.0935533
internal_weight=0 283.669
internal_count=3632 889
is_linear=0
shrinkage=0.05


Tree=19
num_leaves=15
num_cat=0
split_feature=5 8 5 0 5 4 5 8 0 5 8 5 5 13
split_gain=517.287 539.897 73.7942 66.7721 63.5253 39.3984 27.9177 20.6171 16.2977 15.2704 5.31116 0.954875 0.755266 0.53911
threshold=1.7830509543418886 5.2446136474609384 1.3609942197799685 -0.041216390207409852 1.5597794651985171 0.40218600630760198 1.7483461499214175 -2.3966293334960933 0.6909967064857484 1.4295701980590823 0.18772888183593753 1.4923390150070193 1.7898970842361452 0.963933825492859
decision_type=2 2 2 2 2 2 2 2 2 2 2 2 2 2
left_child=1 2 3 -1 5 11 9 -8 10 -4 12 -3 -2 -14
right_child=8 4 6 -5 -6 -7 7 -9 -10 -11 -12 -13 13 -15
leaf_value=-0.046576456638172059 0.063518948937893296 0.095031927477490521 -0.012922289417649495 0.10019710213490143 -0.042142548966514523 -0.046181195593117098 0.08473473039791711 -0.024526592928285202 -0.044872269047141505 -0.043901933339464239 0.021693267734886224 0.063961229720592427 0.069431252077976735 0.095011844211584609
leaf_weight=13.270237669348719 2.8721277713775626 108.52003788948059 43.160583019256592 18.369752198457718 10.150069862604139 5.1786464452743521 7.4830651879310635 9.9488782286643964 2.1452256590127936 523.20465485751629 2.6792862117290488 3.399298444390296 3.4167636036872855 124.03635945916176
leaf_count=62 10 341 187 59 46 24 27 41 10 2400 10 13 11 391
internal_value=0 -0.0162075 -0.0355935 0.0386855 0.0775077 0.0879061 -0.0396252 0.0225921 0.0901068 -0.0415438 0.092316 0.0941462 0.0937501 0.0943811
internal_weight=0 742.685 615.437 31.64 127.248 117.098 583.797 17.4319 135.15 566.365 133.005 111.919 130.325 127.453
internal_count=3632 3200 2776 121 424 378 2655 68 432 2587 422 354 412 402
is_linear=0
shrinkage=0.05


Tree=20
num_leaves=15
num_cat=0
split_feature=1 5 5 4 8 3 5 8 6 5 1 7 3 6
split_gain=313.493 250.142 267.444 331.857 20.1096 10.7775 17.8633 9.82371 26.048 15.3291 1.94702 11.7515 2.24836 0.857645
threshold=19.771531105041507 1.4831829071044924 1.7830509543418886 0.20276797935366633 -6.1134948730468741 -0.032198214903473847 1.8396968841552737 2.9476013183593754 0.0031056664884090428 1.4148662686347964 24.153811454772953 2.2386060953140263 0.0065760305151343354 0.12534286454319957
decision_type=2 2 2 2 2 2 2 2 2 2 2 2 2 2
left_child=1 7 3 4 -3 -4 -7 8 -1 -10 11 12 -2 -12
right_child=10 2 5 -5 -6 6 -8 -9 9 -11 13 -13 -14 -15
leaf_value=-0.046060664209825825 -0.011416139142587522 -0.0014714842192150618 -0.046449203363787626 -0.046093471471752884 0.082667650216400657 0.077934133219763682 -0.046108038822056815 -0.046556922232362394 -0.032412776899950514 0.063570116039106436 -0.046196227197819441 -0.046068951954973771 0.046770554916087767 -0.022984369616296942
leaf_weight=31.76972459256649 2.5934674441814414 7.2777235209941855 74.9263935983181 62.618824377655983 287.42978540062904 4.8295847177505475 6.9590794295072556 92.453246265649796 6.41157437860966 11.48816806077957 229.49196854233742 32.826742053031921 4.3556185662746429 4.3529327213764182
leaf_count=156 11 25 361 308 888 17 33 443 28 39 1125 161 16 21
internal_value=0 0.0207928 0.03927 0.058383 0.0805901 -0.0394657 0.0049377 -0.0369233 -0.0189341 0.0292006 -0.0440153 -0.0335857 0.0252008 -0.0457742
internal_weight=0 586.164 444.041 357.326 294.708 86.7151 11.7887 142.123 49.6695 17.8997 273.621 39.7758 6.94909 233.845
internal_count=3632 2298 1632 1221 913 411 50 666 223 67 1334 188 27 1146
is_linear=0
shrinkage=0.05


Tree=21
num_leaves=3
num_cat=0
split_feature=7 7
split_gain=1382.59 4.00961
threshold=12.534932136535646 5.3550145626068124
decision_type=2 2
left_child=1 -1
right_child=-2 -3
leaf_value=-0.04630471619106169 0.086901905001820268 0.0098322285903808138
leaf_weight=553.16125075519085 301.86499756574631 3.1671251058578482
leaf_count=2696 923 13
internal_value=0 -0.0459834
internal_weight=0 556.328
internal_count=3632 2709
is_linear=0
shrinkage=0.05


Tree=22
num_leaves=3
num_cat=0
split_feature=2 1
split_gain=1345.85 2.72588
threshold=0.28338000178337103 39.18550109863282
decision_type=2 2
left_child=-1 -2
right_child=1 -3
leaf_value=-0.046289593629048956 0.040982502696519957 0.086782197983240425
leaf_weight=562.2325753569603 3.5490140020847312 286.90835040807724
leaf_count=2743 12 877
internal_value=0 0.0862369
internal_weight=0 290.457
internal_count=3632 889
is_linear=0
shrinkage=0.05


Tree=23
num_leaves=15
num_cat=0
split_feature=8 8 6 3 3 7 1 3 0 1 12 3 0 8
split_gain=314.093 401.676 72.1287 51.5286 55.3168 48.3866 43.7381 27.2938 22.212 13.5275 13.3893 11.4936 5.71133 4.05473
threshold=5.2446136474609384 -4.9936599731445304 -0.040272245183587067 0.092461254447698607 -0.065374363213777528 15.066576957702638 17.757554054260257 -0.0048451013863086692 0.65703344345092785 19.771531105041507 -0.0099333524703979475 -0.0087123923003673536 0.23294892162084582 2.1386413574218754
decision_type=2 2 2 2 2 2 2 2 2 2 2 2 2 2
left_child=1 2 -1 4 6 7 -3 -2 11 -6 13 -4 -9 -5
right_child=5 3 8 10 9 -7 -8 12 -10 -11 -12 -13 -14 -15
leaf_value=-0.046070096027591677 -0.036582611419279092 0.056853586371221412 0.085595960934699525 0.024548490379834625 -0.02996793437743478 -0.045914200618667328 -0.043566132651680564 0.086426596608992864 -0.04575513144149948 -0.046009448472064139 -0.0061485048140770861 0.011657577440319805 0.014084816589298631 0.096659127259925454
leaf_weight=12.835378319025038 4.7797783017158499 29.280594483017921 110.64210274815559 2.5362929105758694 298.27319602668285 8.0959395766258222 17.095828384160995 113.71458241343498 3.4404402524232855 236.48556379973888 6.5870787352323523 5.5537227392196646 2.8392343968152991 9.7083220928907377
leaf_count=62 22 104 346 10 1364 39 82 352 16 1143 27 23 11 31
internal_value=0 -0.0124865 0.0662816 -0.0298865 -0.0325265 0.0719773 0.0198216 0.0798749 0.0783638 -0.0370692 0.0513248 0.082075 0.0846779 0.0820423
internal_weight=0 732.439 132.472 599.967 581.135 129.43 46.3764 121.334 119.636 534.759 18.8317 116.196 116.554 12.2446
internal_count=3632 3208 447 2761 2693 424 186 385 385 2507 68 369 363 41
is_linear=0
shrinkage=0.05


Tree=24
num_leaves=15
num_cat=0
split_feature=1 5 5 4 5 8 6 1 6 5 13 5 8 7
split_gain=285.609 218.963 240.007 293.767 28.042 6.32386 19.4608 3.73567 16.2306 4.79656 3.5665 1.72794 1.10524 4.13774
threshold=19.771531105041507 1.4760683774948122 1.8101864457130434 0.20276797935366633 1.7483461499214175 -0.56970977783203114 0.02122847177088261 24.153811454772953 0.059236615896224983 1.7681607007980349 0.97851175069808971 1.8204647898674013 2.9476013183593754 1.9838643670082095
decision_type=2 2 2 2 2 2 2 2 2 2 2 2 2 2
left_child=1 5 3 4 -3 6 -1 8 -2 -10 -8 -4 13 -7
right_child=7 2 11 -5 -6 12 10 -9 9 -11 -12 -13 -14 -15
leaf_value=-0.045685531789017422 -0.044051878393558029 0.077268370811302792 -0.01160263982367539 -0.045454576316169164 0.01860444779828312 0.0053606231032531509 0.097735537356253677 -0.045150913180823336 0.063062992942621382 -0.023827539332233083 0.021186234781111927 -0.045854386204751643 -0.046027353863731392 -0.045851561745180743
leaf_weight=13.694053605198862 31.160081744194031 285.13897894322872 3.9616784900426856 62.925707340240479 22.017368644475937 5.2862022817134884 3.0968281626701346 229.10480146110058 5.2821981608867636 2.1905821114778519 3.0382449328899384 72.965597838163376 84.835220053792 15.213992416858671
leaf_count=70 159 866 17 325 78 21 10 1176 18 10 10 367 423 76
internal_value=0 0.0198423 0.0362084 0.0529108 0.0730707 -0.0385895 -0.0126075 -0.0427163 -0.028199 0.0376135 0.0607742 -0.0441078 -0.043464 -0.032684
internal_weight=0 572.174 447.009 370.082 307.156 125.165 19.8291 267.738 38.6329 7.47278 6.13507 76.9273 105.335 20.5002
internal_count=3626 2263 1653 1269 944 610 90 1363 187 28 20 384 520 97
is_linear=0
shrinkage=0.05


Tree=25
num_leaves=2
num_cat=0
split_feature=4
split_gain=1234.21
threshold=0.20276797935366633
decision_type=2
left_child=-1
right_child=-2
leaf_value=-0.045723350225089804 0.080909545816150091
leaf_weight=533.93146306276321 300.68957242369652
leaf_count=2719 907
internal_value=0
internal_weight=0
internal_count=3626
is_linear=0
shrinkage=0.05


Tree=26
num_leaves=3
num_cat=0
split_feature=0 1
split_gain=1225.23 3.61887
threshold=0.28338000178337103 39.18550109863282
decision_type=2 2
left_child=-1 -2
right_child=1 -3
leaf_value=-0.045705288542721073 0.024551117947243951 0.080677793029230685
leaf_weight=531.03658151626587 3.0074183344840995 301.1383151113987
leaf_count=2708 10 908
internal_value=0 0.0801311
internal_weight=0 304.146
internal_count=3626 918
is_linear=0
shrinkage=0.05


Tree=27
num_leaves=15
num_cat=0
split_feature=5 8 5 4 5 5 4 3 0 8 8 3 7 3
split_gain=411.292 416.895 59.4075 105.77 51.3063 30.4573 24.229 19.5161 16.0716 8.13816 3.47904 2.88677 2.15481 1.39364
threshold=1.7830509543418886 5.2446136474609384 1.4102246165275576 0.20276797935366633 1.5174070000648501 1.7483461499214175 0.40218600630760198 -0.02678742632269859 0.67164587974548351 -6.1134948730468741 -1.152931213378906 0.041357168927788741 3.5077719688415532 0.0081137730740010756
decision_type=2 2 2 2 2 2 2 2 2 2 2 2 2 2
left_child=1 2 3 12 6 9 13 -7 10 -4 -2 -6 -1 -3
right_child=8 4 5 -5 11 7 -8 -9 -10 -11 -12 -13 -14 -15
leaf_value=0.098043194877130424 0.081846836116931748 0.04371508114043586 0.0044160742602219185 -0.045916758993424539 -0.046035169222946953 0.07392100573901271 -0.044618968451531293 -0.030169504040202313 -0.044170061700327112 -0.042248689508106597 0.036884652029782021 0.01595673643554784 0.056309478592046137 0.081575120637410417
leaf_weight=20.88420253992081 133.50410538911819 2.8624647706747046 9.5063027590513212 31.646798953413963 9.3010310977697355 9.4515312016010302 3.9383084774017325 8.4401994347572309 2.5815818458795539 489.84708660840988 4.6870550513267508 2.2927751541137686 4.2014630436897269 108.78124234080315
leaf_count=67 406 10 43 157 45 32 20 37 13 2427 16 10 14 329
internal_value=0 -0.0155867 -0.0337357 0.014813 0.0662869 -0.0390625 0.0763413 0.0249229 0.0780364 -0.0413596 0.0803496 -0.0337441 0.0913048 0.0806444
internal_weight=0 701.153 573.978 56.7325 127.176 517.245 115.582 17.8917 140.773 499.353 138.191 11.5938 25.0857 111.644
internal_count=3626 3191 2777 238 414 2539 359 69 435 2470 422 55 81 339
is_linear=0
shrinkage=0.05


Tree=28
num_leaves=15
num_cat=0
split_feature=1 5 5 4 8 8 7 13 1 6 5 6 5 6
split_gain=261.939 197.982 213.892 257.283 24.8564 6.06497 17.3884 3.82933 3.66655 15.0525 4.11367 2.37978 1.73578 0.825375
threshold=19.771531105041507 1.4760683774948122 1.8101864457130434 0.20276797935366633 -4.7429733276367179 1.8371582031250002 2.2565898895263676 0.97851175069808971 24.153811454772953 0.059236615896224983 1.7681607007980349 0.050445286557078368 1.8204647898674013 0.12534286454319957
decision_type=2 2 2 2 2 2 2 2 2 2 2 2 2 2
left_child=1 5 3 4 -3 6 7 -1 9 -2 -11 -8 -4 -10
right_child=8 2 12 -5 -6 -7 11 -9 13 10 -12 -13 -14 -15
leaf_value=0.083031478478476001 -0.043412243183335114 0.016305885214305062 -0.010643486962365717 -0.044880221146242072 0.072104490960675408 -0.044509803936926468 -0.044928736260682084 0.010501725832848847 -0.045002539740283919 0.058283147208299114 -0.02272843002413379 0.0076134437326629313 -0.04527077504388223 -0.022410556012017642
leaf_weight=3.7407880127429989 29.727316200733185 21.516272127628326 3.8925624638795844 59.939225658774376 288.11744150519371 89.544841840863228 21.051422566175464 3.52131387591362 213.90051481127739 5.3987293541431418 2.1285725980997086 2.3698961436748496 69.63039842247963 4.4252802133560172
leaf_count=12 159 72 17 325 872 464 113 12 1153 18 10 9 367 23
internal_value=0 0.018948 0.0343876 0.049881 0.0682336 -0.0379349 -0.0186648 0.0484829 -0.0420721 -0.0274408 0.035377 -0.0396025 -0.0434544 -0.0445551
internal_weight=0 563.324 443.096 369.573 309.634 120.228 30.6834 7.2621 255.58 37.2546 7.5273 23.4213 73.523 218.326
internal_count=3626 2263 1653 1269 944 610 146 24 1363 187 28 122 384 1176
is_linear=0
shrinkage=0.05


Tree=29
num_leaves=2
num_cat=0
split_feature=4
split_gain=1110.99
threshold=0.20276797935366633
decision_type=2
left_child=-1
right_child=-2
leaf_value=-0.045162642763108836 0.075808073711130686
leaf_weight=509.67726708948612 302.27674126625061
leaf_count=2719 907
internal_value=0
internal_weight=0
internal_count=3626
is_linear=0
shrinkage=0.05


Tree=30
num_leaves=3
num_cat=0
split_feature=0 1
split_gain=1103.12 3.29499
threshold=0.28338000178337103 39.18550109863282
decision_type=2 2
left_child=-1 -2
right_child=1 -3
leaf_value=-0.045145624167936632 0.022446676940160861 0.075621527350743151
leaf_weight=506.89851821959019 3.0450066626071921 302.6180040538311
leaf_count=2708 10 908
internal_value=0 0.0750993
internal_weight=0 305.663
internal_count=3626 918
is_linear=0
shrinkage=0.05


Tree=31
num_leaves=15
num_cat=0
split_feature=5 8 5 7 5 5 7 3 0 8 8 3 8 3
split_gain=364.134 376.524 55.8717 99.1156 44.6607 28.8306 21.102 17.5221 13.9531 8.10412 3.23601 2.83697 2.02696 1.22469
threshold=1.7830509543418886 5.2446136474609384 1.4148662686347964 12.534932136535646 1.5174070000648501 1.7483461499214175 15.066576957702638 -0.02678742632269859 0.67164587974548351 -6.1134948730468741 -1.152931213378906 0.041357168927788741 1.3509292602539065 0.0081137730740010756
decision_type=2 2 2 2 2 2 2 2 2 2 2 2 2 2
left_child=1 2 3 12 6 9 13 -7 10 -4 -2 -6 -1 -3
right_child=8 4 5 -5 11 7 -8 -9 -10 -11 -12 -13 -14 -15
leaf_value=0.04340826156390052 0.076517029236024811 0.041087505943349638 0.0051255016733256402 -0.04533205688765448 -0.04541218301111935 0.068986572438009264 -0.044001898249828697 -0.029557974354448388 -0.043530778696142504 -0.041700842356400931 0.033632045352010434 0.016440884508083682 0.090151632545343724 0.076396026698600086
leaf_weight=2.8875116109848049 134.5584374666214 2.892599180340766 9.4055297523736936 32.353360638022423 8.9009321480989438 9.684995114803316 3.7564624696969977 8.2886388599872571 2.4639400988817206 466.27632693946362 4.7754212021827689 2.2789957970380774 23.370158791542053 109.41027539968491
leaf_count=10 406 10 43 168 45 32 20 37 13 2414 16 10 73 329
internal_value=0 -0.0150798 -0.0329457 0.0131897 0.0624299 -0.0384249 0.0716207 0.0236301 0.0729823 -0.0407741 0.0750724 -0.0327696 0.0851955 0.0755239
internal_weight=0 679.506 552.267 58.611 127.239 493.655 116.059 17.9736 141.798 475.682 139.334 11.1799 26.2577 112.303
internal_count=3626 3191 2777 251 414 2526 359 69 435 2457 422 55 83 339
is_linear=0
shrinkage=0.05


Tree=32
num_leaves=15
num_cat=0
split_feature=1 5 5 4 5 8 6 1 6 3 6 5 8 7
split_gain=240.343 179.343 191.264 226.574 22.966 5.85603 16.2467 3.59467 13.9688 2.35169 2.14664 1.74776 1.05553 3.74566
threshold=19.771531105041507 1.4760683774948122 1.8101864457130434 0.20276797935366633 1.7483461499214175 -0.56970977783203114 0.02122847177088261 24.153811454772953 0.059236615896224983 -0.00070833112113177765 0.06887406483292581 1.8204647898674013 2.9476013183593754 1.9838643670082095
decision_type=2 2 2 2 2 2 2 2 2 2 2 2 2 2
left_child=1 5 3 4 -3 6 -1 8 -2 -10 -8 -4 13 -7
right_child=7 2 11 -5 -6 12 10 -9 9 -11 -12 -13 -14 -15
leaf_value=-0.044684441246601349 -0.042805768735465335 0.06784987769367827 -0.0096699776307137952 -0.044345005066031576 0.015228949335102788 0.0043679042903334896 0.080591627964474319 -0.043997686358578224 -0.0012185478528883014 0.055553847464368956 0.021626998907636242 -0.044726297139780817 -0.04492548380678979 -0.044923398221448599
leaf_weight=12.448770597577097 28.317350149154663 287.7599273622036 3.8232325613498679 57.000629097223282 22.416908338665962 5.2861966341733959 3.2928715050220481 207.71962109208107 2.988044410943985 4.5658151358366004 3.0137530565261841 66.339151114225388 77.307544812560081 13.963616609573362
leaf_count=70 159 866 17 325 78 21 10 1176 13 15 10 367 423 76
internal_value=0 0.0181397 0.0327646 0.0472178 0.064053 -0.0373077 -0.0116654 -0.0414647 -0.0267154 0.0333741 0.0531915 -0.0428325 -0.0422713 -0.0314349
internal_weight=0 552.653 437.34 367.177 310.177 115.313 18.7554 243.591 35.8712 7.55386 6.30662 70.1624 96.5574 19.2498
internal_count=3626 2263 1653 1269 944 610 90 1363 187 28 20 384 520 97
is_linear=0
shrinkage=0.05


Tree=33
num_leaves=2
num_cat=0
split_feature=4
split_gain=1004.21
threshold=0.20276797935366633
decision_type=2
left_child=-1
right_child=-2
leaf_value=-0.044640351006015461 0.071498248779625601
leaf_weight=485.79815065860748 301.59382688999176
leaf_count=2719 907
internal_value=0
internal_weight=0
internal_count=3626
is_linear=0
shrinkage=0.05


Tree=34
num_leaves=3
num_cat=0
split_feature=0 1
split_gain=997.249 3.03633
threshold=0.28338000178337103 39.18550109863282
decision_type=2 2
left_child=-1 -2
right_child=1 -3
leaf_value=-0.044624265106832935 0.020593429472017297 0.071348918261392433
leaf_weight=483.13602609932423 3.0743931531906119 301.84262785315514
leaf_count=2708 10 908
internal_value=0 0.0708441
internal_weight=0 304.917
internal_count=3626 918
is_linear=0
shrinkage=0.05


Tree=35
num_leaves=15
num_cat=0
split_feature=5 5 4 5 3 3 0 5 5 6 3 5 4 3
split_gain=324.135 341.768 132.75 23.1715 22.4704 13.2683 12.2233 12.0158 10.452 3.34818 2.32448 5.31641 1.46195 1.06486
threshold=1.7830509543418886 1.4102246165275576 0.20276797935366633 1.7483461499214175 0.092461254447698607 -0.02678742632269859 0.67164587974548351 1.4489672183990481 1.5174070000648501 0.03813286870718003 -0.027546986937522885 1.8204647898674013 -0.064815785735845552 0.029795663431286815
decision_type=2 2 2 2 2 2 2 2 2 2 2 2 2 2
left_child=1 2 12 4 7 9 10 -3 -6 -5 -2 -12 -1 -7
right_child=6 3 -4 5 8 13 -8 -9 -10 -11 11 -13 -14 -15
leaf_value=0.039874088267532436 0.072841432918245505 -0.0098430383025404512 -0.044719416511210745 0.096031790128379868 0.06891977480690463 -0.009798625071131932 -0.042925333549099637 -0.0406889007822408 -0.025332055292963757 0.035866925928381171 0.012622446582984418 0.075705389963934902 0.073826313222516468 -0.046230507153469186
leaf_weight=3.6426058560609809 125.49056771397591 34.10809688270092 29.620718881487846 3.4319676160812396 7.113450348377226 3.971087768673895 2.3479475229978553 437.35652577877045 4.8966375887393951 7.3625735640525818 5.6267198622226706 8.2894207239150983 121.47631508111954 4.0979331731796265
leaf_count=12 378 164 162 11 25 18 13 2363 24 26 19 25 367 19
internal_value=0 -0.0146037 0.0503467 -0.034617 -0.0367384 0.0196628 0.068736 -0.0384599 0.0306005 0.0557014 0.0706461 0.0504711 0.0728705 -0.0286404
internal_weight=0 657.078 154.74 502.338 483.475 18.8636 141.755 471.465 12.0101 10.7945 139.407 13.9161 125.119 8.06902
internal_count=3626 3191 541 2650 2576 74 435 2527 49 37 422 44 379 37
is_linear=0
shrinkage=0.05


Tree=36
num_leaves=10
num_cat=0
split_feature=7 0 5 5 8 3 0 5 13
split_gain=153.495 248.198 164.461 221.255 30.1236 5.38965 1.37047 1.70161 0.468885
threshold=4.1567366123199472 0.54847639799118053 1.8204647898674013 1.4396952390670779 -4.7429733276367179 0.0039266627281904229 0.077449221163988127 1.6432518959045412 0.98570367693901073
decision_type=2 2 2 2 2 2 2 2 2
left_child=1 2 3 5 -5 -1 -2 -8 -4
right_child=6 -3 8 4 -6 -7 7 -9 -10
leaf_value=0.034471330563713036 -0.044007092726447546 -0.043957391665489294 -0.044247092080555793 0.0046907859863939659 0.062938581974134031 -0.044026180390270564 -0.042934110231177026 0.0088623048657685364 -0.017939900155299747
leaf_weight=2.1935647279024115 156.88721495866776 151.8050606995821 63.717787712812424 23.956300586462021 305.00978398323059 64.094263389706612 3.4180397242307654 2.8341609984636307 1.9293572455644596
leaf_count=9 938 906 370 83 941 360 20 13 11
internal_value=0 0.011474 0.0297368 0.0419089 0.0586995 -0.0413806 -0.0430876 -0.0196846 -0.0435024
internal_weight=0 612.706 460.901 395.254 328.966 66.2878 163.139 6.2522 65.6471
internal_count=3651 2680 1774 1393 1024 369 971 33 381
is_linear=0
shrinkage=0.05


Tree=37
num_leaves=2
num_cat=0
split_feature=4
split_gain=920.543
threshold=0.20276797935366633
decision_type=2
left_child=-1
right_child=-2
leaf_value=-0.044161684707935502 0.067866194767618501
leaf_weight=465.04173332452774 302.60670238733292
leaf_count=2733 918
internal_value=0
internal_weight=0
internal_count=3651
is_linear=0
shrinkage=0.05


Tree=38
num_leaves=4
num_cat=0
split_feature=1 6 1
split_gain=911.163 9.00408 0.315554
threshold=35.923706054687507 -0.040272245183587067 33.872245788574226
decision_type=2 2 2
left_child=2 -2 -1
right_child=1 -3 -4
leaf_value=-0.044189870170892237 -0.041629486651537123 0.067852998011598789 -0.023976623191784428
leaf_weight=460.39888821542263 1.8277885168790806 303.38463431596756 2.3192218691110602
leaf_count=2706 11 921 13
internal_value=0 0.0671839 -0.0440938
internal_weight=0 305.212 462.718
internal_count=3651 932 2719
is_linear=0
shrinkage=0.05


Tree=39
num_leaves=15
num_cat=0
split_feature=5 8 5 4 5 4 5 8 0 8 8 4 13 13
split_gain=289.517 319.004 46.0497 88.4765 44.8459 23.7085 21.388 16.8765 12.2122 10.0347 4.37745 1.84969 1.26754 0.533238
threshold=1.7830509543418886 5.0064468383789071 1.4295701980590823 0.20276797935366633 1.5174070000648501 0.40218600630760198 1.7483461499214175 -2.3966293334960933 0.67164587974548351 -6.1134948730468741 -1.152931213378906 -0.025521330535411831 0.98013290762901317 0.96521848440170299
decision_type=2 2 2 2 2 2 2 2 2 2 2 2 2 2
left_child=1 2 3 11 5 -3 9 -8 10 -4 13 -1 -6 -2
right_child=8 4 6 -5 12 -7 7 -9 -10 -11 -12 -13 -14 -15
leaf_value=0.049239937492665163 0.052923951292784238 0.068605626986064164 0.009874784309289 -0.044360251523040031 -0.044630067239658427 -0.043453700964106834 0.067808948472343297 -0.026864999527005093 -0.042566764783489974 -0.04175429470475446 0.021411490637072192 0.082609948632957758 -0.003497309135189914 0.068666626638750436
leaf_weight=5.8744060546159771 7.5679675638675681 114.70555689930916 9.5944414734840375 35.412147998809814 9.7558558136224729 4.8579235821962348 8.096927687525751 10.967649444937704 2.5718936622142783 414.94839923083782 5.3969675898551932 21.154808893799782 2.3344792127609244 127.68096339702606
leaf_count=19 23 350 46 201 53 28 28 48 15 2356 18 66 12 388
internal_value=0 -0.0145635 -0.0326013 0.00759034 0.0547421 0.0640201 -0.0382591 0.013488 0.0640819 -0.0405855 0.0660609 0.0755657 -0.0367817 0.0678255
internal_weight=0 637.703 506.049 62.4414 131.654 119.563 443.607 19.0646 143.218 424.543 140.646 27.0292 12.0903 135.249
internal_count=3651 3207 2764 286 443 378 2478 76 444 2402 429 85 65 411
is_linear=0
shrinkage=0.05


Tree=40
num_leaves=15
num_cat=0
split_feature=1 5 5 7 8 8 7 11 1 0 11 5 5 10
split_gain=202.085 150.701 153.64 179.707 24.0336 5.53396 11.9115 9.89279 5.12958 16.2239 4.50439 5.13023 1.69298 2.12174
threshold=19.771531105041507 1.4760683774948122 1.815183222293854 5.3550145626068124 -4.7429733276367179 2.9476013183593754 3.6777805089950566 0.013889674562960865 24.153811454772953 0.18513890355825427 -0.017435329034924504 1.5562495589256289 1.82738733291626 0.89602142572402965
decision_type=2 2 2 2 2 2 2 2 2 2 2 2 2 2
left_child=1 5 3 4 -3 6 7 -1 9 -2 -11 -12 13 -4
right_child=8 2 12 -5 -6 -7 -8 -9 -10 10 11 -13 -14 -15
leaf_value=0.077635592727449923 -0.043350288558715012 0.0076834459308980849 -0.043883838789872343 -0.043385408335827935 0.061594100814781366 -0.044071349124051147 -0.043370718587379141 -0.012704072282119356 -0.043000329391145245 -0.026445331328971394 -0.011059450901050427 0.076844155176915396 -0.043706576797849242 0.026837939645370203
leaf_weight=4.376017451286315 25.740320116281509 22.333604604005814 2.1037001758813849 51.329915165901184 283.2168550491333 71.931785643100739 20.819057762622833 9.314986437559126 188.69748567044735 2.5024604648351669 2.3652321994304639 5.2907805740833282 58.897505462169647 1.9517182260751722
leaf_count=14 162 76 11 325 869 432 131 37 1185 12 10 16 362 9
internal_value=0 0.0169415 0.0304131 0.0431164 0.0576574 -0.0361729 -0.0196297 0.0165245 -0.0396997 -0.0222791 0.0310146 0.0498949 -0.0415559 -0.0100214
internal_weight=0 526.275 419.833 356.88 305.55 106.442 34.5101 13.691 224.596 35.8988 10.1585 7.65601 62.9529 4.05542
internal_count=3651 2266 1652 1270 945 614 182 51 1385 200 38 26 382 20
is_linear=0
shrinkage=0.05


Tree=41
num_leaves=2
num_cat=0
split_feature=4
split_gain=837.042
threshold=0.20276797935366633
decision_type=2
left_child=-1
right_child=-2
leaf_value=-0.043704796565958701 0.064683673958633142
leaf_weight=442.00754410028458 298.21208328008652
leaf_count=2733 918
internal_value=0
internal_weight=0
internal_count=3651
is_linear=0
shrinkage=0.05


Tree=42
num_leaves=3
num_cat=0
split_feature=0 1
split_gain=830.987 2.0089
threshold=0.28338000178337103 39.18550109863282
decision_type=2 2
left_child=-1 -2
right_child=1 -3
leaf_value=-0.043689382229569404 0.025017159109396111 0.064582931404963212
leaf_weight=439.85827498137951 3.4118892550468436 297.31969088315964
leaf_count=2724 11 916
internal_value=0 0.0641425
internal_weight=0 300.732
internal_count=3651 927
is_linear=0
shrinkage=0.05


Tree=43
num_leaves=15
num_cat=0
split_feature=5 8 5 4 5 4 5 8 0 8 8 4 13 8
split_gain=259.783 290.751 43.0952 79.2428 40.2909 24.2149 20.6188 15.1969 10.8371 9.77024 4.07026 1.66073 0.526928 0.935629
threshold=1.7830509543418886 5.0064468383789071 1.4295701980590823 0.20276797935366633 1.5512197613716128 0.40218600630760198 1.7483461499214175 -1.519264221191406 0.67164587974548351 -6.1134948730468741 -1.152931213378906 -0.025521330535411831 0.96521848440170299 -7.0063476562499991
decision_type=2 2 2 2 2 2 2 2 2 2 2 2 2 2
left_child=1 2 3 11 5 -3 9 -8 10 -4 12 -1 13 -2
right_child=8 4 6 -5 -6 -7 7 -9 -10 -11 -12 -13 -14 -15
leaf_value=0.045894320071969641 0.065259309096265913 0.065333325063001949 0.0098667531009426351 -0.0438510409948972 -0.044027374870117923 -0.043153343458443093 0.056871346891022037 -0.032331024789790538 -0.042028227990825312 -0.041151404105347261 0.019914740106455504 0.077391955316080618 0.065408604168806936 0.028335889443761243
leaf_weight=5.9026047289371517 4.2655379176139832 114.1463065892458 9.5765901654958707 33.612964734435081 9.9250319153070432 5.3201845437288275 9.6862878650426882 9.2321396917104703 2.4427314251661292 395.3272756934166 5.4191250503063193 21.297229960560799 126.05741399526596 3.2509180605411521
leaf_count=19 13 354 46 201 57 32 34 42 15 2356 18 66 388 10
internal_value=0 -0.0141341 -0.0319122 0.00743867 0.0524267 0.0604701 -0.0375589 0.0133997 0.061007 -0.0399426 0.0628467 0.0707498 0.0645723 0.0498714
internal_weight=0 614.027 484.635 60.8128 129.392 119.466 423.822 18.9184 141.436 404.904 138.993 27.1998 133.574 7.51646
internal_count=3651 3207 2764 286 443 386 2478 76 444 2402 429 85 411 23
is_linear=0
shrinkage=0.05


Tree=44
num_leaves=15
num_cat=0
split_feature=1 5 5 7 8 8 7 3 1 0 5 5 6 3
split_gain=185.66 137.028 138.518 159.242 24.5763 5.34708 11.0306 8.9398 4.95632 15.0577 3.05284 3.93343 0.963347 1.37603
threshold=19.771531105041507 1.4760683774948122 1.8204647898674013 5.3550145626068124 -4.7429733276367179 2.9476013183593754 3.6777805089950566 0.013889674562960865 24.153811454772953 0.18513890355825427 1.7681607007980349 1.5562495589256289 0.12534286454319957 0.027651160955429081
decision_type=2 2 2 2 2 2 2 2 2 2 2 2 2 2
left_child=1 5 3 4 -3 6 7 -1 9 -2 11 -11 -10 -14
right_child=8 2 -4 -5 -6 -7 -8 -9 12 10 -12 -13 13 -15
leaf_value=0.073142616161127647 -0.042910064840449569 0.0048967753882411379 -0.042460919067226849 -0.042953463464115389 0.058550935426451081 -0.043626320211062775 -0.042936021028621853 -0.012656202592914868 -0.043081571106291343 -0.010486622434099075 -0.022323749608797131 0.06634083396194515 -0.041544855373614069 0.018539987881808277
leaf_weight=4.4064351171255103 24.372270256280899 23.121967732906342 57.795239999890327 48.600628107786179 280.26780189573765 68.265051156282425 19.731519475579262 9.2346910685300809 175.02670310437679 2.3246196806430799 2.1599929332733154 5.5683163106441498 2.1983277201652522 1.5502621233463285
leaf_count=14 162 80 373 325 874 432 131 37 1162 10 11 17 14 9
internal_value=0 0.0163371 0.0292261 0.0410055 0.0544648 -0.0356066 -0.0191206 0.0153896 -0.0391915 -0.0217216 0.0295642 0.0438656 -0.0425415 -0.0168602
internal_weight=0 511.423 409.786 351.99 303.39 101.638 33.3726 13.6411 213.2 34.4252 10.0529 7.89294 178.775 3.74859
internal_count=3651 2266 1652 1279 954 614 182 51 1385 200 38 27 1185 23
is_linear=0
shrinkage=0.05


Tree=45
num_leaves=2
num_cat=0
split_feature=4
split_gain=762.991
threshold=0.20276797935366633
decision_type=2
left_child=-1
right_child=-2
leaf_value=-0.043280548042605345 0.061923339283832847
leaf_weight=419.53230945765972 292.35643482208252
leaf_count=2733 918
internal_value=0
internal_weight=0
internal_count=3651
is_linear=0
shrinkage=0.05


Tree=46
num_leaves=3
num_cat=0
split_feature=0 1
split_gain=757.533 1.95951
threshold=0.28338000178337103 39.18550109863282
decision_type=2 2
left_child=-1 -2
right_child=1 -3
leaf_value=-0.043265687106222445 0.022985624519162074 0.061848103223146794
leaf_weight=417.47630262374878 3.4355081915855399 291.44055497646332
leaf_count=2724 11 916
internal_value=0 0.0614033
internal_weight=0 294.876
internal_count=3651 927
is_linear=0
shrinkage=0.05


Tree=47
num_leaves=15
num_cat=0
split_feature=5 8 5 4 5 4 5 8 8 8 5 13 4 13
split_gain=233.784 264.894 40.3622 71.4325 36.1761 21.6223 19.8896 13.7647 9.52523 7.31282 10.6245 1.58791 1.51159 1.00842
threshold=1.7830509543418886 5.0064468383789071 1.4295701980590823 0.20276797935366633 1.5512197613716128 0.40218600630760198 1.7483461499214175 -1.519264221191406 -6.1134948730468741 -1.152931213378906 1.82738733291626 0.96323886513710033 -0.025521330535411831 0.98586946725845348
decision_type=2 2 2 2 2 2 2 2 2 2 2 2 2 2
left_child=1 2 3 12 5 -3 8 -8 -4 11 -11 -2 -1 -13
right_child=9 4 6 -5 -6 -7 7 -9 -10 10 -12 13 -14 -15
leaf_value=0.043092592534921342 0.025872999262697507 0.062494232231828886 0.009893010875374364 -0.04337728374707138 -0.043518016136199038 -0.042657032493625492 0.05402732834838983 -0.031297329341895941 -0.040572147426164461 -0.048618192191742821 0.07643037388445334 0.062526691213020028 0.07310749247137531 0.033037899990424759
leaf_weight=5.9040133059024837 3.354301005601882 112.10353015363216 9.5525821149349195 31.858779326081276 9.4277388751506788 5.0448189675807944 9.8016541600227374 8.9528115242719633 376.13234095275402 3.71581146121025 2.962393194437027 125.63063561916351 21.283352538943291 3.3289085626602164
leaf_count=19 12 354 46 201 57 32 34 42 2356 17 9 394 66 12
internal_value=0 -0.0137314 -0.0312385 0.00736695 0.0503487 0.0579335 -0.0368751 0.013346 -0.03932 0.0583263 0.00716148 0.0609013 0.0667713 0.0617917
internal_weight=0 590.062 463.486 59.0461 126.576 117.148 404.439 18.7545 385.685 138.992 6.6782 132.314 27.1874 128.96
internal_count=3651 3207 2764 286 443 386 2478 76 2402 444 26 418 85 406
is_linear=0
shrinkage=0.05


Tree=48
num_leaves=15
num_cat=0
split_feature=1 5 5 4 3 8 4 1 4 5 5 8 7 5
split_gain=177.506 128.216 136.28 119.97 15.9873 14.1104 23.3242 4.08317 12.156 5.18626 2.2467 2.14779 7.4238 1.98687
threshold=19.771531105041507 1.503061890602112 1.8101864457130434 0.20276797935366633 -0.071756824851036058 -0.56970977783203114 0.20276797935366633 24.153811454772953 0.50244632363319408 1.7767128348350527 1.8204647898674013 2.9476013183593754 1.9838643670082095 1.578027129173279
decision_type=2 2 2 2 2 2 2 2 2 2 2 2 2 2
left_child=1 5 3 4 -3 6 -1 8 9 13 -4 12 -7 -2
right_child=7 2 10 -5 -6 11 -8 -9 -10 -11 -12 -13 -14 -15
leaf_value=0.055029348028199081 0.010630291042397544 0.0046733104225677004 -0.0054581691374357396 -0.042526488271363745 0.056050776517146475 0.012737542065904143 -0.042322889597036985 -0.04212247731742428 -0.042494653492130829 -0.042482198611431626 -0.042918355246575252 -0.042930439925520404 -0.044580275605747795 0.065165980353151368
leaf_weight=11.710952743887903 2.6809783875942248 16.040071472525597 4.3543492406606665 36.756238222122192 276.04645921289921 8.3764645904302615 12.743208035826681 172.98528410494328 22.199059501290321 2.0970525443553925 54.317642033100128 68.340024411678314 17.01819796860218 4.536133348941803
leaf_count=37 11 54 19 260 876 31 90 1212 156 12 369 450 110 14
internal_value=0 0.0160923 0.0299949 0.0425189 0.0532319 -0.0294782 0.00433276 -0.0391011 -0.0224351 0.0253177 -0.0401523 -0.0382942 -0.0256981 0.0453295
internal_weight=0 505.704 387.515 328.843 292.087 118.189 24.4542 204.499 31.5132 9.31416 58.672 93.7347 25.3947 7.21711
internal_count=3701 2296 1578 1190 930 718 127 1405 193 37 388 591 141 25
is_linear=0
shrinkage=0.05


Tree=49
num_leaves=2
num_cat=0
split_feature=4
split_gain=704.32
threshold=0.20276797935366633
decision_type=2
left_child=-1
right_child=-2
leaf_value=-0.042893117334967389 0.059495655589768805
leaf_weight=404.45246645063162 287.09666320681572
leaf_count=2777 924
internal_value=0
internal_weight=0
internal_count=3701
is_linear=0
shrinkage=0.05


Tree=50
num_leaves=3
num_cat=0
split_feature=2 2
split_gain=701.182 1.24673
threshold=0.28338000178337103 0.54847639799118053
decision_type=2 2
left_child=-1 -2
right_child=1 -3
leaf_value=-0.042880182024433423 0.030496631615043419 0.05946614446390458
leaf_weight=402.23395431041718 4.0899382233619681 286.19837611913681
leaf_count=2766 13 922
internal_value=0 0.0590686
internal_weight=0 290.288
internal_count=3701 935
is_linear=0
shrinkage=0.05


Tree=51
num_leaves=15
num_cat=0
split_feature=5 5 4 8 5 8 8 8 5 7 8 13 8 0
split_gain=210.334 244.752 108.771 22.3276 16.5713 13.1328 8.33952 6.21605 10.7725 5.13407 3.77956 1.42434 0.512843 0.338445
threshold=1.7830509543418886 1.4295701980590823 0.20276797935366633 6.8807601928710946 1.7483461499214175 -1.2680816650390623 -6.1134948730468741 -1.152931213378906 1.82738733291626 4.6716187000274667 0.96942901611328136 0.96323886513710033 5.2446136474609384 0.23294892162084582
decision_type=2 2 2 2 2 2 2 2 2 2 2 2 2 2
left_child=1 2 10 4 6 -6 -3 11 -9 -5 -1 -2 -12 -13
right_child=7 3 -4 9 5 -7 -8 8 -10 -11 12 13 -14 -15
leaf_value=0.0032365618766962592 0.02555644767066478 0.0085212769711914983 -0.042920800735809221 0.074664732913648099 0.042941446802453737 -0.040236531457361682 -0.03819587453240917 -0.048268013344023357 0.07151705418202603 -0.023185600717881904 0.067957330869167235 0.060225451224427753 0.059273895348900874 0.043432790570816067
leaf_weight=2.880586400628089 3.3469577580690375 9.7663823664188367 31.998256087303162 5.7202338278293601 11.873277187347414 7.7651800513267508 378.08262252807617 3.689052239060401 3.6227685511112213 1.6896490156650541 28.261861503124237 120.83862522244453 97.570072889328003 4.3182854503393164
leaf_count=10 12 47 214 18 42 39 2476 17 11 10 88 387 315 15
internal_value=0 -0.0128912 0.039479 -0.0331814 -0.034749 0.0100151 -0.0370176 0.0562623 0.0112457 0.0523406 0.0599812 0.058813 0.0612766 0.0596812
internal_weight=0 575.608 160.711 414.897 407.487 19.6385 387.849 135.816 7.31182 7.40988 128.713 128.504 125.832 125.157
internal_count=3701 3259 627 2632 2604 81 2523 442 28 28 413 414 403 402
is_linear=0
shrinkage=0.05


Tree=52
num_leaves=15
num_cat=0
split_feature=1 7 8 8 11 11 11 1 0 8 11 6 0 8
split_gain=163.008 108.173 76.7222 97.6933 20.0864 14.6283 10.2707 3.94193 11.2885 2.02821 1.62802 1.39863 1.38044 1.97401
threshold=19.771531105041507 4.1567366123199472 5.2446136474609384 -4.6619644165039054 -0.030044864863157269 -0.068993955850601182 -0.0020960178226232524 24.153811454772953 0.18513890355825427 -3.6671524047851558 0.048964161425828941 0.065237961709499373 0.077449221163988127 4.8433380126953134
decision_type=2 2 2 2 2 2 2 2 2 2 2 2 2 2
left_child=1 2 3 4 -1 -5 -4 8 -2 -10 -8 -11 -3 -14
right_child=7 12 6 5 -6 -7 10 -9 9 11 -12 -13 13 -15
leaf_value=-0.038743362031443004 -0.042110664314346784 -0.042478358812259268 0.0413415224374633 0.0015579211583007279 0.029087858679070634 0.047757911191596003 -0.017646983216584831 -0.041715915951066246 -0.0086462759760223135 0.012708419666749375 -0.043718426205793942 0.061335586931885559 0.025349196704222195 -0.040840396851764132
leaf_weight=48.617522150278091 20.961955949664119 68.209251880645752 4.2051455378532401 18.232924431562424 13.984897762537001 285.86465653777122 7.3141886889934531 163.4440903365612 3.0979330986738205 2.6546481698751432 38.441283568739891 3.4316585808992386 1.8487352430820454 2.5919560790061951
leaf_count=316 156 508 14 84 54 980 42 1212 15 11 271 11 8 19
internal_value=0 0.0155449 0.0253624 0.033282 -0.0235682 0.0449893 -0.0327168 -0.038646 -0.0219188 0.024124 -0.0395984 0.0406743 -0.0407176 -0.0133331
internal_weight=0 489.311 416.661 366.7 62.6024 304.098 49.9606 193.59 30.1462 9.18424 45.7555 6.08631 72.6499 4.44069
internal_count=3701 2296 1761 1434 370 1064 327 1405 193 37 313 22 535 27
is_linear=0
shrinkage=0.05


Tree=53
num_leaves=2
num_cat=0
split_feature=4
split_gain=644.943
threshold=0.20276797935366633
decision_type=2
left_child=-1
right_child=-2
leaf_value=-0.042526885209381235 0.057393325948164299
leaf_weight=383.09145771712065 279.03115653991699
leaf_count=2777 924
internal_value=0
internal_weight=0
internal_count=3701
is_linear=0
shrinkage=0.05


Tree=54
num_leaves=3
num_cat=0
split_feature=0 0
split_gain=642.089 1.26575
threshold=0.28338000178337103 0.54847639799118053
decision_type=2 2
left_child=-1 -2
right_child=1 -3
leaf_value=-0.042514494084284739 0.028254154249798897 0.057382429265832459
leaf_weight=380.97771008312702 4.0736496448516837 278.17364570498466
leaf_count=2766 13 922
internal_value=0 0.0569722
internal_weight=0 282.247
internal_count=3701 935
is_linear=0
shrinkage=0.05


Tree=55
num_leaves=15
num_cat=0
split_feature=5 5 4 8 5 8 3 3 5 6 10 8 8 0
split_gain=189.885 223.481 98.0664 20.6837 16.0585 12.1295 8.38937 5.7106 8.04213 4.63497 3.47271 3.45275 0.354501 0.241156
threshold=1.7830509543418886 1.4295701980590823 0.20276797935366633 6.8807601928710946 1.7483461499214175 -1.2680816650390623 0.1149558760225773 -0.027546986937522885 1.8396968841552737 -1.0000000180025095e-35 0.99654817581176769 0.96942901611328136 5.2446136474609384 0.23294892162084582
decision_type=2 2 2 2 2 2 2 2 2 2 2 2 2 2
left_child=1 2 11 4 6 -6 -3 13 10 -5 -9 -1 -13 -2
right_child=7 3 -4 9 5 -7 -8 8 -10 -11 -12 12 -14 -15
leaf_value=0.0032852637081185417 0.058471994912817064 -0.03684678477448515 -0.042512655740110095 -0.022733710202793533 0.041398229235444069 -0.039416796498966414 0.078268373383536066 0.026562557827512212 0.059884478687122648 0.071610248853213807 -0.040938743087524022 0.064714528037865718 0.057165336359266808 0.043948095553396536
leaf_weight=2.8643843382596961 112.2427499294281 367.92346587777138 30.244690909981728 1.6294829547405241 11.936147794127466 7.4631436169147483 1.499616116285323 3.2946501374244681 8.08398589491844 5.6600490212440482 4.2581801265478134 27.937853276729584 94.748888462781906 4.5319054871797553
leaf_count=10 369 2516 214 10 42 39 7 11 26 18 19 88 315 17
internal_value=0 -0.0125102 0.0382065 -0.0324623 -0.0340302 0.010265 -0.0363584 0.0541411 0.0255354 0.0504986 -0.0115314 0.0576697 0.0589357 0.0579464
internal_weight=0 551.908 155.796 396.112 388.822 19.3993 369.423 132.411 15.6368 7.28953 7.55283 125.551 122.687 116.775
internal_count=3701 3259 627 2632 2604 81 2523 442 56 28 30 413 403 386
is_linear=0
shrinkage=0.05


Tree=56
num_leaves=15
num_cat=0
split_feature=1 5 5 4 8 8 6 1 2 5 5 5 4 7
split_gain=149.467 109.095 108.549 115.57 14.1671 5.05917 12.053 3.82374 10.4914 4.38912 2.12804 1.68641 1.25275 1.3871
threshold=19.771531105041507 1.4760683774948122 1.8101864457130434 0.20276797935366633 -4.7429733276367179 -0.56970977783203114 0.019161629490554336 24.153811454772953 0.18513890355825427 1.7767128348350527 1.8204647898674013 1.578027129173279 -0.071188647300004945 3.28652036190033
decision_type=2 2 2 2 2 2 2 2 2 2 2 2 2 2
left_child=1 5 3 4 -3 6 -1 8 -2 11 -4 -10 13 -9
right_child=7 2 10 -5 -6 -7 -8 12 9 -11 -12 -13 -14 -15
leaf_value=-0.043122355387109595 -0.041753284677915184 0.0081897644042824777 -0.0053416392983589196 -0.041821799648598147 0.051409894939231815 -0.039444558514392963 0.049758661302188159 -0.039639389280915621 0.0087727799319891452 -0.041780385440923336 -0.042288408704070857 0.059376208753069259 -0.041961255510164081 0.027054626723797617
leaf_weight=8.9183008894324285 19.772959023714069 20.439885124564171 4.2651087343692771 40.400600589811802 269.47949375212193 76.269781023263931 5.6024305224418631 1.56686583161354 2.6272290647029859 1.9641711413860319 49.285120606422424 4.4950934648513794 151.31405436992645 1.3703767806291578
leaf_count=69 156 69 19 321 895 536 18 12 11 12 369 14 1191 9
internal_value=0 0.0149638 0.0266211 0.0373266 0.0483667 -0.0342997 -0.00719151 -0.0382022 -0.021383 0.0229166 -0.0393612 0.0410899 -0.0413331 -0.00865688
internal_weight=0 474.661 383.87 330.32 289.919 90.7905 14.5207 183.111 28.8595 9.08649 53.5502 7.12232 154.251 2.93724
internal_count=3701 2296 1673 1285 964 623 87 1405 193 37 388 25 1212 21
is_linear=0
shrinkage=0.05


Tree=57
num_leaves=2
num_cat=0
split_feature=4
split_gain=591.649
threshold=0.20276797935366633
decision_type=2
left_child=-1
right_child=-2
leaf_value=-0.042188213647987444 0.055530835639650278
leaf_weight=362.75767800956964 270.17312169075012
leaf_count=2777 924
internal_value=0
internal_weight=0
internal_count=3701
is_linear=0
shrinkage=0.05


Tree=58
num_leaves=3
num_cat=0
split_feature=0 0
split_gain=589.247 1.3063
threshold=0.28338000178337103 0.54847639799118053
decision_type=2 2
left_child=-1 -2
right_child=1 -3
leaf_value=-0.042176506905167804 0.026012274696996858 0.055549002122577046
leaf_weight=360.76128967106342 4.0545166730880728 269.428979575634
leaf_count=2766 13 922
internal_value=0 0.0551208
internal_weight=0 273.483
internal_count=3701 935
is_linear=0
shrinkage=0.05


Tree=59
num_leaves=15
num_cat=0
split_feature=5 5 4 5 3 5 3 3 5 5 6 10 3 4
split_gain=172.739 205.57 89.0112 14.2603 17.21 14.1449 11.1736 5.17129 7.39641 3.91502 3.27005 3.2632 1.51297 0.968537
threshold=1.7830509543418886 1.4295701980590823 0.20276797935366633 1.7483461499214175 0.075256917625665679 1.5365313291549685 -0.02678742632269859 -0.027546986937522885 1.8396968841552737 1.4680769443511965 0.03813286870718003 0.99654817581176769 0.0039266627281904229 -0.021945687942206856
decision_type=2 2 2 2 2 2 2 2 2 2 2 2 2 2
left_child=1 2 12 4 9 -6 10 -2 11 -3 -5 -9 -1 -8
right_child=7 3 -4 6 5 -7 13 8 -10 -11 -12 -13 -14 -15
leaf_value=0.021066969120600455 0.056104179965038282 -0.019075960244839239 -0.042132513864433348 0.08424747674424439 0.060766550485576512 -0.030861090346432963 0.00031184472419473644 0.025827398973176697 0.058263053390736591 -0.038101588280432849 0.024627795311255484 -0.039967432434265343 0.05673060048754891 -0.03913743186067014
leaf_weight=3.2080052345991126 113.44403298199177 29.937344431877136 28.550936609506607 3.5040601789951342 8.4167207926511782 8.244360998272894 1.9939926117658613 3.3015983998775464 7.9260473251342773 312.77151001989841 6.7207888960838318 4.138910710811615 118.94099789857864 6.9561360627412778
leaf_count=11 386 197 214 11 36 56 9 11 26 2262 25 19 402 36
internal_value=0 -0.0121319 0.0372402 -0.0317917 -0.0340331 0.0155131 0.0101742 0.0524112 0.0249608 -0.0364457 0.0456776 -0.0108168 0.055812 -0.0304422
internal_weight=0 529.245 150.7 378.545 359.37 16.6611 19.175 128.811 15.3666 342.709 10.2248 7.44051 122.149 8.95013
internal_count=3701 3259 627 2632 2551 92 81 442 56 2459 36 30 413 45
is_linear=0
shrinkage=0.05


Tree=60
num_leaves=15
num_cat=0
split_feature=1 5 5 4 8 8 6 4 0 3 7 8 6 1
split_gain=132.036 99.8337 102.731 95.6034 14.8903 13.9814 19.9162 3.10444 3.95144 1.97917 7.90285 1.76033 1.12117 0.963595
threshold=20.639951705932621 1.503061890602112 1.8101864457130434 0.20276797935366633 -4.7429733276367179 -0.56970977783203114 0.019161629490554336 -0.071188647300004945 0.74498677253723156 0.022229869849979881 2.0046691894531254 0.75649261474609386 0.071178127080202117 24.153811454772953
decision_type=2 2 2 2 2 2 2 2 2 2 2 2 2 2
left_child=1 5 3 4 -3 6 -1 8 -2 10 -7 -4 -8 -9
right_child=7 2 11 -5 -6 9 12 13 -10 -11 -12 -13 -14 -15
leaf_value=-0.037912663191754431 0.0501368855833964 0.0072143180968775302 -0.041234786559239789 -0.041491552638656976 0.050723766661725171 0.022254753253424492 0.062612418906545328 -0.028975625579298572 -0.040367236347112041 -0.042729347233505216 -0.043376425660073131 0.017495001691727682 0.025775944623960156 -0.04163863553458555
leaf_weight=12.572082005441191 2.1297875866293898 21.387863487005234 49.03292128443718 34.073687769472599 249.12363108992577 6.2735114842653301 8.3120205998420698 18.035965882241726 2.5268822237849236 61.406340390443802 16.449956804513931 1.2581177204847325 3.0123831927776328 137.94515950977802
leaf_count=101 10 73 380 287 852 25 27 133 20 458 128 5 10 1152
internal_value=0 0.0136042 0.0264143 0.0373456 0.0472876 -0.0284637 0.00527116 -0.0389937 0.0012098 -0.0380407 -0.0252388 -0.0397338 0.053125 -0.0401939
internal_weight=0 462.903 354.876 304.585 270.511 108.026 23.8965 160.638 4.65667 84.1298 22.7235 50.291 11.3244 155.981
internal_count=3661 2346 1597 1212 925 749 138 1315 30 611 153 385 37 1285
is_linear=0
shrinkage=0.05


Tree=61
num_leaves=2
num_cat=0
split_feature=4
split_gain=541.091
threshold=0.20276797935366633
decision_type=2
left_child=-1
right_child=-2
leaf_value=-0.041876057790166031 0.053907587994968413
leaf_weight=337.87876789271832 261.44337293505669
leaf_count=2735 926
internal_value=0
internal_weight=0
internal_count=3661
is_linear=0
shrinkage=0.05


Tree=62
num_leaves=4
num_cat=0
split_feature=1 6 0
split_gain=533.885 4.24019 0.0810703
threshold=35.923706054687507 -0.040272245183587067 0.28338000178337103
decision_type=2 2 2
left_child=2 -2 -1
right_child=1 -3 -4
leaf_value=-0.041862033316848443 -0.038345124034626622 0.054043382457770919 -0.057305255995507266
leaf_weight=338.06715101003647 1.1819571778178204 255.38149267435074 1.4948607385158528
leaf_count=2742 10 904 5
internal_value=0 0.053603 -0.0419469
internal_weight=0 256.563 339.562
internal_count=3661 914 2747
is_linear=0
shrinkage=0.05


Tree=63
num_leaves=15
num_cat=0
split_feature=5 5 4 8 8 5 4 5 8 12 3 8 1 12
split_gain=157.36 193.914 80.0864 18.3825 12.907 12.5764 11.3423 9.85708 8.96865 10.8694 6.68353 3.16112 1.11954 0.343628
threshold=1.7681607007980349 1.4295701980590823 0.20276797935366633 5.1415863037109384 -1.2680816650390623 1.5512197613716128 0.042956119403243072 1.82738733291626 -4.8460083007812491 -0.013657867908477781 0.1149558760225773 0.96942901611328136 23.337903022766117 -0.050231665372848504
decision_type=2 2 2 2 2 2 2 2 2 2 2 2 2 2
left_child=1 2 11 8 12 6 -5 -6 9 -3 -10 -1 13 -2
right_child=4 3 -4 5 7 -7 -8 -9 10 -11 -12 -13 -14 -15
leaf_value=0.0018768897820053377 0.049028800544861868 -0.024812327055708096 -0.04177941228616374 0.069923199104382425 -0.039032129585368905 -0.041951654796266502 -0.032749820177414637 0.062747381464226315 -0.038067870360787188 0.056093206366978225 0.055549846406989248 0.055269209852863793 0.019085158769079347 0.056220118696955972
leaf_weight=2.8476152271032324 29.640513062477112 16.132999822497371 26.68307489156723 9.71098241209984 6.8571077436208707 6.6032521948218337 3.6373641639947882 3.51530522108078 304.05964862555265 5.478231966495513 1.8347283005714405 115.53697291016579 2.4171185195446006 89.767910212278366
leaf_count=10 105 95 212 32 37 48 25 11 2323 28 9 404 11 311
internal_value=0 -0.0121817 0.036356 -0.0324514 0.0492363 0.0140839 0.0419098 -0.00426834 -0.0352897 -0.00413968 -0.0374884 0.0539876 0.0537916 0.0544776
internal_weight=0 492.525 145.068 347.457 132.198 19.9516 13.3483 10.3724 327.506 21.6112 305.894 118.385 121.826 119.408
internal_count=3661 3186 626 2560 475 105 57 48 2455 123 2332 414 427 416
is_linear=0
shrinkage=0.05


Tree=64
num_leaves=15
num_cat=0
split_feature=1 5 5 4 5 8 6 4 0 3 7 8 1 0
split_gain=121.385 91.1406 93.1201 86.1836 14.6456 13.0811 18.0917 3.00486 3.57559 1.93258 7.4173 1.67774 0.985312 4.7527
threshold=20.639951705932621 1.503061890602112 1.8101864457130434 0.20276797935366633 1.7515664696693423 -0.56970977783203114 -0.0055199856869876376 -0.071188647300004945 0.74498677253723156 0.022229869849979881 2.0046691894531254 0.75649261474609386 24.153811454772953 0.21384600549936297
decision_type=2 2 2 2 2 2 2 2 2 2 2 2 2 2
left_child=1 5 3 4 -3 6 -1 8 -2 10 -7 -4 13 -9
right_child=7 2 11 -5 -6 9 -8 12 -10 -11 -12 -13 -14 -15
leaf_value=-0.040967598051141529 0.047009095771871352 0.049122225384306932 -0.04083281210396994 -0.041188711221138541 0.0066013253484151673 0.021144494723849765 0.047399427808710572 -0.041562954949814185 -0.039968826674788793 -0.042392833202735923 -0.043104602090732719 0.016657831052053883 -0.041335653539262912 0.022689387741993458
leaf_weight=11.004318699240686 2.1548617333173743 240.35915452241898 46.26506794989109 32.074496120214462 22.149969860911369 6.2307346835732487 12.009046047925947 13.728465221822264 2.3825836554169655 58.086854726076126 15.543274343013762 1.2540365308523167 129.822230912745 3.5652486979961386
leaf_count=98 10 848 380 287 77 25 40 118 20 458 128 5 1152 15
internal_value=0 0.0131995 0.0256073 0.0360846 0.0455383 -0.0280468 0.00515047 -0.0385839 0.00146051 -0.0376077 -0.0247068 -0.0392838 -0.0398191 -0.0282625
internal_weight=0 444.977 342.103 294.584 262.509 102.874 23.0134 151.653 4.53745 79.8609 21.774 47.5191 147.116 17.2937
internal_count=3661 2346 1597 1212 925 749 138 1315 30 611 153 385 1285 133
is_linear=0
shrinkage=0.05


Tree=65
num_leaves=2
num_cat=0
split_feature=4
split_gain=497.599
threshold=0.20276797935366633
decision_type=2
left_child=-1
right_child=-2
leaf_value=-0.041582502558317407 0.052440158468303778
leaf_weight=319.06886141747236 251.58654913306236
leaf_count=2735 926
internal_value=0
internal_weight=0
internal_count=3661
is_linear=0
shrinkage=0.05


Tree=66
num_leaves=4
num_cat=0
split_feature=1 6 0
split_gain=491.196 3.85229 0.0618436
threshold=35.923706054687507 -0.040272245183587067 0.28338000178337103
decision_type=2 2 2
left_child=2 -2 -1
right_child=1 -3 -4
leaf_value=-0.041568848739311506 -0.03790886268647084 0.052574042693841895 -0.056059122807575669
leaf_weight=319.22293404489756 1.115505464375018 245.81617707014084 1.4700616002082814
leaf_count=2742 10 904 5
internal_value=0 0.0521501 -0.0416527
internal_weight=0 246.932 320.693
internal_count=3661 914 2747
is_linear=0
shrinkage=0.05


Tree=67
num_leaves=15
num_cat=0
split_feature=5 5 4 8 8 5 4 5 8 3 3 8 2 7
split_gain=143.072 177.316 72.6987 17.3067 11.734 11.5706 10.1862 9.00703 8.77255 10.4084 6.27853 2.40361 1.45274 0.330423
threshold=1.7681607007980349 1.4295701980590823 0.20276797935366633 5.1415863037109384 -1.2680816650390623 1.5512197613716128 0.042956119403243072 1.82738733291626 -4.8460083007812491 -0.036456407979130738 0.1149558760225773 1.089042663574219 0.24384987354278567 2.3604911565780644
decision_type=2 2 2 2 2 2 2 2 2 2 2 2 2 2
left_child=1 2 11 8 12 6 -5 13 9 -3 -10 -1 -2 -6
right_child=4 3 -4 5 7 -7 -8 -9 10 -11 -12 -13 -14 -15
leaf_value=0.0090080383740283078 0.053227432242576513 0.045101977476641436 -0.041448518369766985 0.067000069357320294 -0.045862049077390714 -0.04156318809864129 -0.032040393344287044 0.060353019787118989 -0.037527909325805492 -0.028463842136250118 0.052290626564241355 0.053584971107302093 0.021446111681647964 -0.020244001301164612
leaf_weight=3.1544590443372718 113.87703430652618 7.1543165296316173 25.1271738037467 9.6138871312141436 4.5120675116777402 6.2384422346949568 3.4742812961339942 3.4473563134670258 288.08693859726191 14.160421170294283 1.8760104030370701 111.04736435413361 3.9008506536483756 2.0748865902423859
leaf_count=11 411 36 212 32 25 48 25 11 2323 87 9 403 16 12
internal_value=0 -0.0118674 0.0354267 -0.0318036 0.0477754 0.0140459 0.040666 -0.00409042 -0.0346539 -0.00367608 -0.036929 0.0523626 0.0521939 -0.0382158
internal_weight=0 469.933 139.329 330.604 127.812 19.3266 13.0882 10.0343 311.278 21.3147 289.963 114.202 117.778 6.58695
internal_count=3661 3186 626 2560 475 105 57 48 2455 123 2332 414 427 37
is_linear=0
shrinkage=0.05


Tree=68
num_leaves=15
num_cat=0
split_feature=1 5 5 4 8 8 6 4 1 3 7 3 12 1
split_gain=111.657 83.3007 84.5144 77.8198 13.9869 12.222 16.5627 2.46184 4.07014 1.88855 6.96823 1.72018 1.2286 0.971127
threshold=20.639951705932621 1.503061890602112 1.8101864457130434 0.20276797935366633 -4.7429733276367179 -0.56970977783203114 0.019161629490554336 -0.064815785735845552 47.163167953491218 0.022229869849979881 2.0046691894531254 0.01770875416696072 -0.063815027475357042 24.153811454772953
decision_type=2 2 2 2 2 2 2 2 2 2 2 2 2 2
left_child=1 5 3 4 -3 6 -1 8 -2 10 -7 -4 -8 -9
right_child=7 2 11 -5 -6 9 12 13 -10 -11 -12 -13 -14 -15
leaf_value=-0.037324936157293327 0.04906174560207862 0.0049069020050261898 -0.040493350457216609 -0.040905950624012477 0.047469234247548252 0.020119475368027162 0.020252191240680405 -0.027739814596088038 -0.03997535702711192 -0.042081318197254393 -0.042857609810606295 0.018476198936690561 0.059051362318350953 -0.041055009829232686
leaf_weight=11.2459584325552 2.0516234114766112 21.071738004684448 43.6431505382061 30.159317404031754 233.01207785308361 6.1806398108601597 2.9258982539176941 16.459461808204651 3.0826352685689926 54.906600669026375 14.673085764050482 1.2185817211866368 7.9280450940132123 121.34598604589701
leaf_count=101 9 73 379 287 852 25 10 133 28 458 128 6 27 1145
internal_value=0 0.0128204 0.0248624 0.0349288 0.0439428 -0.0276609 0.0050388 -0.0382201 -0.004139 -0.0371937 -0.0241855 -0.038854 0.0488726 -0.0394859
internal_weight=0 426.965 329.105 284.243 254.084 97.8602 22.0999 142.94 5.13426 75.7603 20.8537 44.8617 10.8539 137.805
internal_count=3661 2346 1597 1212 925 749 138 1315 37 611 153 385 37 1278
is_linear=0
shrinkage=0.05


Tree=69
num_leaves=2
num_cat=0
split_feature=4
split_gain=457.937
threshold=0.20276797935366633
decision_type=2
left_child=-1
right_child=-2
leaf_value=-0.041307888078941445 0.051121687460538835
leaf_weight=300.99156630784273 241.38135010004044
leaf_count=2735 926
internal_value=0
internal_weight=0
internal_count=3661
is_linear=0
shrinkage=0.05


Tree=70
num_leaves=3
num_cat=0
split_feature=1 6
split_gain=452.35 3.50772
threshold=35.923706054687507 -0.040272245183587067
decision_type=2 2
left_child=-1 -2
right_child=1 -3
leaf_value=-0.041377494607827851 -0.037482000772697331 0.051258743168043103
leaf_weight=302.56659389287233 1.0519888922572125 235.95896568894386
leaf_count=2747 10 904
internal_value=0 0.0508492
internal_weight=0 237.011
internal_count=3661 914
is_linear=0
shrinkage=0.05


Tree=71
num_leaves=15
num_cat=0
split_feature=1 4 5 5 3 3 5 3 1 3 13 5 1 0
split_gain=132.952 90.4412 51.6605 131.927 13.6738 6.77187 6.2291 1.53006 1.33711 1.32971 3.7946 1.67315 0.709491 2.63535
threshold=20.10357761383057 0.20276797935366633 1.4760683774948122 1.7483461499214175 0.04279314540326596 -0.074853599071502672 1.7995837926864626 0.08900779485702516 35.923706054687507 0.013889674562960865 0.97537368535995495 1.4433003067970278 20.907383918762211 0.20846013724803927
decision_type=2 2 2 2 2 2 2 2 2 2 2 2 2 2
left_child=1 2 9 5 -5 -4 7 12 -9 10 -1 -11 13 -2
right_child=6 -3 3 4 -6 -7 -8 8 -10 11 -12 -13 -14 -15
leaf_value=-0.026623994066359971 -0.040480728390394419 -0.041406652686394742 0.025072835822050644 0.049904144628710227 -0.046138194723772105 -0.030862168443474731 0.025128695177706717 0.022150865046434529 -0.039841558060895919 0.051694396834879634 0.051547800415644621 0.07997199778177512 -0.041428744339130991 0.039521513386467769
leaf_weight=2.0334252566099158 4.5052226185798636 59.264534294605255 5.6314996629953376 120.49267247319221 3.7489298731088629 105.37058675289154 3.7011805847287169 1.8181556388735765 1.494750455021858 107.22257351875305 5.8185848295688629 5.7914534658193579 142.99866129457951 1.2390254735946653
leaf_count=10 40 515 34 451 19 834 18 9 11 405 24 22 1264 5
internal_value=0 0.0157374 0.0252564 0.0115964 0.0469713 -0.0280044 -0.0384162 -0.0399784 -0.00616734 0.0518114 0.0312235 0.0532129 -0.0407268 -0.0228434
internal_weight=0 415.374 356.11 235.244 124.242 111.002 155.757 152.056 3.31291 120.866 7.85201 113.014 148.743 5.74425
internal_count=3661 2314 1799 1338 470 868 1347 1329 20 461 34 427 1309 45
is_linear=0
shrinkage=0.05


Tree=72
num_leaves=15
num_cat=0
split_feature=1 5 5 4 3 8 4 3 4 0 1 8 1 5
split_gain=101.914 75.8151 71.91 74.6098 17.7417 5.58279 7.601 6.1001 2.48152 3.70878 1.06128 2.04217 0.35248 3.82457
threshold=20.639951705932621 1.4831829071044924 1.82738733291626 0.20276797935366633 -0.068993955850601182 2.9476013183593754 0.049003658816218383 0.018172502517700199 -0.058236839249730103 0.74498677253723156 21.078110694885257 1.658073425292969 24.153811454772953 1.6943472623825075
decision_type=2 2 2 2 2 2 2 2 2 2 2 2 2 2
left_child=1 5 3 4 -3 6 7 -1 9 -2 11 -10 13 -12
right_child=8 2 -4 -5 -6 -7 -8 -9 10 -11 12 -13 -14 -15
leaf_value=0.04047261174681191 0.047267536253923222 -0.011657781255828906 -0.041044758338265402 -0.040655849884913962 0.043750078845801205 -0.041772871667912659 -0.040543504402546907 -0.018402317325461045 -0.041377521721026329 -0.039550583785876621 -0.040950321232384485 0.029907472763014926 -0.040803566537921533 0.043713333909847614
leaf_weight=7.7065234929323223 2.0482643991708747 15.32299020141363 38.593935869634151 31.775781653821468 242.3995471149683 48.162298910319805 15.469682089984415 9.9893355593085271 2.4313773959875098 2.778718613088131 11.530211068689821 1.5752561837434766 113.52646815031767 1.4241455495357502
leaf_count=27 10 61 366 322 916 440 156 44 21 27 109 8 1139 5
internal_value=0 0.0122788 0.022991 0.031539 0.0404525 -0.0309111 -0.0150596 0.00732099 -0.0377578 -0.00249886 -0.0390592 -0.0133052 -0.0398639 -0.0313792
internal_weight=0 409.42 328.092 289.498 257.723 81.3278 33.1655 17.6959 135.314 4.82698 130.487 4.00663 126.481 12.9544
internal_count=3651 2332 1665 1299 977 667 227 71 1319 37 1282 29 1253 114
is_linear=0
shrinkage=0.05


Tree=73
num_leaves=2
num_cat=0
split_feature=4
split_gain=420.5
threshold=0.20276797935366633
decision_type=2
left_child=-1
right_child=-2
leaf_value=-0.041062629614588578 0.049923554907044233
leaf_weight=283.44826561957598 229.88267110288143
leaf_count=2729 922
internal_value=0
internal_weight=0
internal_count=3651
is_linear=0
shrinkage=0.05


Tree=74
num_leaves=5
num_cat=0
split_feature=1 6 1 0
split_gain=412.588 2.46311 0.385176 0.0300191
threshold=35.923706054687507 -0.033942431211471551 33.872245788574226 0.28338000178337103
decision_type=2 2 2 2
left_child=2 -2 3 -1
right_child=1 -3 -4 -5
leaf_value=-0.041047703830690868 -0.011796132509876916 0.050057571245377935 -0.015513400313997819 -0.054895437901489756
leaf_weight=282.64661823958158 1.5864891037344921 222.74202692508698 1.6345660537481297 1.1787610352039326
leaf_count=2728 13 892 14 4
internal_value=0 0.0496151 -0.0409834 -0.0411245
internal_weight=0 224.329 285.46 283.825
internal_count=3651 905 2746 2732
is_linear=0
shrinkage=0.05


Tree=75
num_leaves=15
num_cat=0
split_feature=1 7 5 5 8 3 5 8 8 13 5 1 0 3
split_gain=126.297 82.218 46.2773 114.222 13.8907 11.5191 4.44568 3.65404 3.3838 5.38648 2.41997 0.705343 1.88599 0.372607
threshold=20.10357761383057 12.534932136535646 1.4773995876312258 1.7483461499214175 6.8807601928710946 0.04279314540326596 1.7995837926864626 6.8807601928710946 -0.56970977783203114 0.97851175069808971 1.4453787207603457 20.907383918762211 0.20846013724803927 0.10747116431593896
decision_type=2 2 2 2 2 2 2 2 2 2 2 2 2 2
left_child=1 2 8 4 -4 -5 7 11 9 -1 -10 12 -2 -13
right_child=6 -3 3 5 -6 -7 -8 -9 10 -11 -12 13 -14 -15
leaf_value=-0.044321977303366719 -0.039989701163689016 -0.041111162324266953 -0.028686502009479004 0.047718460304642767 0.081725940047739642 -0.045897349948272215 0.026051790718409712 0.028915133815377188 0.050775663496902372 0.059063355409344202 0.084799059683142525 -0.041161080938743266 0.027539085467261422 -0.011556424306570464
leaf_weight=2.3212803974747649 3.5137894153594962 54.188850454986095 104.00400276482105 118.3436676710844 2.8344279527664176 3.3042930960655204 2.5829784572124472 1.8689447939395893 105.49063469469547 2.5303173512220383 5.6632455587387076 136.17362928390503 1.3668457567691801 1.1653882637619961
leaf_count=14 33 501 861 459 9 17 12 9 413 12 21 1278 5 7
internal_value=0 0.0160877 0.0250944 0.0120267 -0.0256836 0.04514 -0.0381619 -0.0393303 0.0508003 0.0097018 0.0525838 -0.0402468 -0.0209047 -0.0409185
internal_weight=0 398.681 344.492 228.486 106.838 121.648 146.672 144.089 116.005 4.8516 111.154 142.22 4.88064 137.339
internal_count=3651 2307 1806 1346 870 476 1344 1332 460 26 434 1323 38 1285
is_linear=0
shrinkage=0.05


Tree=76
num_leaves=13
num_cat=0
split_feature=7 0 5 5 3 8 3 13 8 0 5 7
split_gain=71.7801 97.4035 61.3728 83.9004 24.0394 12.148 8.28517 3.35244 1.76022 0.223682 0.31126 0.031926
threshold=4.1567366123199472 0.54847639799118053 1.4598696827888491 1.7515664696693423 -0.033056052401661866 7.1614913940429696 0.013889674562960865 0.97537368535995495 -1.665077209472656 0.077449221163988127 1.6432518959045412 4.6716187000274667
decision_type=2 2 2 2 2 2 2 2 2 2 2 2
left_child=1 2 6 5 -5 -4 7 -1 -8 11 -11 -2
right_child=9 -3 3 4 -6 -7 8 -9 -10 10 -12 -13
leaf_value=0.063252934662136162 -0.053923543256920559 -0.040532428586461333 0.043716549319915587 -0.04280441401097887 0.024055429142856567 -0.060384226746440187 0.0012510090401065697 -0.0078370624055853939 -0.042078890217653889 -0.038799069785519794 -0.0083810450443361582 -0.040521571767284922
leaf_weight=2.5775744765996924 1.2910582125186909 81.923819333314896 231.11396481841803 43.957917675375938 19.271375589072704 2.7538725063204756 2.4823763966560355 4.3073221072554588 40.250382527709007 2.0207972601056094 1.5071127116680143 86.849213421344757
leaf_count=9 10 877 908 387 86 11 8 22 368 21 12 932
internal_value=0 0.00846948 0.0200563 0.0286532 -0.0224207 0.0424654 -0.0313741 0.0193022 -0.0395648 -0.0402545 -0.0263938 -0.0407788
internal_weight=0 428.639 346.715 297.097 63.2293 233.868 49.6177 6.8849 42.7328 91.6682 3.52791 88.1403
internal_count=3651 2676 1799 1392 473 919 407 31 376 975 33 942
is_linear=0
shrinkage=0.05


Tree=77
num_leaves=3
num_cat=0
split_feature=7 7
split_gain=384.875 1.24555
threshold=12.534932136535646 5.3550145626068124
decision_type=2 2
left_child=1 -1
right_child=-2 -3
leaf_value=-0.04082325832942995 0.048838056217214418 0.0020259385984432608
leaf_weight=266.21202932298183 218.56381690502167 1.6975403279066075
leaf_count=2720 919 12
internal_value=0 -0.0405511
internal_weight=0 267.91
internal_count=3651 2732
is_linear=0
shrinkage=0.05


Tree=78
num_leaves=5
num_cat=0
split_feature=1 6 1 0
split_gain=380.238 2.27233 0.389256 0.0161197
threshold=35.923706054687507 -0.033942431211471551 33.872245788574226 0.28338000178337103
decision_type=2 2 2 2
left_child=2 -2 3 -1
right_child=1 -3 -4 -5
leaf_value=-0.040808493215950176 -0.011356236455525536 0.048972523999100598 -0.014777991054474974 -0.053688603104667845
leaf_weight=266.32893315702677 1.5380657240748394 212.57750472426414 1.5817654505372036 1.1559963524341572
leaf_count=2728 13 892 14 4
internal_value=0 0.0485341 -0.0407363 -0.0408842
internal_weight=0 214.116 269.067 267.485
internal_count=3651 905 2746 2732
is_linear=0
shrinkage=0.05


Tree=79
num_leaves=15
num_cat=0
split_feature=5 5 7 8 8 8 3 5 5 6 8 3 6 12
split_gain=102.1 131.769 72.2283 14.1304 10.7292 8.78364 10.2303 6.47106 5.51509 2.5964 2.54931 1.40772 2.94371 4.47554
threshold=1.7681607007980349 1.4489672183990481 15.694939613342287 6.8807601928710946 -1.2680816650390623 -4.8460083007812491 -0.06156578287482261 1.82738733291626 1.7515664696693423 0.012433239258825781 -1.0331039428710935 -0.032198214903473847 0.048693655058741576 -0.0089838504791259748
decision_type=2 2 2 2 2 2 2 2 2 2 2 2 2 2
left_child=1 2 10 5 11 6 -3 -6 -7 -5 -1 -2 -13 -14
right_child=4 3 -4 9 7 8 -8 -9 -10 -11 -12 12 13 -15
leaf_value=0.0086065362178297366 0.049736556580311217 0.080128533880172131 -0.040700760169865485 -0.0031273048777242804 -0.038115321377961434 -0.035631148140749296 -0.016308320537540385 0.054364004668395673 0.024919294680230662 0.070736816081196557 0.050003056997996634 0.056215745713162138 -0.023696434086307172 0.054079873393721736
leaf_weight=3.9047568738460532 92.480334922671318 3.2595038563013103 28.643839091062546 1.7015906050801266 6.1142487674951536 241.28502205014229 15.059937059879301 2.6217606961727142 3.753989912569522 3.7925257235765457 103.91672942042351 6.5867650508880597 4.1675174683332443 3.1699096709489822
leaf_count=19 380 16 287 12 35 2286 101 9 16 13 425 25 15 12
internal_value=0 -0.0102299 0.0297713 -0.0305374 0.0431042 -0.032198 0.00119216 -0.0100602 -0.0346937 0.0482133 0.0485132 0.0474744 0.0322024 0.0101798
internal_weight=0 405.318 136.465 268.853 115.141 263.358 18.3194 8.73601 245.039 5.49412 107.821 106.405 13.9242 7.33743
internal_count=3651 3175 731 2444 476 2419 117 44 2302 25 444 432 52 27
is_linear=0
shrinkage=0.05


Tree=80
num_leaves=15
num_cat=0
split_feature=1 5 5 7 3 3 7 4 1 0 9 5 0 0
split_gain=86.5765 64.0109 62.4761 55.9878 18.3763 8.45087 16.9376 2.75874 4.26169 1.46791 1.10606 1.46965 0.994046 0.98082
threshold=21.078110694885257 1.503061890602112 1.82738733291626 4.1567366123199472 -0.068993955850601182 0.015510321129113437 2.6374496221542363 -0.064815785735845552 43.82268142700196 0.12097915634512903 -8.716514587402342 1.4148662686347964 0.18513890355825427 0.025266562588512901
decision_type=2 2 2 2 2 2 2 2 2 2 2 2 2 2
left_child=1 5 3 4 -3 6 9 8 -2 -1 11 -7 -12 -5
right_child=7 2 -4 13 -6 10 -8 -9 -10 -11 12 -13 -14 -15
leaf_value=0.047447969992639782 0.063023689814028866 -0.01432153871219438 -0.040563218897699926 -0.040983663288924839 0.042459239016002751 -0.03816175348030848 -0.038105963490277985 -0.039371065705795905 -0.038976128168686439 0.013431575930208044 -0.042463331785713633 0.032192238699617806 -0.022297283068974511 0.011622395468943223
leaf_weight=8.939363434910776 1.6272121220827092 15.201027035713194 34.455707490444183 24.655900448560718 217.53375484794378 1.573986575007438 17.615503586828709 112.08855237066746 2.4158428311347961 5.0449539944529525 45.049051478505135 1.2369377687573431 7.4883847758173934 0.87837529182433982
leaf_count=34 6 64 368 281 885 17 190 1258 26 21 436 5 54 6
internal_value=0 0.0114074 0.0225955 0.031034 0.0387461 -0.0262416 -0.00558559 -0.0379087 0.00260616 0.0353588 -0.0380033 -0.00716035 -0.0396368 -0.0391357
internal_weight=0 379.673 292.725 258.269 232.735 86.9482 31.5998 116.132 4.04305 13.9843 55.3484 2.81092 52.5374 25.5343
internal_count=3651 2361 1604 1236 949 757 245 1290 32 55 512 22 490 287
is_linear=0
shrinkage=0.05


Tree=81
num_leaves=2
num_cat=0
split_feature=4
split_gain=357.863
threshold=0.20276797935366633
decision_type=2
left_child=-1
right_child=-2
leaf_value=-0.040601644766698329 0.047899599410265302
leaf_weight=251.53043360263109 209.0776414424181
leaf_count=2729 922
internal_value=0
internal_weight=0
internal_count=3651
is_linear=0
shrinkage=0.05


Tree=82
num_leaves=3
num_cat=0
split_feature=0 1
split_gain=351.285 0.953229
threshold=0.28338000178337103 39.18550109863282
decision_type=2 2
left_child=-1 -2
right_child=1 -3
leaf_value=-0.040586208208731128 0.019995838684620251 0.047938426981248033
leaf_weight=252.95747693628073 3.2972788810729972 201.38766869902611
leaf_count=2752 11 888
internal_value=0 0.0474983
internal_weight=0 204.685
internal_count=3651 899
is_linear=0
shrinkage=0.05


Tree=83
num_leaves=15
num_cat=0
split_feature=1 4 5 5 8 3 8 6 5 8 5 1 2 3
split_gain=109.084 70.7108 37.7484 94.9483 11.6439 10.1087 4.83159 6.07648 3.91574 3.14923 2.63071 0.67862 1.63644 0.35972
threshold=20.10357761383057 0.20276797935366633 1.4863550662994387 1.7483461499214175 -4.7429733276367179 0.04279314540326596 -0.56970977783203114 0.071920149028301253 1.7995837926864626 6.8807601928710946 1.4453787207603457 20.907383918762211 0.20846013724803927 0.10747116431593896
decision_type=2 2 2 2 2 2 2 2 2 2 2 2 2 2
left_child=1 2 6 4 -4 -5 7 -1 9 11 -8 12 -2 -13
right_child=8 -3 3 5 -6 -7 10 -9 -10 -11 -12 13 -14 -15
leaf_value=-0.031025132414525633 -0.039382452872507689 -0.040611609931678699 0.035899907174727567 0.045382472850090727 -0.029837993663083536 -0.045055065600550989 0.048363780882568083 0.081284724420546253 0.023653395784341939 0.026487383365940795 0.081447811769340406 -0.040676147727572352 0.025032699877484202 -0.01059911159711896
leaf_weight=3.9286201372742644 3.1158536300063124 48.348336234688759 7.2074566334485999 109.57295976579189 88.44261409342289 3.1031862199306479 96.667576804757118 1.6180467307567594 2.499278560280799 1.7579372078180302 6.5722315758466712 120.77448792010546 1.3413805961608884 1.0860614925622929
leaf_count=27 33 504 39 459 817 17 413 6 12 9 25 1278 5 7
internal_value=0 0.0156578 0.024247 0.0117707 -0.0248522 0.042854 0.0481065 0.00259666 -0.0375676 -0.0387798 0.0505467 -0.0397084 -0.0198731 -0.040417
internal_weight=0 365.461 317.113 208.326 95.6501 112.676 108.786 5.54667 130.575 128.076 103.24 126.318 4.45723 121.861
internal_count=3651 2307 1803 1332 856 476 471 33 1344 1332 438 1323 38 1285
is_linear=0
shrinkage=0.05


Tree=84
num_leaves=14
num_cat=0
split_feature=1 7 5 5 8 8 6 3 1 0 5 5 1
split_gain=81.817 59.7027 51.9065 65.7245 18.7684 10.2688 1.23125 1.65001 1.35251 3.78121 0.956981 0.108017 0.010259
threshold=21.078110694885257 4.1567366123199472 1.82738733291626 1.4773995876312258 -4.7429733276367179 2.4148406982421879 0.12534286454319957 0.053792227059602744 24.153811454772953 0.23294892162084582 1.6735777258872988 1.6432518959045412 0.90919977426528942
decision_type=2 2 2 2 2 2 2 2 2 2 2 2 2
left_child=1 2 3 5 -5 -1 8 -8 9 -2 11 12 -3
right_child=6 10 -4 4 -6 -7 7 -9 -10 -11 -12 -13 -14
leaf_value=0.012100970176934449 -0.03983047816575476 -0.050836284278413316 -0.040297886588200688 -0.0053075169590075209 0.042266591512713829 -0.039530521025097666 -0.037511330139156716 0.043341617955325734 -0.040138660909175707 0.021153618822757014 0.012031337955689867 -0.024076352377423463 -0.040052814059254621
leaf_weight=13.048044830560682 8.5993136540055257 1.5896717235445965 32.231843985617161 22.959860287606716 211.49666930735111 36.243956312537193 1.3153183832764619 1.0387860462069509 95.97252568602562 3.5170547664165488 0.85662718117236991 1.5456752330064762 45.762092068791389
leaf_count=53 101 15 369 91 895 374 15 7 1164 15 6 17 559
internal_value=0 0.0117257 0.0197437 0.0265758 0.0376075 -0.0258664 -0.0373605 -0.00152139 -0.0381389 -0.0221002 -0.0391325 -0.0400516 -0.0405212
internal_weight=0 365.734 315.98 283.749 234.457 49.292 110.443 2.3541 108.089 12.1164 49.7541 48.8974 47.3518
internal_count=3681 2379 1782 1413 986 427 1302 22 1280 116 597 591 574
is_linear=0
shrinkage=0.05


Tree=85
num_leaves=3
num_cat=0
split_feature=7 7
split_gain=326.748 1.01893
threshold=12.534932136535646 5.3550145626068124
decision_type=2 2
left_child=1 -1
right_child=-2 -3
leaf_value=-0.040395046767299783 0.047018546350667954 -0.0020364533426589322
leaf_weight=239.97567721456289 193.70822924375534 1.7548029795289029
leaf_count=2768 899 14
internal_value=0 -0.0401175
internal_weight=0 241.73
internal_count=3681 2782
is_linear=0
shrinkage=0.05


Tree=86
num_leaves=4
num_cat=0
split_feature=1 6 1
split_gain=331.007 1.11573 0.404843
threshold=35.923706054687507 -0.019934793934226033 33.872245788574226
decision_type=2 2 2
left_child=2 -2 -1
right_child=1 -3 -4
leaf_value=-0.040462086443514136 0.0088636683797599924 0.04713188543248386 -0.012895448145410529
leaf_weight=237.12945945560932 1.9753168374299992 199.14637857675552 1.4556186720728863
leaf_count=2730 15 922 14
internal_value=0 0.0467606 -0.0402994
internal_weight=0 201.122 238.585
internal_count=3681 937 2744
is_linear=0
shrinkage=0.05


Tree=87
num_leaves=15
num_cat=0
split_feature=1 4 5 5 3 3 5 3 1 3 4 3 1 0
split_gain=98.7264 64.1177 35.8193 85.0556 9.25326 8.4354 4.44873 2.15362 2.34577 1.80407 2.45001 1.57698 0.975635 1.86992
threshold=20.10357761383057 0.20276797935366633 1.4773995876312258 1.7483461499214175 0.04279314540326596 -0.07793939113616942 1.8925591111183169 0.08900779485702516 24.153811454772953 0.013889674562960865 -0.010718331672251223 0.021123382262885574 20.907383918762211 0.20846013724803927
decision_type=2 2 2 2 2 2 2 2 2 2 2 2 2 2
left_child=1 2 9 5 -5 -4 7 12 -9 10 -1 -11 13 -2
right_child=6 -3 3 4 -6 -7 -8 8 -10 11 -12 -13 -14 -15
leaf_value=-0.010034843990769628 -0.039042790664451717 -0.040377032372760774 0.043319722569920414 0.043723424458651461 -0.044509498264480314 -0.026948320930302624 0.050604441190417251 0.039347432888742734 -0.039052318554756743 0.093912187879991171 0.046759166392127821 0.047745591895036417 -0.039997129657345747 0.027140961611684878
leaf_weight=3.2143464535474777 2.9000584185123435 45.642097257077694 4.3945928364992133 104.61954022943974 2.9813869446516028 90.574415802955627 1.3525615632534016 1.8039196804165833 1.8125248476862905 1.9025787264108647 4.4368338361382476 94.652270823717117 114.9014068543911 1.5698504447937009
leaf_count=16 33 507 27 459 17 848 5 8 17 7 20 424 1287 6
internal_value=0 0.0148553 0.0230832 0.0108192 0.0412396 -0.0236546 -0.0369479 -0.037951 6.0763e-05 0.0468904 0.0230777 0.0487515 -0.0391017 -0.0157135
internal_weight=0 352.418 306.776 202.57 107.601 94.969 124.34 122.988 3.61644 104.206 7.65118 96.5548 119.371 4.46991
internal_count=3681 2325 1818 1351 476 875 1356 1351 25 467 36 431 1326 39
is_linear=0
shrinkage=0.05


Tree=88
num_leaves=15
num_cat=0
split_feature=1 7 8 8 3 3 3 0 4 0 12 0 3 1
split_gain=75.5396 54.8506 39.3661 47.8473 13.0069 8.35809 7.48307 3.05036 2.40787 3.30761 1.49802 0.599895 0.846835 0.592014
threshold=21.078110694885257 4.1567366123199472 -4.7429733276367179 5.1415863037109384 -0.0098036718554794771 0.032661179080605514 -0.068993955850601182 0.22009836882352832 -0.064815785735845552 0.63653635978698742 -0.11574161052703856 0.077449221163988127 0.085039999336004271 24.153811454772953
decision_type=2 2 2 2 2 2 2 2 2 2 2 2 2 2
left_child=1 2 4 6 7 -5 -4 -1 9 -2 -6 -3 -13 -10
right_child=8 11 3 5 10 -7 -8 -9 13 -11 -12 12 -14 -15
leaf_value=-0.038412081568542478 0.05096766995465473 -0.040353644632886924 -0.0009893789449309325 0.021176681825077957 0.063007052712851827 -0.042108560328071261 0.03742865540113454 0.01832880012286851 -0.026772312926107458 -0.038499208522630668 0.017525515947143563 0.016310684441064427 -0.037768778104386586 -0.039944331529896522
leaf_weight=36.395970575511456 1.7481960356235497 43.897562973201275 13.479684121906756 6.4419850632548323 3.0695758163928986 26.205298572778702 210.9078129902482 2.4758911132812491 10.388772420585154 2.2424184381961823 4.486596815288066 1.1545856446027749 1.6579939797520635 89.380982592701912
leaf_count=346 7 568 82 33 10 299 976 17 111 27 19 8 21 1157
internal_value=0 0.0114744 0.0192401 0.0268931 -0.0230954 -0.0295945 0.0351213 -0.0347603 -0.0370791 0.000982002 0.0365833 -0.0389103 -0.0157709 -0.0386009
internal_weight=0 350.173 303.463 257.035 46.428 32.6473 224.387 38.8719 103.76 3.99061 7.55617 46.7101 2.81258 99.7698
internal_count=3681 2379 1782 1390 392 332 1058 363 1302 34 29 597 29 1268
is_linear=0
shrinkage=0.05


Tree=89
num_leaves=2
num_cat=0
split_feature=4
split_gain=304.186
threshold=0.20276797935366633
decision_type=2
left_child=-1
right_child=-2
leaf_value=-0.04020508188950956 0.046237781273441303
leaf_weight=226.73694387078285 184.48421135544777
leaf_count=2779 902
internal_value=0
internal_weight=0
internal_count=3681
is_linear=0
shrinkage=0.05


Tree=90
num_leaves=4
num_cat=0
split_feature=1 6 1
split_gain=305.689 1.06289 0.408367
threshold=35.923706054687507 -0.019934793934226033 33.872245788574226
decision_type=2 2 2
left_child=2 -2 -1
right_child=1 -3 -4
leaf_value=-0.040270672005892544 0.0084921286566780937 0.046328544998853922 -0.012204520276905223
leaf_weight=223.09444081783295 1.9250083491206158 188.92000983655453 1.4102546274662007
leaf_count=2730 15 922 14
internal_value=0 0.0459515 -0.0400999
internal_weight=0 190.845 224.505
internal_count=3681 937 2744
is_linear=0
shrinkage=0.05


Tree=91
num_leaves=15
num_cat=0
split_feature=1 7 5 5 8 3 5 8 13 8 5 8 6 3
split_gain=91.2916 58.4605 32.5975 77.3101 13.4689 9.1253 4.1571 3.6668 5.01305 2.77196 1.5079 1.17736 1.76881 0.391321
threshold=20.10357761383057 12.534932136535646 1.4773995876312258 1.7483461499214175 -6.1134948730468741 -0.018787139095365998 1.8925591111183169 -0.56970977783203114 0.97851175069808971 6.8807601928710946 1.4645794034004214 -6.1134948730468741 0.071178127080202117 0.1149558760225773
decision_type=2 2 2 2 2 2 2 2 2 2 2 2 2 2
left_child=1 2 7 4 -4 -5 9 8 -1 11 -9 12 -2 -13
right_child=6 -3 3 5 -6 -7 -8 10 -10 -11 -12 13 -14 -15
leaf_value=-0.046574439300725627 -0.039625406014504198 -0.040150968775252802 0.062270598342147016 0.0463162291637957 -0.027122942803810425 0.0038792276874373387 0.049340862380197748 0.046873106838705748 0.051452777114757355 0.0256775622857838 0.089068630812945457 -0.039778090851283365 0.028958665414170193 -0.0062085153838386271
leaf_weight=2.4309162721037856 2.0816011652350421 42.472177125513554 4.3345135748386374 88.511842474341393 87.210142202675343 14.803178004920481 1.3080673813819874 92.664492920041084 2.5915408432483673 1.6387042701244343 2.2020031213760367 109.36733090132475 1.5587285906076429 0.91582651436328788
leaf_count=14 19 504 17 412 861 64 5 433 12 9 8 1309 8 6
internal_value=0 0.0146285 0.022533 0.0106176 -0.022827 0.0402454 -0.0366332 0.0457431 0.0040237 -0.0376482 0.0479453 -0.0385808 -0.0102698 -0.0395052
internal_weight=0 337.221 294.749 194.86 91.5447 103.315 116.87 99.889 5.02246 115.562 94.8665 113.923 3.64033 110.283
internal_count=3681 2325 1821 1354 878 476 1356 467 26 1351 441 1342 27 1315
is_linear=0
shrinkage=0.05


Tree=92
num_leaves=15
num_cat=0
split_feature=1 5 5 4 8 8 4 12 4 0 11 1 5 10
split_gain=69.6154 49.966 49.4729 43.342 16.8792 7.56071 11.0282 6.36176 2.31684 3.01172 1.08523 0.606104 2.492 0.561495
threshold=21.078110694885257 1.503061890602112 1.82738733291626 0.20276797935366633 -4.7429733276367179 2.4148406982421879 0.039020920172333724 -0.054052501916885369 -0.064815785735845552 0.63653635978698742 -0.042970731854438775 24.153811454772953 1.6943472623825075 0.16899351030588153
decision_type=2 2 2 2 2 2 2 2 2 2 2 2 2 2
left_child=1 5 3 4 -3 6 7 -1 9 -2 -7 12 -10 -12
right_child=8 2 -4 -5 -6 10 -8 -9 11 -11 13 -13 -14 -15
leaf_value=-0.020843874115841196 0.048468058871874491 -0.0051480243525531353 -0.039964200232233071 -0.03957864928872043 0.04080304526725672 0.0068422353757387243 -0.039089343300337781 0.041647352317345648 -0.036475807203346887 -0.038208152242839598 -0.019588163206988893 -0.039764237071393115 0.03276120448450659 -0.041585986269443279
leaf_weight=6.1806771159172085 1.7379851043224328 22.319471694529057 29.016252852976322 20.7815225943923 189.25797586888075 1.2556189820170391 14.161680579185484 11.566604569554331 8.4968089312314969 2.1040462553501129 3.4240139573812476 83.691330827772617 1.450709082186221 38.323633775115013
leaf_count=26 7 91 371 290 869 10 188 48 105 27 35 1157 6 451
internal_value=0 0.0111798 0.0214969 0.0291858 0.0359555 -0.0247979 -0.00632667 0.0198893 -0.0367879 0.00123567 -0.0384574 -0.0383477 -0.026153 -0.0398329
internal_weight=0 336.287 261.375 232.359 211.577 74.9122 31.909 17.7473 97.4809 3.84203 43.0033 93.6388 9.94752 41.7476
internal_count=3681 2379 1621 1250 960 758 262 74 1302 34 496 1268 111 486
is_linear=0
shrinkage=0.05


Tree=93
num_leaves=2
num_cat=0
split_feature=4
split_gain=281.354
threshold=0.20276797935366633
decision_type=2
left_child=-1
right_child=-2
leaf_value=-0.040026034004850108 0.045520178616225371
leaf_weight=213.33821645751595 174.75546152889729
leaf_count=2779 902
internal_value=0
internal_weight=0
internal_count=3681
is_linear=0
shrinkage=0.05


Tree=94
num_leaves=3
num_cat=0
split_feature=0 0
split_gain=282.503 0.823777
threshold=0.28338000178337103 0.54847639799118053
decision_type=2 2
left_child=-1 -2
right_child=1 -3
leaf_value=-0.040017431429722979 0.020197934097274148 0.045559679274939618
leaf_weight=210.73779691010714 3.4885249435901633 177.8591520935297
leaf_count=2749 14 918
internal_value=0 0.0450832
internal_weight=0 181.348
internal_count=3681 932
is_linear=0
shrinkage=0.05


Tree=95
num_leaves=15
num_cat=0
split_feature=1 4 5 5 8 3 5 8 13 8 5 8 6 3
split_gain=84.5162 54.259 30.0565 70.4226 12.0781 8.63083 3.89691 3.38413 4.70045 2.60627 1.3201 1.15754 1.64589 0.38875
threshold=20.10357761383057 0.20276797935366633 1.4773995876312258 1.7483461499214175 -6.1134948730468741 -0.018787139095365998 1.8925591111183169 -0.56970977783203114 0.97851175069808971 6.8807601928710946 1.4645794034004214 -6.1134948730468741 0.071178127080202117 0.1149558760225773
decision_type=2 2 2 2 2 2 2 2 2 2 2 2 2 2
left_child=1 2 7 4 -4 -5 9 8 -1 11 -9 12 -2 -13
right_child=6 -3 3 5 -6 -7 -8 10 -10 -11 -12 13 -14 -15
leaf_value=-0.045973473707366284 -0.039236817016276626 -0.039951868849523994 0.056935806015413475 0.045480515902994158 -0.026384262046375589 0.0038854618474508593 0.048185574125464328 0.046072334290476469 0.049708696950801545 0.024794040187424832 0.08580292989491406 -0.03954413612850223 0.027982195181987947 -0.0057254183787647014
leaf_weight=2.3343161791563025 1.9579350203275674 40.073463030159473 4.4960392266511908 84.557004898786545 83.487663306295872 14.648942746222017 1.2665618658065785 88.550328224897385 2.6162642389535904 1.5982325375080098 2.188854068517684 102.58097664266825 1.5400133728981016 0.89391088485717674
leaf_count=14 19 507 17 412 858 64 5 433 12 9 8 1309 8 6
internal_value=0 0.0144331 0.0221488 0.0104855 -0.0220667 0.0393486 -0.0363208 0.0449299 0.00457531 -0.0373501 0.0471241 -0.0383008 -0.00968764 -0.0392578
internal_weight=0 322.953 282.879 187.19 87.9837 99.2059 109.838 95.6898 4.95058 108.571 90.7392 106.973 3.49795 103.475
internal_count=3681 2325 1818 1351 875 476 1356 467 26 1351 441 1342 27 1315
is_linear=0
shrinkage=0.05


Tree=96
num_leaves=15
num_cat=0
split_feature=1 5 5 4 3 8 8 8 4 1 6 1 1 2
split_gain=65.8982 46.1922 45.3557 49.4688 15.3214 8.35752 6.74356 3.99008 6.39544 3.65698 2.40327 2.54251 1.18099 3.54329
threshold=20.639951705932621 1.4760683774948122 1.7515664696693423 0.20276797935366633 -0.032198214903473847 6.8807601928710946 -1.519264221191406 2.9476013183593754 -0.025521330535411831 3.7289228439331059 0.12534286454319957 56.571289062500007 24.153811454772953 0.21384600549936297
decision_type=2 2 2 2 2 2 2 2 2 2 2 2 2 2
left_child=1 7 3 5 -4 -3 -6 8 -1 -10 12 -12 13 -2
right_child=10 2 4 -5 6 -7 -8 -9 9 -11 11 -13 -14 -15
leaf_value=0.04742186341567408 -0.039884137650201858 0.039919739204776268 -0.041304594660707725 -0.039427284568447026 -0.01127840042753315 -0.061894608047770888 0.052072539391588547 -0.040419630342899679 0.01123866688209761 -0.036098873627137811 0.062662423665435021 -0.036810711183262464 -0.039591996540063984 0.015404482714673234
leaf_weight=3.5440367385745075 9.5598848387598974 184.92292328178883 34.232793189585209 22.56230752915144 9.4206066057086009 1.9526314735412587 7.4401685521006575 33.315896324813366 5.3978261873126057 16.118764720857143 1.1809822991490357 1.1953387707471845 80.72567180544138 4.0759924277663222
leaf_count=16 131 884 380 337 54 7 27 442 28 171 6 16 1194 20
internal_value=0 0.0110691 0.0200769 0.0303788 -0.0221286 0.0388234 0.0168187 -0.0290979 -0.0139458 -0.0242263 -0.0360232 0.0131595 -0.0372744 -0.0233656
internal_weight=0 318.908 260.531 209.438 51.0936 186.876 16.8608 58.3765 25.0606 21.5166 96.7379 2.37632 94.3615 13.6359
internal_count=3713 2346 1689 1228 461 891 81 657 215 199 1367 22 1345 151
is_linear=0
shrinkage=0.05


Tree=97
num_leaves=2
num_cat=0
split_feature=4
split_gain=265.296
threshold=0.20276797935366633
decision_type=2
left_child=-1
right_child=-2
leaf_value=-0.03985247539818948 0.044862624226445262
leaf_weight=200.02850114181638 171.60965065658092
leaf_count=2776 937
internal_value=0
internal_weight=0
internal_count=3713
is_linear=0
shrinkage=0.05


Tree=98
num_leaves=4
num_cat=0
split_feature=1 6 1
split_gain=262.322 1.3684 0.368905
threshold=35.923706054687507 -0.033942431211471551 33.872245788574226
decision_type=2 2 2
left_child=2 -2 -1
right_child=1 -3 -4
leaf_value=-0.039920947948908395 -0.0033845097653890047 0.044918527081499092 -0.013413598048807474
leaf_weight=198.8470890969038 1.4653583392500866 169.94067297875881 1.4491420164704312
leaf_count=2756 14 927 16
internal_value=0 0.0445038 -0.039736
internal_weight=0 171.406 200.296
internal_count=3713 941 2772
is_linear=0
shrinkage=0.05


Tree=99
num_leaves=15
num_cat=0
split_feature=1 4 5 5 8 8 5 8 8 13 12 1 13 3
split_gain=80.4622 49.8569 27.1518 70.2628 11.3344 8.1033 4.11573 2.30304 2.24258 1.8487 0.666585 0.615328 1.36882 0.398211
threshold=20.10357761383057 0.20276797935366633 1.4760683774948122 1.7483461499214175 -6.1134948730468741 -1.519264221191406 1.7995837926864626 7.3262786865234384 -0.56970977783203114 0.97895362973213207 -0.045343816280364983 20.907383918762211 0.97107487916946422 0.11964737623929979
decision_type=2 2 2 2 2 2 2 2 2 2 2 2 2 2
left_child=1 2 8 4 -4 -5 7 11 9 -1 -10 12 -2 -13
right_child=6 -3 3 5 -6 -7 -8 -9 10 -11 -12 13 -14 -15
leaf_value=-0.023305705525723804 0.019087272178682106 -0.039761064979314302 0.052754534863235995 0.045143532642729897 -0.026974786765486414 -0.0026198689602297837 0.021165669353824631 0.031206339881449548 0.054724522717449375 0.03943509937509964 0.043367173581305103 -0.039847460007602128 -0.040066359668660685 -0.0052012983610887674
leaf_weight=2.1668054014444342 1.452823057770728 37.365899845957756 4.6290430426597586 84.506145045161247 80.061637781560421 9.9093913435935956 2.9712992534041396 1.1207022592425335 18.408802062273026 2.3452493846416473 67.868252456188202 96.612957246601582 2.6164892986416817 0.86911545693874259
leaf_count=13 9 505 17 421 863 47 17 6 87 11 354 1324 33 6
internal_value=0 0.0142982 0.0217945 0.0104926 -0.0225598 0.0401331 -0.0362662 -0.0379472 0.0440545 0.0094533 0.045851 -0.0387403 -0.0189961 -0.0395442
internal_weight=0 307.261 269.895 179.106 84.6907 94.4155 105.643 102.672 90.7891 4.51205 86.2771 101.551 4.06931 97.4821
internal_count=3713 2318 1813 1348 880 468 1395 1378 465 24 441 1372 42 1330
is_linear=0
shrinkage=0.05


Tree=100
num_leaves=15
num_cat=0
split_feature=1 5 5 4 3 8 8 8 4 1 6 1 1 0
split_gain=60.8272 42.0359 41.067 45.0241 14.6214 8.02335 6.05668 3.97229 5.95571 3.50054 2.32384 2.27224 1.15212 3.28693
threshold=20.639951705932621 1.4760683774948122 1.7515664696693423 0.20276797935366633 -0.032198214903473847 6.8807601928710946 -1.519264221191406 2.9476013183593754 -0.025521330535411831 3.7289228439331059 0.12534286454319957 56.571289062500007 24.153811454772953 0.21384600549936297
decision_type=2 2 2 2 2 2 2 2 2 2 2 2 2 2
left_child=1 7 3 5 -4 -3 -6 8 -1 -10 12 -12 13 -2
right_child=10 2 4 -5 6 -7 -8 -9 9 -11 11 -13 -14 -15
leaf_value=0.046114766635841999 -0.039705683832204845 0.038947072719261594 -0.040926607886144682 -0.039264770921750729 -0.010045553759319663 -0.061188236099529385 0.0506122223360157 -0.040234557731537085 0.011278228354507019 -0.035475803897270133 0.058599720041760575 -0.036471170149502533 -0.039436538732578526 0.014314086152052388
leaf_weight=3.5164173096418407 8.963922515511511 176.85550463199615 32.34592242538929 21.099912408739328 9.2610343843698519 1.9378851503133763 7.268015354871749 31.228419624269009 5.3433741107583073 15.398362889885901 1.2025525644421571 1.1213357672095297 75.497118636965752 4.0230306610465041
leaf_count=16 131 884 380 337 54 7 27 442 28 171 6 16 1194 20
internal_value=0 0.0108545 0.0196319 0.029675 -0.0214196 0.0378281 0.0167703 -0.0284626 -0.0132052 -0.023435 -0.0357546 0.0131135 -0.0370514 -0.0229902
internal_weight=0 304.255 248.768 199.893 48.875 178.793 16.529 55.4866 24.2582 20.7417 90.808 2.32389 88.4841 12.987
internal_count=3713 2346 1689 1228 461 891 81 657 215 199 1367 22 1345 151
is_linear=0
shrinkage=0.05


Tree=101
num_leaves=2
num_cat=0
split_feature=4
split_gain=245.45
threshold=0.20276797935366633
decision_type=2
left_child=-1
right_child=-2
leaf_value=-0.039695170227695781 0.04426755034491886
leaf_weight=187.7955111078918 162.06514872610569
leaf_count=2776 937
internal_value=0
internal_weight=0
internal_count=3713
is_linear=0
shrinkage=0.05


Tree=102
num_leaves=3
num_cat=0
split_feature=0 0
split_gain=242.632 1.03003
threshold=0.28338000178337103 0.54847639799118053
decision_type=2 2
left_child=-1 -2
right_child=1 -3
leaf_value=-0.039685574258098925 0.013248710290962938 0.044298004731420662
leaf_weight=187.56980838999152 2.8221593946218482 159.60533639788628
leaf_count=2778 12 923
internal_value=0 0.043767
internal_weight=0 162.427
internal_count=3713 935
is_linear=0
shrinkage=0.05


Tree=103
num_leaves=15
num_cat=0
split_feature=1 7 5 5 8 8 5 8 8 5 0 1 12 11
split_gain=74.3623 42.2848 23.2017 61.3144 14.0001 7.74064 6.53458 4.39581 2.72136 1.20157 2.99326 1.0224 0.673118 0.389409
threshold=18.75062465667725 12.534932136535646 1.4760683774948122 1.7483461499214175 -6.1134948730468741 -1.519264221191406 1.7995837926864626 7.3262786865234384 -1.0331039428710935 1.3609942197799685 0.20846013724803927 23.762004852294925 -0.045343816280364983 0.11964737623929979
decision_type=2 2 2 2 2 2 2 2 2 2 2 2 2 2
left_child=1 2 8 4 -4 -5 7 9 -1 10 -2 -8 -10 -11
right_child=6 -3 3 5 -6 -7 11 -9 12 13 -12 -13 -14 -15
leaf_value=-0.0029216518761356874 -0.038220491355674346 -0.039567939690601461 0.069757412136989591 0.04471288991250022 -0.025911296744341141 -0.0024723055398817606 0.0462994949678458 0.036433691659065841 0.054263909425988355 -0.038998372511962649 0.049553104701769927 -0.0047742044734951769 0.042365333547370716 -0.0044533721127837968
leaf_weight=3.0801523029804221 3.0802749358117572 31.548287585377693 3.9346984922885886 78.777457416057587 74.990687519311905 9.7566543966531736 2.5791561603546134 1.9719385504722584 16.647230461239815 97.427941117435694 1.3019549399614332 1.5176207050681112 64.659756921231747 0.85035967826843162
leaf_count=16 49 456 14 413 846 47 12 11 82 1389 5 11 356 6
internal_value=0 0.0149174 0.0217557 0.0109706 -0.0210596 0.0395161 -0.0337036 -0.0361326 0.0431196 -0.0375606 -0.0116193 0.0277167 0.0448652 -0.0387043
internal_weight=0 283.395 251.847 167.459 78.9254 88.5341 108.729 104.632 84.3871 102.661 4.38223 4.09678 81.307 98.2783
internal_count=3713 2230 1774 1320 860 460 1483 1460 454 1449 54 23 438 1395
is_linear=0
shrinkage=0.05


Tree=104
num_leaves=15
num_cat=0
split_feature=1 5 5 4 3 8 8 8 4 1 4 1 1 0
split_gain=56.1211 38.2248 37.1792 40.9877 13.9425 7.70301 5.44826 3.95865 5.56441 3.35083 2.30784 2.17065 0.934564 3.1244
threshold=20.639951705932621 1.4760683774948122 1.7515664696693423 0.20276797935366633 -0.032198214903473847 6.8807601928710946 -1.519264221191406 2.9476013183593754 -0.025521330535411831 3.7289228439331059 -0.064815785735845552 43.82268142700196 24.153811454772953 0.21384600549936297
decision_type=2 2 2 2 2 2 2 2 2 2 2 2 2 2
left_child=1 7 3 5 -4 -3 -6 8 -1 -10 11 -2 13 -12
right_child=10 2 4 -5 6 -7 -8 -9 9 -11 12 -13 -14 -15
leaf_value=0.044949358535804125 0.043580302210876901 0.038013729936714931 -0.040554721427772278 -0.039112150872082196 -0.0088812044678143083 -0.06049346793707322 0.049250031658056942 -0.040060794113785686 0.011341423300953765 -0.034848692733870472 -0.039562567048366491 -0.037076558850334548 -0.039291965356142704 0.01771701257941034
leaf_weight=3.4925157725811031 1.696450695395469 169.02312538027763 30.558942694216967 19.721271920949221 9.1126686632633227 1.9224634319543827 7.0918283760547629 29.269854318350554 5.2862586453557041 14.717800475656984 8.4057005792856199 1.4592939727008341 70.404577929526567 3.2386570647358885
leaf_count=16 7 884 380 337 54 7 27 442 28 171 131 22 1191 16
internal_value=0 0.0106444 0.0191993 0.0289956 -0.0207195 0.0368712 0.0167057 -0.0278133 -0.0124515 -0.0226468 -0.0354862 0.00628938 -0.0370987 -0.0236161
internal_weight=0 290.197 237.43 190.667 46.7634 170.946 16.2045 52.7664 23.4966 20.0041 85.2047 3.15574 82.0489 11.6444
internal_count=3713 2346 1689 1228 461 891 81 657 215 199 1367 29 1338 147
is_linear=0
shrinkage=0.05


Tree=105
num_leaves=3
num_cat=0
split_feature=7 7
split_gain=225.415 0.830117
threshold=12.534932136535646 5.3550145626068124
decision_type=2 2
left_child=1 -1
right_child=-2 -3
leaf_value=-0.039548599274365721 0.043714284339936058 0.00072245177592574188
leaf_weight=175.57495499774814 152.22924862802029 1.2854650318622578
leaf_count=2766 934 13
internal_value=0 -0.0392557
internal_weight=0 176.86
internal_count=3713 2779
is_linear=0
shrinkage=0.05


Tree=106
num_leaves=4
num_cat=0
split_feature=1 1 1
split_gain=224.64 0.750313 0.37829
threshold=35.923706054687507 39.18550109863282 33.872245788574226
decision_type=2 2 2
left_child=2 -2 -1
right_child=1 -3 -4
leaf_value=-0.039621729953790687 0.010192528557062314 0.043742614011419489 -0.011767468959131465
leaf_weight=175.2649502158165 1.7559335678815831 150.97722040116787 1.3306752294301976
leaf_count=2756 15 926 16
internal_value=0 0.0433638 -0.0394186
internal_weight=0 152.733 176.596
internal_count=3713 941 2772
is_linear=0
shrinkage=0.05


Tree=107
num_leaves=15
num_cat=0
split_feature=1 4 5 5 1 11 5 11 5 0 4 5 11 1
split_gain=68.6788 39.2859 20.9569 58.8232 7.57407 6.87133 6.17896 5.05848 3.25685 4.02442 2.93591 2.59117 0.950733 0.93241
threshold=18.75062465667725 0.20276797935366633 1.503061890602112 1.7483461499214175 2.4797496795654301 0.04279314540326596 1.7995837926864626 0.018172502517700199 1.3609942197799685 0.20846013724803927 -0.018089119344949719 1.4843961596488955 0.094394423067569747 23.762004852294925
decision_type=2 2 2 2 2 2 2 2 2 2 2 2 2 2
left_child=1 2 7 4 -4 -5 8 10 9 -2 -1 -9 -10 -8
right_child=6 -3 3 5 -6 -7 13 11 12 -11 -12 -13 -14 -15
leaf_value=-0.023464330778840407 -0.038002329417060353 -0.039406897532247701 0.014224426301895361 0.04106018267010849 -0.030277261256380913 -0.043309479938528538 0.045582492419798004 0.044389779164546617 -0.038775875371033747 0.046845931476771185 0.029765239315126975 0.1046256741319796 -0.0022439520880789005 -0.003917614798087209
leaf_weight=4.1461761519312859 2.8809383846819392 29.739221777766943 11.329817742109297 82.163772642612457 59.411442130804062 2.4084241092205039 2.4689821600913997 72.586784303188324 90.965181235224009 2.5311119258403778 6.5625903457403165 1.7915166318416584 1.8294042348861683 1.4872909337282179
leaf_count=27 49 459 120 444 703 16 12 417 1384 12 37 7 15 11
internal_value=0 0.014717 0.0214261 0.0104873 -0.0231399 0.0386092 -0.0333905 0.0413576 -0.0358622 0.00180954 0.00912962 0.0459792 -0.0380589 0.027336
internal_weight=0 270.14 240.401 155.313 70.7413 84.5722 102.163 85.0871 98.2066 5.41205 10.7088 74.3783 92.7946 3.95627
internal_count=3713 2230 1771 1283 823 460 1483 488 1460 61 64 424 1399 23
is_linear=0
shrinkage=0.05


Tree=108
num_leaves=14
num_cat=0
split_feature=7 0 8 8 12 3 3 3 0 0 8 0 6
split_gain=37.4249 51.6484 29.6013 31.3798 8.14741 7.20041 5.40338 2.64759 1.0856 0.819503 0.818859 0.322403 0.101171
threshold=4.1567366123199472 0.28338000178337103 -4.6619644165039054 5.7985687255859384 -0.056903272867202752 0.075256917625665679 -0.060275286436080926 -0.0048451013863086692 0.077449221163988127 0.01578287594020367 -1.0000000180025095e-35 0.54847639799118053 0.034099992364645011
decision_type=2 2 2 2 2 2 2 2 2 2 2 2 2
left_child=1 2 4 5 6 -4 -1 -5 12 -6 -10 -3 -2
right_child=8 11 3 7 9 -7 -8 -9 10 -11 -12 -13 -14
leaf_value=-0.039569890493827441 -0.039149103024614162 -0.014844141016458196 0.032571199041546386 0.034042966828578929 -0.060383705214868494 -0.010326345268152579 0.033592930021206537 -0.041024607201076597 0.017410424802093288 -0.036312231993830012 -0.036208150092641805 -0.039124841646924355 -0.059824622218747694
leaf_weight=3.6320488341152668 51.25906640291214 1.5708438456058491 176.79909082874656 1.1812422350049043 4.6082511357963112 10.310231186449526 7.7116516605019552 18.312678925693035 1.4992997944355013 20.27916457131505 1.1885139383375634 50.074597600847483 0.87621866166591544
leaf_count=56 926 12 1013 7 46 79 38 282 13 247 21 907 12
internal_value=0 0.00694246 0.0166011 0.0239114 -0.0250357 0.0302032 0.0100264 -0.0363253 -0.0380145 -0.0409932 -0.0067473 -0.0384164 -0.0396105
internal_weight=0 294.48 242.834 206.603 36.2311 187.109 11.3437 19.4939 54.8231 24.8874 2.68781 51.6454 52.1353
internal_count=3659 2687 1768 1381 387 1092 94 289 972 293 34 919 938
is_linear=0
shrinkage=0.05


Tree=109
num_leaves=2
num_cat=0
split_feature=4
split_gain=206.883
threshold=0.20276797935366633
decision_type=2
left_child=-1
right_child=-2
leaf_value=-0.039408843213694568 0.043233693692824551
leaf_weight=163.1620845682919 141.14274331927299
leaf_count=2741 918
internal_value=0
internal_weight=0
internal_count=3659
is_linear=0
shrinkage=0.05


Tree=110
num_leaves=4
num_cat=0
split_feature=1 7 1
split_gain=205.563 0.601548 0.425868
threshold=35.923706054687507 3.9691859483718877 33.872245788574226
decision_type=2 2 2
left_child=2 -2 -1
right_child=1 -3 -4
leaf_value=-0.039456050620654923 0.043318247100787799 0.015194167217672748 -0.0082418029889912738
leaf_weight=161.59807283803821 140.78881832957268 2.0668938383460036 1.1603965386748303
leaf_count=2713 913 19 14
internal_value=0 0.0429222 -0.0392387
internal_weight=0 142.856 162.758
internal_count=3659 932 2727
is_linear=0
shrinkage=0.05


Tree=111
num_leaves=15
num_cat=0
split_feature=5 8 5 4 5 3 8 5 6 8 3 9 6 3
split_gain=50.5677 69.7729 13.813 21.5051 12.5013 10.7149 10.0027 10.304 8.9413 6.15415 4.00719 3.90037 4.4843 3.82122
threshold=1.7483461499214175 4.6584548950195321 1.4598696827888491 0.20276797935366633 1.5512197613716128 -0.033056052401661866 -4.8460083007812491 1.6159114837646487 -0.016484326682984825 -1.519264221191406 0.098771378397941603 3.1503143310546879 0.048693655058741576 0.013889674562960865
decision_type=2 2 2 2 2 2 2 2 2 2 2 2 2 2
left_child=1 2 3 13 8 -2 7 -4 -3 11 -8 12 -7 -1
right_child=5 4 6 -5 -6 9 10 -9 -10 -11 -12 -13 -14 -15
leaf_value=-0.0075437320417098318 0.043971222858674615 -0.035105963032461322 -0.04048102551820261 -0.039125391627793306 -0.03889437978921842 0.048163012593789904 -0.036251993644168694 0.053324010523797365 0.045110636976479733 -0.036626094191661983 0.03631427657949491 0.062736738035909012 -0.022362550741790933 0.044732038133828672
leaf_weight=4.3174320235848453 68.030993431806564 3.6190836466848841 5.0764571316540223 17.888080012053251 5.3148057386279097 3.5070330649614352 138.59932600706816 6.6478489153087139 59.091772381216288 6.6489109359681597 1.8531652912497509 3.9736318141221991 5.9108726531267166 17.699348285794258
leaf_count=24 408 58 58 302 81 18 2106 39 373 48 18 17 26 83
internal_value=0 -0.00929577 -0.024705 0.00147698 0.034187 0.0345179 -0.031567 0.0127089 0.0404328 0.00236774 -0.0352694 0.0218562 0.00412981 0.0344931
internal_weight=0 260.107 192.082 39.9049 68.0257 88.0714 152.177 11.7243 62.7109 20.0404 140.452 13.3915 9.41791 22.0168
internal_count=3659 3142 2630 409 512 517 2221 97 431 109 2124 61 44 107
is_linear=0
shrinkage=0.05


Tree=112
num_leaves=15
num_cat=0
split_feature=1 7 8 8 12 3 3 3 0 8 1 0 1 4
split_gain=46.5857 31.9027 26.58 27.2945 7.76188 6.88078 5.00682 5.00052 1.23361 1.24174 1.08958 2.62956 0.906793 0.310177
threshold=21.078110694885257 4.1567366123199472 -4.6619644165039054 5.1415863037109384 -0.056903272867202752 -0.068993955850601182 0.032661179080605514 -0.060275286436080926 0.077449221163988127 4.4748001098632821 24.153811454772953 0.23294892162084582 2.1594104766845708 -0.071188647300004945
decision_type=2 2 2 2 2 2 2 2 2 2 2 2 2 2
left_child=1 2 4 5 7 -4 -5 -1 -3 -10 11 -2 -6 -12
right_child=10 8 3 6 12 -7 -8 -9 9 -11 13 -13 -14 -15
leaf_value=-0.039335379726230912 -0.038567624711230673 -0.039757984761517887 -0.0086596603587705007 0.01350633710801589 -0.063366359218969118 0.032563744975821533 -0.041509868453872431 0.032723201961757181 0.03667223008179811 -0.035898716993777217 -0.01661335686096185 0.01984261931278012 -0.035805295786374147 -0.039044406436818349
leaf_weight=3.4030200056731701 5.5972750745713693 29.838994007557634 10.756694033741949 5.3822460994124439 3.7079971991479423 162.0647168494761 17.181351818144321 7.6200085058808309 1.0484782829880708 1.1109850741922853 1.7914420403540123 2.8352762013673782 19.873225446790457 60.480245009064674
leaf_count=56 102 573 79 35 37 963 289 38 6 21 23 13 255 1169
internal_value=0 0.00957728 0.0160884 0.0232415 -0.0242511 0.0299944 -0.0283848 0.0103237 -0.0371254 -0.000599944 -0.036131 -0.018926 -0.0403884 -0.0384268
internal_weight=0 261.988 229.989 195.385 34.6043 172.821 22.5636 11.023 31.9985 2.15946 70.7042 8.43255 23.5812 62.2717
internal_count=3659 2352 1752 1366 386 1042 324 94 600 27 1307 115 292 1192
is_linear=0
shrinkage=0.05


Tree=113
num_leaves=2
num_cat=0
split_feature=4
split_gain=191.873
threshold=0.20276797935366633
decision_type=2
left_child=-1
right_child=-2
leaf_value=-0.039285051541099701 0.042784826185777482
leaf_weight=153.20643894001842 132.90268218517303
leaf_count=2741 918
internal_value=0
internal_weight=0
internal_count=3659
is_linear=0
shrinkage=0.05


Tree=114
num_leaves=3
num_cat=0
split_feature=0 0
split_gain=191.422 0.386776
threshold=0.28338000178337103 0.54847639799118053
decision_type=2 2
left_child=-1 -2
right_child=1 -3
leaf_value=-0.039276491739558994 0.022368975573302433 0.042820633580459455
leaf_weight=152.48971157521009 2.6997666060924521 132.40279157459736
leaf_count=2733 12 914
internal_value=0 0.0424288
internal_weight=0 135.103
internal_count=3659 926
is_linear=0
shrinkage=0.05


Tree=115
num_leaves=15
num_cat=0
split_feature=1 4 5 5 8 11 8 5 6 8 5 1 9 11
split_gain=58.4682 36.315 18.0227 47.696 11.3457 7.87948 5.17099 3.28773 3.28371 2.21053 1.42023 0.569005 1.17701 0.392838
threshold=20.10357761383057 0.20276797935366633 1.4923390150070193 1.7483461499214175 -4.7429733276367179 -0.027546986937522885 0.79365539550781261 1.7995837926864626 0.071920149028301253 6.8807601928710946 1.4645794034004214 20.907383918762211 -5.1760787963867179 0.11964737623929979
decision_type=2 2 2 2 2 2 2 2 2 2 2 2 2 2
left_child=1 2 6 4 -4 -5 8 9 -1 11 -8 12 -2 -13
right_child=7 -3 3 5 -6 -7 10 -9 -10 -11 -12 13 -14 -15
leaf_value=-0.027668420898019186 0.01833843275583685 -0.039125255422169249 0.037656561359213726 0.043996519748075495 -0.028087382890445337 0.0028473541050761477 0.042641397621238808 0.021023663516932758 0.049949658208962813 0.024889621447627273 0.077253367829103872 -0.039250853129101274 -0.039025068354811537 -0.0036307980697425028
leaf_weight=4.2607282251119605 1.348290737718344 28.519930452108383 7.2932186573743811 64.880769684910774 59.093654572963715 14.188202090561388 66.60714066028595 2.4786972627043715 1.8823611289262769 1.3632600978016842 3.1814243197441092 72.640230666846037 2.3035755902528754 0.80403490364551444
leaf_count=33 10 503 37 405 798 69 421 16 8 9 14 1293 37 6
internal_value=0 0.0138876 0.0207315 0.0104113 -0.020819 0.0366256 0.0404614 -0.0349836 -0.00346562 -0.0367775 0.0443275 -0.0378988 -0.0179218 -0.0388664
internal_weight=0 249.907 221.387 145.456 66.3869 79.069 75.9317 80.9381 6.14309 78.4594 69.7886 77.0961 3.65187 73.4443
internal_count=3659 2288 1785 1309 835 474 476 1371 41 1355 435 1346 47 1299
is_linear=0
shrinkage=0.05


Tree=116
num_leaves=15
num_cat=0
split_feature=1 5 5 4 3 4 5 7 3 4 7 3 1 5
split_gain=42.9791 30.6444 29.8953 27.2454 10.9952 3.00867 6.38686 1.23192 2.0564 1.15634 0.842042 0.621393 0.551611 1.93276
threshold=21.078110694885257 1.4831829071044924 1.82738733291626 0.20276797935366633 -0.064363416284322725 -0.023216342553496357 1.3904049396514895 1.1698533892631533 0.05281371250748635 -0.071188647300004945 2.8869005441665654 0.014460912905633451 24.153811454772953 1.6943472623825075
decision_type=2 2 2 2 2 2 2 2 2 2 2 2 2 2
left_child=1 5 3 4 -3 6 -1 8 -7 10 -2 -8 13 -11
right_child=9 2 -4 -5 -6 7 11 -9 -10 12 -12 -13 -14 -15
leaf_value=-0.039425549224287045 -0.038031737594473682 -0.011025556124328028 -0.039209064184656167 -0.038704038045047136 0.034080129538424521 0.0033131589684356694 0.052446570508358249 -0.039450612209985372 -0.042437867272757224 -0.035076261938514611 0.01918926903013303 0.017330093491340511 -0.038926628891967546 0.032676259580777987
leaf_weight=5.9142955653369409 0.93737727776169721 14.775423068553208 20.602210663259029 15.657292168587444 152.64409140497446 5.1664716415107232 2.6455932408571243 26.451908081769943 4.5588015392422676 6.025816921144723 1.5922979824244974 2.599446028470993 56.46243754401803 1.1885339319705961
leaf_count=99 12 78 372 328 893 29 11 453 70 106 15 19 1169 5
internal_value=0 0.00934174 0.0177641 0.0241933 0.0300952 -0.0268588 -0.00411555 -0.0338436 -0.0183467 -0.035917 -0.00265405 0.0356926 -0.0372322 -0.0236202
internal_weight=0 251.016 203.679 183.077 167.42 47.3365 11.1593 36.1772 9.72527 66.2065 2.52968 5.24504 63.6768 7.21435
internal_count=3659 2352 1671 1299 971 681 129 552 99 1307 27 30 1280 111
is_linear=0
shrinkage=0.05


Tree=117
num_leaves=2
num_cat=0
split_feature=4
split_gain=177.886
threshold=0.20276797935366633
decision_type=2
left_child=-1
right_child=-2
leaf_value=-0.039168071579740345 0.042365815895350122
leaf_weight=143.83769847452641 124.88527011871338
leaf_count=2741 918
internal_value=0
internal_weight=0
internal_count=3659
is_linear=0
shrinkage=0.05


Tree=118
num_leaves=3
num_cat=0
split_feature=0 0
split_gain=177.405 0.425716
threshold=0.28338000178337103 0.54847639799118053
decision_type=2 2
left_child=-1 -2
right_child=1 -3
leaf_value=-0.03915938771107301 0.020913190578715459 0.042403173966558017
leaf_weight=143.14722003415227 2.6449119895696631 124.47108325362206
leaf_count=2733 12 914
internal_value=0 0.0419728
internal_weight=0 127.116
internal_count=3659 926
is_linear=0
shrinkage=0.05


Tree=119
num_leaves=15
num_cat=0
split_feature=1 4 5 5 8 11 8 13 5 8 5 1 9 11
split_gain=54.0972 33.461 16.8299 43.7098 10.3213 7.578 4.77352 3.91854 3.16977 2.09909 1.27092 0.568003 1.18062 0.40103
threshold=20.10357761383057 0.20276797935366633 1.4923390150070193 1.7483461499214175 -4.7429733276367179 -0.027546986937522885 0.79365539550781261 0.97851175069808971 1.7995837926864626 6.8807601928710946 1.4645794034004214 20.907383918762211 -6.0866012573242179 0.11964737623929979
decision_type=2 2 2 2 2 2 2 2 2 2 2 2 2 2
left_child=1 2 6 4 -4 -5 7 -1 9 11 -8 12 -2 -13
right_child=8 -3 3 5 -6 -7 10 -9 -10 -11 -12 13 -14 -15
leaf_value=-0.043800259350612381 0.019899828090254965 -0.038988322937374663 0.034754579971456583 0.043483507011093214 -0.027461870182793842 0.0027453181066839465 0.042103595600811623 0.035688365425921235 0.020713933719026082 0.024269755022094469 0.075248389446533004 -0.039120804305104381 -0.038788734654980776 -0.00285650716040841
leaf_weight=2.8966908454895011 1.2813702896237376 26.62435244768858 7.4684135541319838 61.598794892430305 56.552277848124504 14.024165958166121 63.346377454698086 3.1130630671977997 2.4382389560341826 1.3290339410305012 3.1220537871122351 67.851336248219013 2.2169991768896571 0.78757449984550376
leaf_count=24 9 503 37 405 798 69 421 17 16 9 14 1293 38 6
internal_value=0 0.0137501 0.0203848 0.0102253 -0.0201611 0.0359423 0.0399182 -0.00271482 -0.0346818 -0.0365459 0.0437711 -0.0376984 -0.0173369 -0.0387095
internal_weight=0 238.746 212.122 139.644 64.0207 75.623 72.4782 6.00975 75.9046 73.4663 66.4684 72.1373 3.49837 68.6389
internal_count=3659 2288 1785 1309 835 474 476 41 1371 1355 435 1346 47 1299
is_linear=0
shrinkage=0.05


Tree=120
num_leaves=15
num_cat=0
split_feature=1 5 5 4 11 8 6 6 12 8 5 6 11 1
split_gain=36.4896 30.4632 28.0679 21.518 11.2196 5.71203 6.37997 3.03838 1.88372 3.43679 1.19659 1.15554 1.9417 0.695148
threshold=21.707786560058597 1.503061890602112 1.82738733291626 0.20276797935366633 -0.065374363213777528 -0.56970977783203114 0.02122847177088261 0.071595553308725371 -0.045343816280364983 2.4148406982421879 1.4760683774948122 0.12534286454319957 0.059201661497354514 24.153811454772953
decision_type=2 2 2 2 2 2 2 2 2 2 2 2 2 2
left_child=1 5 3 4 -3 6 -1 -8 10 -10 -7 13 -13 -2
right_child=11 2 -4 -5 -6 8 7 -9 9 -11 -12 12 -14 -15
leaf_value=-0.036285171756075769 -0.019791070279200473 -0.01370704374365179 -0.039064251007845878 -0.038543172316161514 0.03316085534963148 -0.044983371321338228 0.0484331460395859 -0.020638872035288386 0.0009722143022741147 -0.037927993090633078 -0.093084188276380694 -0.037373362271435576 0.059845592642138061 -0.038811328220711851
leaf_weight=6.0756498649716368 5.6558110713958731 13.96102052554488 19.621691018342972 12.659310664981602 143.57565879821777 8.0320402197539789 6.105487182736395 2.0774281173944473 7.5251359492540386 22.969230107963085 1.6164509952068318 1.163566768169402 0.76545989140868176 51.786416083574295
leaf_count=122 89 75 381 284 873 94 29 9 97 418 8 19 4 1150
internal_value=0 0.00797263 0.0174258 0.0239576 0.0290013 -0.024983 0.0021957 0.0308601 -0.0346183 -0.0283567 -0.0539141 -0.0357 0.00225242 -0.0369762
internal_weight=0 244.219 189.818 170.196 157.537 54.4014 14.2586 8.18292 40.1429 30.4944 9.64849 59.3713 1.92903 57.4422
internal_count=3652 2390 1613 1232 948 777 160 38 617 515 102 1262 23 1239
is_linear=0
shrinkage=0.05


Tree=121
num_leaves=2
num_cat=0
split_feature=4
split_gain=163.715
threshold=0.20276797935366633
decision_type=2
left_child=-1
right_child=-2
leaf_value=-0.039069888324529546 0.041976397423177471
leaf_weight=135.76392192393541 114.99671074748039
leaf_count=2751 901
internal_value=0
internal_weight=0
internal_count=3652
is_linear=0
shrinkage=0.05


Tree=122
num_leaves=3
num_cat=0
split_feature=0 0
split_gain=162.091 1.33986
threshold=0.28338000178337103 0.54847639799118053
decision_type=2 2
left_child=-1 -2
right_child=1 -3
leaf_value=-0.03906046709341205 0.0086984844889000951 0.042025174598739681
leaf_weight=134.9385926797986 3.1579557955265036 114.83328023552895
leaf_count=2740 15 897
internal_value=0 0.0411413
internal_weight=0 117.991
internal_count=3652 912
is_linear=0
shrinkage=0.05


Tree=123
num_leaves=15
num_cat=0
split_feature=1 4 5 5 8 8 5 8 0 8 13 3 5 0
split_gain=53.8088 29.401 16.055 36.8997 15.4511 12.0793 4.81577 4.35031 2.53104 2.50161 1.59786 1.28734 1.1892 2.03961
threshold=18.75062465667725 0.20276797935366633 1.503061890602112 1.6848669052124026 -1.665077209472656 5.2446136474609384 1.7830509543418886 -1.0331039428710935 0.67164587974548351 7.3262786865234384 0.97851175069808971 -0.012284094467759131 1.3609942197799685 0.20846013724803927
decision_type=2 2 2 2 2 2 2 2 2 2 2 2 2 2
left_child=1 2 7 5 -5 -4 9 10 -8 12 -1 -9 13 -2
right_child=6 -3 3 4 -6 -7 8 11 -10 -11 -12 -13 -14 -15
leaf_value=-0.042403470887790673 -0.036912911068454193 -0.038838697827060363 -0.030299002876557502 0.040419583013121284 -0.01599600321217827 0.079209906002295771 0.048856856234186202 0.0022152090277163822 -0.037140292441501709 0.031537505553804031 0.021296956919636279 0.045119721376414797 -0.038202057359153524 0.045227479970216533
leaf_weight=1.8924168050289147 1.889474015682935 22.115345917642117 44.349895086139441 71.782720424234867 14.545602511614559 2.5748378708958617 2.598487980663776 1.8075134009122837 1.1664818301796911 1.2909560352563847 1.8575618863105772 64.960645124316216 68.285942573100328 1.1199693232774732
leaf_count=16 42 448 647 493 138 15 13 11 15 9 10 446 1344 5
internal_value=0 0.0157993 0.0217453 0.0115204 0.0309065 -0.0241344 -0.0327277 0.0410227 0.0219412 -0.0355896 -0.0111157 0.0439633 -0.0368475 -0.0058728
internal_weight=0 225.887 203.771 133.253 86.3283 46.9247 76.3513 70.5181 3.76497 72.5863 3.74998 66.7682 71.2954 3.00944
internal_count=3652 2224 1776 1293 631 662 1428 483 28 1400 26 457 1391 47
is_linear=0
shrinkage=0.05


Tree=124
num_leaves=15
num_cat=0
split_feature=1 5 5 7 3 8 6 6 3 2 6 9 10 1
split_gain=33.6248 27.6732 25.735 19.6149 10.7703 5.24592 5.8678 2.88065 1.88405 1.78161 1.61012 1.60099 1.55642 1.52743
threshold=21.707786560058597 1.503061890602112 1.82738733291626 4.1567366123199472 -0.065374363213777528 -0.56970977783203114 0.02122847177088261 0.071595553308725371 -0.033546058461070054 0.077449221163988127 -1.0000000180025095e-35 8.5605087280273455 1.7730904221534731 0.7250756323337556
decision_type=2 2 2 2 2 2 2 2 2 2 2 2 2 2
left_child=1 5 3 4 -3 6 -1 -8 10 -5 -7 -2 -13 -10
right_child=11 2 -4 9 -6 8 7 -9 13 -11 -12 12 -14 -15
leaf_value=-0.036000166898501211 -0.037549869195340549 -0.013673757705445872 -0.038947425648894453 -0.040497320890670721 0.032599678073142693 -0.035258392549151495 0.047610453181575023 -0.020332292499228452 0.011853318207905425 0.03849279938568155 0.046564511375547256 -0.038001739682717764 0.029290612206108686 -0.038843009771983766
leaf_weight=5.724817115813492 52.346608597785234 13.793008036911486 18.389582592993975 12.079940706491467 136.72662499547005 0.99464416503906283 5.8555788546800613 2.0491987317800522 1.5097475089132775 0.68160766363143999 1.2412740737199772 1.4788287021219724 1.7856301292777059 34.395331364125013
leaf_count=122 1218 75 381 285 868 23 29 9 16 4 5 26 18 573
internal_value=0 0.00779493 0.0169843 0.0233036 0.0283531 -0.0244224 0.00219637 0.0299633 -0.0339155 -0.0360119 0.0102146 -0.0354352 -0.00141686 -0.0366843
internal_weight=0 233.441 181.671 163.281 150.52 51.7706 13.6296 7.90478 38.141 12.7615 2.23592 55.6111 3.26446 35.9051
internal_count=3652 2390 1613 1232 943 777 160 38 617 289 28 1262 44 589
is_linear=0
shrinkage=0.05


Tree=125
num_leaves=2
num_cat=0
split_feature=4
split_gain=152.041
threshold=0.20276797935366633
decision_type=2
left_child=-1
right_child=-2
leaf_value=-0.038970210755030883 0.041632374331565108
leaf_weight=127.39100328460336 108.02625474333763
leaf_count=2751 901
internal_value=0
internal_weight=0
internal_count=3652
is_linear=0
shrinkage=0.05


Tree=126
num_leaves=4
num_cat=0
split_feature=1 1 1
split_gain=151.798 0.431288 0.393248
threshold=35.923706054687507 39.18550109863282 33.872245788574226
decision_type=2 2 2
left_child=2 -2 -1
right_child=1 -3 -4
leaf_value=-0.039090158533805451 0.012630911336808177 0.041673958086104856 -0.0078113334270542307
leaf_weight=126.51259914785624 1.400924865156411 108.44169472157955 1.0695889741182316
leaf_count=2720 14 902 16
internal_value=0 0.0413154 -0.0388343
internal_weight=0 109.843 127.582
internal_count=3652 916 2736
is_linear=0
shrinkage=0.05


Tree=127
num_leaves=15
num_cat=0
split_feature=5 8 5 4 11 5 5 8 4 5 11 8 5 13
split_gain=35.1105 47.505 10.5306 18.9142 11.6063 9.28263 9.10376 7.75563 5.53863 5.03083 3.82398 3.20546 2.44243 1.35081
threshold=1.7767128348350527 4.6584548950195321 1.4718365073204043 0.20276797935366633 -0.065374363213777528 1.5512197613716128 1.6871035695075991 -1.2680816650390623 0.40218600630760198 1.82738733291626 0.098771378397941603 -1.0331039428710935 1.4943228960037234 0.97107487916946422
decision_type=2 2 2 2 2 2 2 2 2 2 2 2 2 2
left_child=1 2 3 11 6 8 -4 -2 12 -9 -6 -1 -3 -7
right_child=7 5 4 -5 10 13 -8 9 -10 -11 -12 -13 -14 -15
leaf_value=-0.005509062746697227 0.041145303113398313 0.041196272580370209 -0.01618499216481474 -0.038616854698038432 -0.032453074987513909 0.035902264726527668 0.071532022541430942 -0.044504058454210335 -0.037193109281847936 0.045114072180985704 0.040370313486442058 0.0413993968787226 0.088405708366092919 -0.038911549463118492
leaf_weight=4.5011164285242584 59.805545024573803 44.919345401227474 7.0759190730750543 15.798897452652453 112.71061831340194 0.61426445469260116 4.9475723281502724 4.6014711037278166 2.1097115427255622 2.2541610598564148 1.7510049492120732 18.507273212075233 2.9168711900711051 4.515514612197876
leaf_count=36 438 366 97 352 2025 10 31 36 45 11 18 95 15 77
internal_value=0 -0.0060108 -0.0194107 0.00336741 -0.0263965 0.0341672 0.0202022 0.0353769 0.0407456 -0.0148123 -0.0313048 0.0322386 0.0442533 -0.0294378
internal_weight=0 220.368 165.292 38.8073 126.485 55.0757 12.0235 66.6612 49.9459 6.85563 114.462 23.0084 47.8362 5.12978
internal_count=3652 3167 2654 483 2171 513 128 485 426 47 2043 131 381 87
is_linear=0
shrinkage=0.05


Tree=128
num_leaves=15
num_cat=0
split_feature=1 5 5 7 8 8 8 7 12 11 11 4 11 2
split_gain=30.8521 25.1647 24.373 19.3996 12.2899 6.20291 5.90178 6.57692 3.54806 3.05037 3.00561 2.52736 2.43712 1.66408
threshold=21.707786560058597 1.5100777149200442 1.7483461499214175 4.1567366123199472 -1.519264221191406 -6.1134948730468741 2.4148406982421879 2.5184705257415776 -0.10624325275421141 -0.040677879005670541 0.034036988392472274 -0.019922864623367783 -0.042970731854438775 0.077449221163988127
decision_type=2 2 2 2 2 2 2 2 2 2 2 2 2 2
left_child=1 6 3 5 8 -3 7 10 -4 -6 -1 -9 -8 -5
right_child=-2 2 4 13 9 -7 12 11 -10 -11 -12 -13 -14 -15
leaf_value=0.032130417399159276 -0.035177505162735871 -0.019340280627789544 0.016622779721480518 -0.040624539557551319 -0.020759528708289111 0.035836847867701742 0.029510554623147861 0.047117456705423881 -0.038196363435788069 0.04661513389594469 -0.017050877930274665 -0.040102462479562895 -0.042292695151878189 0.037811550136441115
leaf_weight=9.9333148673176783 52.067237380892038 5.2731826007366172 3.2481592372059849 10.381768058985468 2.087225217372179 113.27418863773346 1.171139951795342 0.81700585782528001 27.542933762073517 7.5780012011527997 4.4245424419641486 10.702196974307295 25.598960466682911 0.64639264345169145
leaf_count=51 1262 17 28 262 14 797 10 4 419 33 23 234 494 4
internal_value=0 0.00753947 0.0168914 0.0274644 -0.0169566 0.0333682 -0.0226387 -0.00557263 -0.0323784 0.0320018 0.0169615 -0.0335641 -0.0390533 -0.0357287
internal_weight=0 222.679 170.032 129.576 40.4563 118.547 52.6472 25.8771 30.7911 9.66523 14.3579 11.5192 26.7701 11.0282
internal_count=3652 2390 1574 1080 494 814 816 312 447 47 74 238 504 266
is_linear=0
shrinkage=0.05


Tree=129
num_leaves=2
num_cat=0
split_feature=4
split_gain=141.273
threshold=0.20276797935366633
decision_type=2
left_child=-1
right_child=-2
leaf_value=-0.038877010202543749 0.041317870548463614
leaf_weight=119.51572692766786 101.43065169453621
leaf_count=2751 901
internal_value=0
internal_weight=0
internal_count=3652
is_linear=0
shrinkage=0.05


Tree=130
num_leaves=5
num_cat=0
split_feature=1 7 0 1
split_gain=141.212 0.415573 0.848484 0.392696
threshold=35.923706054687507 3.9691859483718877 -1.0000000180025095e-35 33.872245788574226
decision_type=2 2 2 2
left_child=3 -2 -3 -1
right_child=1 2 -4 -5
leaf_value=-0.03899541403731905 0.041412324150259805 -0.032965098054084208 0.038248926074541174 -0.0073038035629539979
leaf_weight=118.71442474424839 101.71028700470924 0.53417095541954052 1.1670688837766634 1.0374702550470818
leaf_count=2720 896 10 10 16
internal_value=0 0.0409979 0.0152997 -0.0387272
internal_weight=0 103.412 1.70124 119.752
internal_count=3652 916 20 2736
is_linear=0
shrinkage=0.05


Tree=131
num_leaves=14
num_cat=0
split_feature=1 7 8 3 3 8 3 8 8 1 0 3 6
split_gain=46.7053 24.9102 9.8814 20.189 8.3025 6.14627 3.5452 3.54215 2.11154 0.841149 1.14585 0.66358 0.3368
threshold=18.75062465667725 12.534932136535646 4.6584548950195321 -0.041941968724131577 0.075256917625665679 0.79365539550781261 -0.042970731854438775 -8.2722549438476545 7.3262786865234384 21.078110694885257 0.20846013724803927 0.034036988392472274 0.12534286454319957
decision_type=2 2 2 2 2 2 2 2 2 2 2 2 2
left_child=1 2 3 5 -5 -1 -4 -2 9 10 -9 -8 -11
right_child=7 -3 6 4 -6 -7 11 8 -10 12 -12 -13 -14
leaf_value=0.040547348799321634 0.031024389547701783 -0.03860309949804383 -0.039614187201680001 -0.0067240469059414651 0.046311659555247839 -0.038283925921799744 0.023897505390850435 -0.037973706359916509 0.030299817733215731 -0.03841234423561888 -0.00069434142077000186 0.045620535344835039 -0.012290927604962474
leaf_weight=55.563931673765182 2.06400267407298 19.140794642269611 1.2430580146610726 73.868466388434172 8.0970865190029127 2.5117400884628287 4.2371062673628321 4.2275955155491811 1.1674197912216175 54.762870863080025 3.943180724978447 40.424890927970409 1.3819366730749596
leaf_count=456 15 445 11 828 60 37 36 96 9 1254 31 351 23
internal_value=0 0.0155748 0.0211695 0.0145517 -0.00143479 0.037078 0.0412826 -0.032333 -0.0343742 -0.0355934 -0.0202088 0.0436177 -0.0377924
internal_weight=0 205.087 185.946 140.041 81.9656 58.0757 45.9051 67.547 65.483 64.3156 8.17078 44.662 56.1448
internal_count=3652 2224 1779 1381 888 493 398 1428 1413 1404 127 387 1277
is_linear=0
shrinkage=0.05


Tree=132
num_leaves=15
num_cat=0
split_feature=1 5 3 4 5 5 3 7 5 4 0 1 6 0
split_gain=30.5064 23.1575 23.669 14.2599 11.1028 8.29416 5.555 8.01487 1.85737 1.8176 1.70143 1.49288 3.09671 1.34767
threshold=21.078110694885257 1.5147325992584231 -0.056932063773274415 0.20276797935366633 1.7028533816337588 1.82738733291626 0.015510321129113437 2.6374496221542363 1.731662452220917 -0.071188647300004945 0.13653798401355746 13.419492721557619 0.06887406483292581 0.12097915634512903
decision_type=2 2 2 2 2 2 2 2 2 2 2 2 2 2
left_child=1 6 4 5 -3 -4 7 13 -6 -2 -9 -8 -13 -1
right_child=9 2 3 -5 8 -7 11 10 -10 -11 -12 12 -14 -15
leaf_value=0.04701284877427566 0.0064039984463951224 0.021163963505113133 0.033623357025439907 -0.038080038151124283 -0.090081281610485078 -0.038642385704925598 -0.03996759027727257 -0.037598504236822497 -0.038424744464127407 -0.036002557465241836 0.037818790331019266 -0.038109283296574009 0.017602874320637934 0.010513415988516928
leaf_weight=5.8290234953165072 2.6357452385127536 9.7510677948594111 122.28065782785416 7.7861917279660693 1.9178654402494455 4.0236765369772902 22.009599026292562 8.9987555593252146 17.666710201650858 48.608130395412445 0.73545721173286516 6.3698072806000692 3.9828113988041878 4.5364114455878735
leaf_count=29 30 66 846 217 8 72 382 221 337 1276 5 125 38 28
internal_value=0 0.00906463 0.018341 0.0272388 -0.0222847 0.0312924 -0.0198124 0.000840668 -0.0439153 -0.0338131 -0.0315738 -0.0326028 -0.0167126 0.031292
internal_weight=0 215.888 163.426 134.091 29.3356 126.304 52.4619 20.0996 19.5846 51.2439 9.73421 32.3622 10.3526 10.3654
internal_count=3680 2374 1546 1135 411 918 828 283 345 1306 226 545 163 57
is_linear=0
shrinkage=0.05


Tree=133
num_leaves=2
num_cat=0
split_feature=4
split_gain=132.556
threshold=0.20276797935366633
decision_type=2
left_child=-1
right_child=-2
leaf_value=-0.038797334665008544 0.041020300957481645
leaf_weight=113.21855030395091 96.05412058532238
leaf_count=2769 911
internal_value=0
internal_weight=0
internal_count=3680
is_linear=0
shrinkage=0.05


Tree=134
num_leaves=5
num_cat=0
split_feature=1 1 7 1
split_gain=132.557 0.43451 0.295587 0.555795
threshold=35.923706054687507 33.872245788574226 3.9691859483718877 57.102722167968757
decision_type=2 2 2 2
left_child=1 -1 -2 -4
right_child=2 -3 3 -5
leaf_value=-0.038918589202200898 0.041118528609723815 -0.0038670483348439617 -0.020136944531947323 0.037760956389046391
leaf_weight=112.626324724406 96.103249922394753 0.91461487859487434 0.55732299387454887 1.0931338742375372
leaf_count=2743 903 14 10 10
internal_value=0 -0.0386399 0.0407502 0.0181766
internal_weight=0 113.541 97.7537 1.65046
internal_count=3680 2757 923 20
is_linear=0
shrinkage=0.05


Tree=135
num_leaves=15
num_cat=0
split_feature=1 4 5 5 3 8 3 5 8 5 0 5 9 8
split_gain=42.2532 21.7497 12.8733 33.088 15.7217 6.78071 5.62495 4.30265 3.01337 2.74481 2.24037 2.12914 0.887078 0.583128
threshold=18.75062465667725 0.20276797935366633 1.5121980309486391 1.6848669052124026 -0.018787139095365998 -6.1134948730468741 0.018172502517700199 1.7995837926864626 3.1649475097656254 1.3609942197799685 -1.0000000180025095e-35 1.4645794034004214 0.64700317382812511 6.8807601928710946
decision_type=2 2 2 2 2 2 2 2 2 2 2 2 2 2
left_child=1 2 6 5 -5 -4 8 9 -1 10 -2 -8 -9 -11
right_child=7 -3 3 4 -6 -7 11 12 -10 13 -12 -13 -14 -15
leaf_value=-0.021212732817324442 -0.036189724426082003 -0.03849565369280105 0.08117598246660325 0.041701816665464429 -0.011222013521439457 -0.031060744579166633 0.040078937276774695 -0.0061405523562996882 0.037925210028201276 -0.038692428505828075 0.043042053114143587 0.073978315655385138 0.046862700449080981 0.0069946033748467893
leaf_weight=5.6838392280042154 1.5169589407742026 17.889621533453465 1.2999435067176808 57.243318688124418 18.530841331928968 39.016121674329042 48.661738634109497 1.3452919907867902 3.3324458599090576 57.275441728532314 1.8951934874057759 5.2194606810808173 1.741566441953182 0.67843694239854713
leaf_count=49 42 446 4 465 168 643 410 13 19 1368 12 25 10 6
internal_value=0 0.0139291 0.0191875 0.00930294 0.0287614 -0.0272499 0.0373877 -0.0326827 0.000821079 -0.0355837 0.00779007 0.0434937 0.0242954 -0.0381465
internal_weight=0 196.877 178.988 116.09 75.7742 40.3161 62.8975 64.4529 9.01629 61.366 3.41215 53.8812 3.08686 57.9539
internal_count=3680 2229 1783 1280 633 647 503 1451 68 1428 54 435 23 1374
is_linear=0
shrinkage=0.05


Tree=136
num_leaves=13
num_cat=0
split_feature=7 0 3 8 8 8 7 6 3 0 8 6
split_gain=22.9288 29.1633 16.6693 20.6205 5.53648 5.34431 2.54036 1.2162 1.06341 0.805724 0.425382 0.172309
threshold=4.1567366123199472 0.54847639799118053 -0.06156578287482261 5.7985687255859384 -4.7429733276367179 -2.7237548828124996 1.522578299045563 0.02658165339380503 0.032661179080605514 0.077449221163988127 -1.0000000180025095e-35 0.034099992364645011
decision_type=2 2 2 2 2 2 2 2 2 2 2 2
left_child=1 2 5 4 -4 7 -7 -1 -5 11 -11 -2
right_child=9 -3 3 8 -6 6 -8 -9 -10 10 -12 -13
leaf_value=-0.015597573521626475 -0.038417201116000964 -0.03839507308595564 -0.0024579642240189986 -0.001061318567789742 0.028477900593662894 -0.016861349313918163 0.038775300302956964 -0.046839748605381093 -0.044329482139056395 0.014240056238217353 -0.033473250173643797 -0.066976431954879581
leaf_weight=4.2608772926032605 31.479963909834623 30.699707355350256 16.18204702809453 1.6169749684631813 134.8276318050921 4.1830836273729783 3.8498311452567577 13.005475167185066 11.86202849075198 1.1161402240395544 0.6605377271771421 0.63243040814995666
leaf_count=76 920 898 115 16 1033 35 25 238 279 14 19 12
internal_value=0 0.00674039 0.0140578 0.0198698 0.0251634 -0.0236597 0.00995182 -0.0392642 -0.039185 -0.037377 -0.00433733 -0.0391858
internal_weight=0 220.488 189.788 164.489 151.01 25.2993 8.03291 17.2664 13.479 33.8891 1.77668 32.1124
internal_count=3680 2715 1817 1443 1148 374 60 314 295 965 33 932
is_linear=0
shrinkage=0.05


Tree=137
num_leaves=2
num_cat=0
split_feature=4
split_gain=123.149
threshold=0.20276797935366633
decision_type=2
left_child=-1
right_child=-2
leaf_value=-0.038714750875042045 0.040749625635978726
leaf_weight=106.17852076515555 89.980869568884373
leaf_count=2769 911
internal_value=0
internal_weight=0
internal_count=3680
is_linear=0
shrinkage=0.05


Tree=138
num_leaves=5
num_cat=0
split_feature=1 1 7 0
split_gain=123.142 0.431416 0.278291 0.513427
threshold=35.923706054687507 33.872245788574226 3.9691859483718877 0.87900835275650036
decision_type=2 2 2 2
left_child=1 -1 -2 -4
right_child=2 -3 3 -5
leaf_value=-0.038836249668171237 0.040842446220791348 -0.0034681847024837192 -0.019633911111641655 0.037317519652484844
leaf_weight=105.63844672590494 90.064263761043549 0.89005160704255004 0.53201546519994636 1.0278083607554434
leaf_count=2743 903 14 10 10
internal_value=0 -0.0385443 0.0404715 0.0178803
internal_weight=0 106.528 91.6241 1.55982
internal_count=3680 2757 923 20
is_linear=0
shrinkage=0.05


Tree=139
num_leaves=12
num_cat=0
split_feature=5 8 8 5 4 5 12 5 5 4 5
split_gain=28.0406 33.556 10.7544 10.9749 14.4581 9.64264 8.92225 6.77973 6.71652 3.53145 0.942881
threshold=1.82738733291626 5.0064468383789071 -4.8460083007812491 1.4773995876312258 0.20276797935366633 1.6159114837646487 -0.069421350955963121 1.557478189468384 1.7078130245208742 0.40218600630760198 1.4943228960037234
decision_type=2 2 2 2 2 2 2 2 2 2 2
left_child=1 2 5 4 -4 -1 -7 9 -5 10 -3
right_child=-2 7 3 8 -6 6 -8 -9 -10 -11 -12
leaf_value=-0.040254926173993205 0.041281301699561471 0.040177699510610926 0.02756177559965425 -0.034340510588156251 -0.038287932975221456 -0.017389326907589795 0.061838571620152938 -0.038484095841964855 -0.003888928779144657 -0.03611746082289826 0.070966548953598371
leaf_weight=5.2918948940932777 39.174697890877724 36.144529528915882 23.155998948961496 85.185290087014437 12.893600087612866 5.140895470976834 11.147446725517508 2.8964699469506732 23.023755170404911 1.4077260084450234 2.7907494977116576
leaf_count=90 371 354 152 1924 355 30 61 53 242 37 11
internal_value=0 -0.00476269 -0.0149926 -0.019917 0.00396902 0.017866 0.0368793 0.0344166 -0.0278709 0.0397328 0.0425607
internal_weight=0 209.078 165.839 144.259 36.0496 21.5802 16.2883 43.2395 108.209 40.343 38.9353
internal_count=3680 3309 2854 2673 507 181 91 455 2166 402 365
is_linear=0
shrinkage=0.05


Tree=140
num_leaves=15
num_cat=0
split_feature=1 5 3 7 5 5 3 7 0 5 0 0 7 5
split_gain=25.9714 21.6124 20.073 13.6816 9.68622 8.31786 4.3924 7.73463 1.77182 1.68062 1.54736 1.36403 1.31003 1.69333
threshold=24.153811454772953 1.5147325992584231 -0.060275286436080926 4.1567366123199472 1.7028533816337588 1.82738733291626 0.015510321129113437 2.6374496221542363 0.077449221163988127 1.731662452220917 0.13653798401355746 0.13220129907131198 0.92015430331230175 1.4415782094001772
decision_type=2 2 2 2 2 2 2 2 2 2 2 2 2 2
left_child=1 6 4 5 -3 -4 7 11 -5 -6 -9 -1 13 -8
right_child=-2 2 3 8 9 -7 12 10 -10 -11 -12 -13 -14 -15
leaf_value=0.041252479200805992 -0.036495845086616872 0.019484460040234415 0.032352405389984552 -0.040903458109454421 -0.095745697481132486 -0.038613249942950012 -0.03771595176135948 -0.037517560523911822 0.037452809295618637 -0.040414064660883375 0.03691481832149663 0.00017856883864045216 -0.036278848528459327 0.022449324136044134
leaf_weight=6.9936599582433718 39.044183371588588 8.5137434564530867 114.91025952622294 8.161142667755481 1.4941957741975809 4.201842237263917 2.1739378534257439 9.5384295843541587 0.71324896812439043 14.902160242199896 0.67448873817920763 2.8280164822936058 26.359597390517592 2.31320970505476
leaf_count=37 1190 59 861 252 6 80 51 269 5 327 5 20 506 12
internal_value=0 0.00796957 0.0173612 0.0253524 -0.0236345 0.0298187 -0.0202305 -0.00197999 -0.0342587 -0.0460063 -0.0322916 0.0295468 -0.0320393 -0.00688637
internal_weight=0 203.778 152.897 127.986 24.9101 119.112 50.8813 20.0346 8.87439 16.3964 10.2129 9.82168 30.8467 4.48715
internal_count=3680 2490 1590 1198 392 941 900 331 257 333 274 57 569 63
is_linear=0
shrinkage=0.05


Tree=141
num_leaves=2
num_cat=0
split_feature=4
split_gain=114.474
threshold=0.20276797935366633
decision_type=2
left_child=-1
right_child=-2
leaf_value=-0.038637142968116212 0.040499255926388894
leaf_weight=99.651719292625785 84.231286309659481
leaf_count=2769 911
internal_value=0
internal_weight=0
internal_count=3680
is_linear=0
shrinkage=0.05


Tree=142
num_leaves=3
num_cat=0
split_feature=2 2
split_gain=113.311 1.13023
threshold=0.28338000178337103 0.54847639799118053
decision_type=2 2
left_child=-1 -2
right_child=1 -3
leaf_value=-0.038626493338805502 0.0077873730290521489 0.040553807631989465
leaf_weight=99.030553648248315 2.771574154496192 84.307060323655605
leaf_count=2760 15 905
internal_value=0 0.039521
internal_weight=0 87.0786
internal_count=3680 920
is_linear=0
shrinkage=0.05


Tree=143
num_leaves=15
num_cat=0
split_feature=1 4 5 5 3 3 3 5 5 0 4 5 4 3
split_gain=36.7567 18.5762 10.8506 27.9922 13.9386 5.41785 5.08143 3.82457 2.5402 1.9506 1.742 1.73171 0.765248 0.22374
threshold=18.75062465667725 0.20276797935366633 1.5121980309486391 1.6848669052124026 -0.018787139095365998 0.081269212067127242 0.018172502517700199 1.7995837926864626 1.3609942197799685 0.20846013724803927 -0.018089119344949719 1.4645794034004214 0.0053948075510561475 0.08900779485702516
decision_type=2 2 2 2 2 2 2 2 2 2 2 2 2 2
left_child=1 2 6 5 -5 -4 10 8 9 -2 -1 -8 -9 -10
right_child=7 -3 3 4 -6 -7 11 12 13 -11 -12 -13 -14 -15
leaf_value=-0.026680589458378992 -0.03571817418707126 -0.038298663759115642 -0.030628667644721681 0.040778803893300068 -0.010462160269631074 0.054345053985344095 0.039044409303207503 0.044816933289960836 -0.038514294198755156 0.042328246370946572 0.018729253606954328 0.070243315019921815 -0.0064941125180431342 -0.01603604134226019
leaf_weight=3.3874811381101608 1.3183595146983855 15.565603066235779 34.765918415039778 52.174863908439875 17.74036730080843 1.8930267840623844 43.782896131277084 1.6352564692497247 49.683844521641731 1.7443438619375227 5.2549099773168546 5.0789320617914191 1.2114307917654512 1.3316784240305413
leaf_count=25 42 446 628 465 168 19 410 11 1353 12 43 25 12 21
internal_value=0 0.0137413 0.0186985 0.00923815 0.0277805 -0.0261048 0.0361851 -0.0323313 -0.0353083 0.00866557 0.000828768 0.0424242 0.0235017 -0.0379601
internal_weight=0 179.644 164.078 106.574 69.9152 36.6589 57.5042 56.9249 54.0782 3.0627 8.64239 48.8618 2.84669 51.0155
internal_count=3680 2229 1783 1280 633 647 503 1451 1428 54 68 435 23 1374
is_linear=0
shrinkage=0.05


Tree=144
num_leaves=15
num_cat=0
split_feature=1 5 5 4 8 8 8 6 12 12 3 6 5 4
split_gain=22.0006 15.3364 20.9004 10.4826 9.34134 7.19351 6.54336 7.6519 6.04507 3.54884 1.70799 1.56331 1.35121 1.3148
threshold=21.078110694885257 1.5343727469444277 1.7483461499214175 0.071907676756382002 -1.2680816650390623 -6.1134948730468741 2.4148406982421879 0.010292359162122013 -0.054052501916885369 -0.072106838226318345 0.025316474027931694 0.12534286454319957 1.5201709270477297 -0.018089119344949719
decision_type=2 2 2 2 2 2 2 2 2 2 2 2 2 2
left_child=1 6 3 5 9 -3 7 -1 -9 -4 13 -2 -12 -8
right_child=11 2 4 -5 -6 -7 10 8 -10 -11 12 -13 -14 -15
leaf_value=-0.035985736166237646 -0.035236164268437835 -0.025337457357874113 0.0089403891438195621 -0.035471393884247131 0.032923480494610101 0.034742894279775713 0.024178079148806562 -0.021075233796906432 0.039097101279024132 -0.040264773912320861 -0.041022855154987742 0.019780179534367944 -0.11885561930037368 -0.02637253927403814
leaf_weight=9.5651084296405333 39.896948024630547 5.2088016867637625 4.3574829790741232 6.1711800973862401 6.9000330343842498 88.724441520869732 1.6210279464721677 6.2200076244771507 12.277181681245564 21.911206889897585 16.330492015928034 1.2738077379763115 0.51143350079655547 5.1135575361549881
leaf_count=275 1269 17 59 190 38 757 9 35 81 376 407 18 4 97
internal_value=0 0.00688295 0.0158435 0.0272349 -0.0185147 0.0313879 -0.016229 0.000103338 0.0188586 -0.0320996 -0.0355872 -0.0334902 -0.044074 -0.0140292
internal_weight=0 184.912 133.273 100.104 33.1687 93.9332 51.6388 28.0623 18.4972 26.2687 23.5765 41.1708 16.8419 6.73459
internal_count=3632 2345 1437 964 473 774 908 391 116 435 517 1287 411 106
is_linear=0
shrinkage=0.05


Tree=145
num_leaves=2
num_cat=0
split_feature=4
split_gain=104.775
threshold=0.20276797935366633
decision_type=2
left_child=-1
right_child=-2
leaf_value=-0.038559687940795055 0.040272198612641308
leaf_weight=92.150213675573468 77.51016016304493
leaf_count=2737 895
internal_value=0
internal_weight=0
internal_count=3632
is_linear=0
shrinkage=0.05


Tree=146
num_leaves=3
num_cat=0
split_feature=1 7
split_gain=106.48 0.304009
threshold=35.923706054687507 4.1567366123199472
decision_type=2 2
left_child=-1 -2
right_child=1 -3
leaf_value=-0.038686505145418937 0.04036406077879881 0.012772662678900018
leaf_weight=91.739683089777827 79.628643199801445 1.1267935633659352
leaf_count=2707 908 17
internal_value=0 0.0399953
internal_weight=0 80.7554
internal_count=3632 925
is_linear=0
shrinkage=0.05


Tree=147
num_leaves=11
num_cat=0
split_feature=1 4 5 5 11 8 5 11 8 5
split_gain=34.0076 22.6627 8.208 20.4018 12.9883 7.27485 1.22803 0.98261 0.335618 0.0367802
threshold=22.025005340576175 0.20276797935366633 1.7995837926864626 1.5343727469444277 -0.02678742632269859 0.067169189453125014 2.1120147705078129 0.10494993627071382 -1.152931213378906 1.815183222293854
decision_type=2 2 2 2 2 2 2 2 2 2
left_child=1 2 3 5 -5 -1 7 -2 9 -4
right_child=6 -3 8 4 -6 -7 -8 -9 -10 -11
leaf_value=-0.012548323287742264 -0.038474043234482003 -0.038272576535023632 0.049715085452463642 0.021864561799981808 -0.025334820766324945 0.040490157964799253 0.039347183947902847 0.0082912175088321848 0.018380851529438049 0.039550735094119924
leaf_weight=7.335211891680955 40.887786405161023 18.871990719810128 2.5498141869902602 23.600393991917372 37.771876394748688 51.960587996989489 0.45344322919845481 1.1217645630240429 2.0715425983071318 34.933773338794708
leaf_count=73 1232 579 14 223 631 479 2 11 12 376
internal_value=0 0.0134184 0.019527 0.013028 -0.0071785 0.0339189 -0.0363005 -0.0372086 0.0392701 0.0403726
internal_weight=0 179.095 160.223 120.668 61.3723 59.2958 42.463 42.0096 39.5551 37.4836
internal_count=3632 2387 1808 1406 854 552 1245 1243 402 390
is_linear=0
shrinkage=0.05


Tree=148
num_leaves=15
num_cat=0
split_feature=1 5 5 4 8 8 3 6 8 3 9 1 0 0
split_gain=20.2261 13.8416 19.1423 9.59479 8.68315 6.77716 6.26352 5.65203 6.65622 3.07722 1.74693 1.32495 1.2679 1.22297
threshold=21.078110694885257 1.5343727469444277 1.7483461499214175 0.071907676756382002 -1.2680816650390623 -6.1134948730468741 0.070987619459629073 -0.0055199856869876376 3.3099975585937504 -0.018787139095365998 8.5605087280273455 28.533832550048832 0.038355499505996711 0.20846013724803927
decision_type=2 2 2 2 2 2 2 2 2 2 2 2 2 2
left_child=1 6 3 5 9 -3 7 -1 -9 -4 -2 -12 -5 -8
right_child=10 2 4 12 -6 -7 13 8 -10 -11 11 -13 -14 -15
leaf_value=-0.03794111453125474 -0.035899688241239618 -0.024344060738840077 -0.042511519007533943 -0.042899766172982641 0.032029696797345866 0.034119809343229418 -0.041476091270866156 0.02117138521866091 -0.034497603348986411 -0.0037447796661666632 0.037149531698687038 -0.034888310277563638 0.030720776881953921 -0.10601581275360013
leaf_weight=9.6609118580818159 36.204752564430237 5.1968733072280875 17.98777098022402 5.2360790632665148 6.7404314242303363 84.416591808199883 11.777045425027605 20.074016556143764 7.2195724565535775 7.1682177707552901 1.4422164596617215 0.9920983314514159 0.5851498246192931 0.74013482034206468
leaf_count=346 1244 17 397 184 38 757 310 128 112 38 10 33 6 12
internal_value=0 0.00674041 0.0154579 0.0266592 -0.0180351 0.030706 -0.0156827 -0.00528237 0.00637391 -0.0315235 -0.0331484 0.00757252 -0.0351056 -0.0461023
internal_weight=0 176.803 127.331 95.4347 31.8964 89.6135 49.4717 36.9545 27.2936 25.156 38.6391 2.43431 5.82123 12.5172
internal_count=3632 2345 1437 964 473 774 908 586 240 435 1287 43 190 322
is_linear=0
shrinkage=0.05


Tree=149
num_leaves=2
num_cat=0
split_feature=4
split_gain=97.3783
threshold=0.20276797935366633
decision_type=2
left_child=-1
right_child=-2
leaf_value=-0.038491363313725352 0.040058738953934109
leaf_weight=86.339682159945369 72.489461794495583
leaf_count=2737 895
internal_value=0
internal_weight=0
internal_count=3632
is_linear=0
shrinkage=0.05


Tree=150
num_leaves=3
num_cat=0
split_feature=1 7
split_gain=98.975 0.527584
threshold=35.923706054687507 4.3627154827117929
decision_type=2 2
left_child=-1 -2
right_child=1 -3
leaf_value=-0.038618027270420019 0.040147946487919944 -0.0048192542949568864
leaf_weight=85.969786152243614 74.961355939507484 0.63755499199032684
leaf_count=2707 913 12
internal_value=0 0.0397629
internal_weight=0 75.5989
internal_count=3632 925
is_linear=0
shrinkage=0.05


Tree=151
num_leaves=11
num_cat=0
split_feature=1 4 5 5 8 8 5 3 8 4
split_gain=31.4572 20.8101 7.67736 18.3814 12.2641 6.76396 1.14783 0.945257 0.327768 0.0417341
threshold=22.025005340576175 0.20276797935366633 1.7995837926864626 1.5343727469444277 -2.7631149291992183 0.067169189453125014 2.1120147705078129 0.10494993627071382 -1.152931213378906 0.019442203454673294
decision_type=2 2 2 2 2 2 2 2 2 2
left_child=1 2 3 5 -5 -1 7 -2 9 -4
right_child=6 -3 8 4 -6 -7 -8 -9 -10 -11
leaf_value=-0.01200888668620511 -0.038396627217527991 -0.03818750883752569 0.041284182975373833 0.024066296326873855 -0.023337008159767997 0.039695910997337221 0.038394662781493838 0.0080798686554454709 0.01810114008095674 0.034549700522803657
leaf_weight=7.2035207077860823 38.117925763130188 17.570494325831532 27.959441892802715 20.984436396509409 38.583578314632177 49.506884101778269 0.43375566601753135 1.0936684608459462 2.0453666374087325 7.2407164350152007
leaf_count=73 1232 579 308 170 684 479 2 11 12 82
internal_value=0 0.0132143 0.0191182 0.01277 -0.00662557 0.0331186 -0.0361628 -0.0370831 0.0388497 0.0400007
internal_weight=0 171.094 153.524 116.278 59.568 56.7104 39.6453 39.2116 37.2455 35.2002
internal_count=3632 2387 1808 1406 854 552 1245 1243 402 390
is_linear=0
shrinkage=0.05


Tree=152
num_leaves=15
num_cat=0
split_feature=1 5 5 4 3 3 6 3 1 10 9 1 0 0
split_gain=18.6086 12.4864 17.5416 8.80101 6.02053 5.97134 5.31708 3.53406 3.51004 3.02653 1.66161 1.19802 1.19492 1.11924
threshold=21.078110694885257 1.5343727469444277 1.7483461499214175 0.071907676756382002 0.070987619459629073 -0.02678742632269859 -0.0055199856869876376 0.018172502517700199 2.3100957870483403 0.8771207630634309 8.5605087280273455 28.533832550048832 0.038355499505996711 0.20846013724803927
decision_type=2 2 2 2 2 2 2 2 2 2 2 2 2 2
left_child=1 4 3 8 6 -4 -1 -8 -3 -7 -2 -12 -5 -6
right_child=10 2 5 12 13 9 7 -9 -10 -11 11 -13 -14 -15
leaf_value=-0.037853191829027764 -0.035666117546527619 0.0040547055610949531 -0.034880127992533434 -0.043053066462704508 -0.041242636679961357 -0.024009808810901596 0.0257088154074635 -0.010652322192855525 0.0339881586540123 0.028890506932275562 0.035308883355570864 -0.034607265100340859 0.030117782867136501 -0.10381711905545231
leaf_weight=8.9942322392016631 33.861439306288958 11.314754605293272 18.933204881846908 4.874752026051282 11.077206669375297 4.0680613778531534 12.478794489055874 14.170160476118324 74.167908616364002 7.6275161020457745 1.4266841448843472 0.92652488872408856 0.55732810869812954 0.72469637170434076
leaf_count=346 1244 94 404 184 310 23 83 157 680 46 10 33 6 12
internal_value=0 0.00659987 0.0150886 0.0261071 -0.0151323 -0.017596 -0.00483645 0.00640681 0.0300354 0.0104427 -0.0328488 0.00749235 -0.0351371 -0.045925
internal_weight=0 168.989 121.544 90.9147 47.4451 30.6288 35.6432 26.649 85.4827 11.6956 36.2146 2.35321 5.43208 11.8019
internal_count=3632 2345 1437 964 908 473 586 240 774 69 1287 43 190 322
is_linear=0
shrinkage=0.05


Tree=153
num_leaves=3
num_cat=0
split_feature=7 7
split_gain=89.7247 0.295125
threshold=5.3550145626068124 12.534932136535646
decision_type=2 2
left_child=-1 -2
right_child=1 -3
leaf_value=-0.038426176561748154 0.0066577686336820284 0.039852075058618895
leaf_weight=80.566136378794909 0.72095456160604854 67.289379678666592
leaf_count=2727 14 891
internal_value=0 0.0395105
internal_weight=0 68.0103
internal_count=3632 905
is_linear=0
shrinkage=0.05


Tree=154
num_leaves=3
num_cat=0
split_feature=1 7
split_gain=91.9748 0.500698
threshold=35.923706054687507 4.3627154827117929
decision_type=2 2
left_child=-1 -2
right_child=1 -3
leaf_value=-0.03855036519855428 0.039944542804053282 -0.0046245851898455313
leaf_weight=80.538484940305352 70.072482153773308 0.61602224409580131
leaf_count=2707 913 12
internal_value=0 0.0395502
internal_weight=0 70.6885
internal_count=3632 925
is_linear=0
shrinkage=0.05


Tree=155
num_leaves=11
num_cat=0
split_feature=1 7 3 5 5 3 5 5 5 3
split_gain=29.0811 18.9114 7.35208 12.9299 16.0302 10.3321 3.80268 2.0393 1.07194 0.934023
threshold=22.025005340576175 12.534932136535646 0.075256917625665679 1.6848669052124026 1.4863550662994387 -0.018787139095365998 1.5792686343193056 1.4895070195198061 2.1120147705078129 0.10494993627071382
decision_type=2 2 2 2 2 2 2 2 2 2
left_child=1 2 3 4 -1 -5 7 -4 9 -2
right_child=8 -3 6 5 -6 -7 -8 -9 -10 -11
leaf_value=0.027033659365797814 -0.038322421593920686 -0.038100719339741039 0.041170282158455668 0.041654503797648103 -0.025597490135034609 -0.0051092017387485873 -0.036955666937083458 0.08607430363794899 0.037485739652747201 0.0082618250201028556
leaf_weight=24.97943502664566 35.518221747130156 16.196442915126681 22.82985299825669 45.145500354468822 34.093600809574127 15.9570468775928 1.3691748492419709 2.8774915039539328 0.41433355212211509 1.0763119049370278
leaf_count=194 1232 575 287 465 667 162 21 16 2 11
internal_value=0 0.0130265 0.0186721 0.0133473 -0.00333398 0.0294537 0.0421695 0.0465106 -0.0360016 -0.0369335
internal_weight=0 163.449 147.252 120.176 59.073 61.1025 27.0765 25.7073 37.0089 36.5945
internal_count=3632 2387 1812 1488 861 627 324 303 1245 1243
is_linear=0
shrinkage=0.05


Tree=156
num_leaves=12
num_cat=0
split_feature=1 7 5 5 8 3 5 6 3 1 7
split_gain=19.591 15.7051 12.393 15.1806 8.82469 2.27653 0.401234 0.355257 0.497806 0.150513 0.0684865
threshold=24.153811454772953 4.1567366123199472 1.82738733291626 1.4598696827888491 -4.7429733276367179 0.013889674562960865 1.6735777258872988 0.12534286454319957 0.053792227059602744 0.90919977426528942 4.6716187000274667
decision_type=2 2 2 2 2 2 2 2 2 2 2
left_child=1 2 3 5 -5 -1 9 -2 -9 -3 -11
right_child=7 6 -4 4 -6 -7 -8 8 -10 10 -12
leaf_value=0.0088258949468231936 -0.038114687360611153 -0.062652995640860049 -0.038302889613111402 -0.011137866733099877 0.028377733651144561 -0.033771685710732566 0.011675322950483583 -0.035804289641938269 0.024789459816529493 -0.012753391216808383 -0.03796510018618255
leaf_weight=3.9043032601475742 28.575251927599314 0.77167748101056233 11.131038468331097 16.32436678558588 102.7356945630163 15.134258175268767 0.3593447357416143 0.65716177597641834 0.52068769186735153 0.40373404324054973 15.883404310792683
leaf_count=24 1176 18 371 89 927 368 6 16 6 13 661
internal_value=0 0.0069776 0.0122279 0.0163255 0.0229549 -0.0250356 -0.0378171 -0.0370036 -0.00917411 -0.0389216 -0.0374218
internal_weight=0 166.648 149.23 138.099 119.06 19.0386 17.4182 29.7531 1.17785 17.0588 16.2871
internal_count=3675 2477 1779 1408 1016 392 698 1198 22 692 674
is_linear=0
shrinkage=0.05


Tree=157
num_leaves=2
num_cat=0
split_feature=4
split_gain=85.4468
threshold=0.20276797935366633
decision_type=2
left_child=-1
right_child=-2
leaf_value=-0.038360392381967881 0.039676126786967886
leaf_weight=76.195445388555527 64.832818664610386
leaf_count=2757 918
internal_value=0
internal_weight=0
internal_count=3675
is_linear=0
shrinkage=0.05


Tree=158
num_leaves=3
num_cat=0
split_feature=0 0
split_gain=85.4326 0.417036
threshold=0.28338000178337103 0.54847639799118053
decision_type=2 2
left_child=-1 -2
right_child=1 -3
leaf_value=-0.038350809566008393 0.015250397835226482 0.039720270387086254
leaf_weight=75.612353259697556 1.9579807147383679 65.377623163163662
leaf_count=2744 13 918
internal_value=0 0.0390324
internal_weight=0 67.3356
internal_count=3675 931
is_linear=0
shrinkage=0.05


Tree=159
num_leaves=15
num_cat=0
split_feature=1 4 8 5 5 3 5 5 5 5 7 4 8 8
split_gain=25.9033 13.5454 7.36568 14.5952 14.5537 11.4028 3.58059 3.20752 1.83452 1.73059 2.70681 0.491242 0.265252 0.211183
threshold=18.75062465667725 0.20276797935366633 4.6584548950195321 1.6848669052124026 1.503061890602112 -0.018787139095365998 1.7995837926864626 1.6186023950576784 1.5304722189903261 1.4102246165275576 3.5077719688415532 -0.0027334636542946096 7.5943527221679696 -8.2722549438476545
decision_type=2 2 2 2 2 2 2 2 2 2 2 2 2 2
left_child=1 2 3 4 -1 -5 9 8 -4 10 -2 -8 13 -11
right_child=6 -3 7 5 -6 -7 11 -9 -10 12 -12 -13 -14 -15
leaf_value=0.026903478777633046 0.042713267149937201 -0.037958605520760892 0.040066637715351371 0.04205920294966746 -0.030094104234117319 -0.0083319427948599228 0.045927159753668415 -0.037071521402714545 0.10070020391410038 0.00054751573544195879 -0.036791808006970468 0.0013840792200144369 0.0091864228300946298 -0.037914120196457811
leaf_weight=17.716777864843607 1.7554960846900929 11.826569763943551 27.060053624212749 41.582363191992044 30.072278495877981 15.324646059423683 1.391285412013531 1.2310317233204831 1.2630035318434227 0.35748618096113105 2.4315368551760912 1.0691157765686501 0.27038078755140205 37.251522956416011
leaf_count=120 13 449 349 453 645 160 9 20 14 5 96 14 3 1325
internal_value=0 0.0131303 0.0176558 0.011412 -0.00895141 0.0284984 -0.0303915 0.0396614 0.0431152 -0.0338275 -0.00323896 0.0273819 -0.0371911 -0.037548
internal_weight=0 146.077 134.25 104.696 47.7891 56.907 44.5268 29.5541 28.3231 42.0664 4.18703 2.4604 37.8794 37.609
internal_count=3675 2210 1761 1378 765 613 1465 383 363 1442 109 23 1333 1330
is_linear=0
shrinkage=0.05


Tree=160
num_leaves=15
num_cat=0
split_feature=1 7 8 8 12 3 3 6 4 6 7 0 8 7
split_gain=18.0937 14.4678 10.8595 13.5363 6.55916 4.85028 4.6694 3.46922 1.78417 0.364359 0.482151 0.330157 0.324669 0.215065
threshold=24.153811454772953 4.1567366123199472 -4.7429733276367179 4.6584548950195321 -0.069421350955963121 0.032661179080605514 -0.066821534186601625 0.051174577325582511 0.03550404682755471 0.12534286454319957 3.28652036190033 0.077449221163988127 1.3509292602539065 4.6716187000274667
decision_type=2 2 2 2 2 2 2 2 2 2 2 2 2 2
left_child=1 2 4 6 7 -5 -4 -1 -6 -2 -11 13 -13 -3
right_child=9 11 3 5 8 -7 -8 -9 -10 10 -12 12 -14 -15
leaf_value=-0.039582466666019445 -0.038054502215995163 -0.072268441120158261 -0.012008234271000146 0.01567405898367227 -0.043071460790600646 -0.045491525456630634 0.027312193803110563 0.042291385502877255 0.0022860884586204341 -0.035369730545840521 0.025066108250904346 0.022473632937855217 -0.031856232747956112 -0.037897710949274244
leaf_weight=1.6356696616858268 26.600659169256691 0.51035187020897943 8.1310366168618184 4.6505281291902056 14.031890314072372 10.287095403298734 97.086913846433163 5.0954400133341551 2.5494364220648995 0.62400278821587452 0.51235959678888321 0.41110065579414445 0.50370314158499241 14.821494638919829
leaf_count=25 1176 8 91 44 277 310 953 41 38 16 6 5 22 663
internal_value=0 0.00681123 0.011882 0.0179408 -0.0192891 -0.0264713 0.0242651 0.0221077 -0.0361257 -0.0368696 -0.00829717 -0.0377658 -0.00763243 -0.0395027
internal_weight=0 159.715 143.468 120.156 23.3124 14.9376 105.218 6.73111 16.5813 27.737 1.13636 16.2467 0.914804 15.3318
internal_count=3675 2477 1779 1398 381 354 1044 66 315 1198 22 698 27 671
is_linear=0
shrinkage=0.05


Tree=161
num_leaves=2
num_cat=0
split_feature=4
split_gain=79.4555
threshold=0.20276797935366633
decision_type=2
left_child=-1
right_child=-2
leaf_value=-0.038304713148676658 0.039505051714352389
leaf_weight=71.449308430776 60.495959989726543
leaf_count=2757 918
internal_value=0
internal_weight=0
internal_count=3675
is_linear=0
shrinkage=0.05


Tree=162
num_leaves=4
num_cat=0
split_feature=1 7 6
split_gain=79.5944 1.35828 0.0753208
threshold=33.872245788574226 4.3627154827117929 -0.304790049791336
decision_type=2 2 2
left_child=-1 -2 -3
right_child=1 2 -4
leaf_value=-0.038386424408026955 0.039672030300506089 -0.032166002706775054 -0.0023126092850363879
leaf_weight=70.807266322895885 62.17000924795866 0.51166228950023651 0.3480394259095182
leaf_count=2725 926 16 8
internal_value=0 0.0388037 -0.0215805
internal_weight=0 63.0297 0.859702
internal_count=3675 950 24
is_linear=0
shrinkage=0.05


Tree=163
num_leaves=15
num_cat=0
split_feature=1 4 11 5 5 11 5 5 5 7 5 9 11 13
split_gain=23.97 12.4727 6.76423 11.932 14.1648 9.77316 3.7054 3.39422 1.62591 2.50537 1.54821 0.460339 0.167513 0.878204
threshold=18.75062465667725 0.20276797935366633 0.075256917625665679 1.6848669052124026 1.4831829071044924 -0.018787139095365998 1.5792686343193056 1.7995837926864626 1.4102246165275576 3.5077719688415532 1.4895070195198061 0.64700317382812511 -0.053487043827772134 0.97014147043228161
decision_type=2 2 2 2 2 2 2 2 2 2 2 2 2 2
left_child=1 2 3 4 -1 -5 10 8 9 -2 -4 -9 13 -10
right_child=7 -3 6 5 -6 -7 -8 11 12 -11 -12 -13 -14 -15
leaf_value=0.027405543442312937 0.042096776104619399 -0.037879183861202856 0.040771855058130212 0.040715388382900092 -0.026896169137058164 -0.0070114303986538928 -0.036737549767036283 0.002062672309548555 0.019134787871307495 -0.036631373667343682 0.080379575894837019 0.045807313022461792 -0.038399604937685287 -0.037199583821179702
leaf_weight=19.601882454007864 1.6645753979682916 11.005638277158139 19.587565548717983 40.149803802371025 30.666107852011919 14.587277732789515 1.3596694320440281 1.0674332827329629 0.79702960886061092 2.2656282056123018 2.8992841094732276 1.3072237670421598 31.235130166634917 3.3758612722158432
leaf_count=164 13 449 280 458 667 153 23 14 13 96 16 9 1188 132
internal_value=0 0.0129878 0.0173586 0.0118763 -0.00570898 0.0280067 0.0413486 -0.0301557 -0.033667 -0.00307014 0.0462118 0.0270216 -0.0370449 -0.0262436
internal_weight=0 139.857 128.852 105.005 50.268 54.7371 23.8465 41.7129 39.3382 3.9302 22.4868 2.37466 35.408 4.17289
internal_count=3675 2210 1761 1442 831 611 319 1465 1442 109 296 23 1333 145
is_linear=0
shrinkage=0.05


Tree=164
num_leaves=15
num_cat=0
split_feature=1 7 8 8 12 3 3 6 10 6 3 2 8 7
split_gain=16.7124 13.2841 9.99287 12.4077 6.17903 4.56533 4.29891 3.24485 2.16498 0.360364 0.598691 0.314053 0.299 0.174781
threshold=24.153811454772953 4.1567366123199472 -4.7429733276367179 4.6584548950195321 -0.069421350955963121 0.032661179080605514 -0.066821534186601625 0.051174577325582511 0.41470506787300115 0.12534286454319957 0.058285705745220191 0.077449221163988127 1.3509292602539065 4.6716187000274667
decision_type=2 2 2 2 2 2 2 2 2 2 2 2 2 2
left_child=1 2 4 6 7 -5 -4 -1 -6 -2 -11 13 -13 -3
right_child=9 11 3 5 8 -7 -8 -9 -10 10 -12 12 -14 -15
leaf_value=-0.038739068818409723 -0.037995320248950443 -0.069945943333592178 -0.011476513150764318 0.015125736288641306 -0.0054714689524133116 -0.0451488174198705 0.02659570350392837 0.041297807264290984 -0.046808959034229825 -0.035358445956113531 0.033983232030562652 0.021841556185531324 -0.03145729876846496 -0.037831966742678164
leaf_weight=1.597401170060041 24.748143458738927 0.49809547513723096 7.9976826291531316 4.5502289757132521 4.3813910875469437 9.761158708482979 93.491088069975376 5.000173170119524 11.610321408137677 0.67144694179296383 0.42520921491086483 0.39407627284526903 0.4710704144090414 13.787847215309737
leaf_count=25 1176 8 91 44 72 310 953 41 243 18 4 5 22 663
internal_value=0 0.00663299 0.0115064 0.0174401 -0.0188546 -0.0260129 0.0235871 0.0216303 -0.0355877 -0.0367527 -0.00787934 -0.0376637 -0.00743197 -0.0394301
internal_weight=0 153.541 138.389 115.8 22.5893 14.3114 101.489 6.59757 15.9917 25.8448 1.09666 15.1511 0.865147 14.2859
internal_count=3675 2477 1779 1398 381 354 1044 66 315 1198 22 698 27 671
is_linear=0
shrinkage=0.05


Tree=165
num_leaves=2
num_cat=0
split_feature=4
split_gain=73.9227
threshold=0.20276797935366633
decision_type=2
left_child=-1
right_child=-2
leaf_value=-0.038251841222174537 0.039346621239607797
leaf_weight=67.045770330354571 56.430129159241915
leaf_count=2757 918
internal_value=0
internal_weight=0
internal_count=3675
is_linear=0
shrinkage=0.05


Tree=166
num_leaves=4
num_cat=0
split_feature=1 7 6
split_gain=74.0691 1.26683 0.0706902
threshold=33.872245788574226 4.3627154827117929 -0.304790049791336
decision_type=2 2 2
left_child=-1 -2 -3
right_child=1 2 -4
leaf_value=-0.038332092937959507 0.039507259251342332 -0.031760518743348218 -0.002222796092994314
leaf_weight=66.45632204040885 58.032231695950031 0.47914327494800091 0.33617782592773338
leaf_count=2725 926 16 8
internal_value=0 0.0386323 -0.0211548
internal_weight=0 58.8476 0.815321
internal_count=3675 950 24
is_linear=0
shrinkage=0.05


Tree=167
num_leaves=15
num_cat=0
split_feature=1 4 3 5 5 3 5 5 0 5 7 4 3 13
split_gain=22.1074 11.4708 6.36205 10.9485 13.1809 9.12634 3.46365 3.20204 1.64022 1.57208 2.35433 0.43717 0.165704 0.82823
threshold=18.75062465667725 0.20276797935366633 0.075256917625665679 1.6848669052124026 1.4831829071044924 -0.018787139095365998 1.5792686343193056 1.7995837926864626 0.20846013724803927 1.4102246165275576 3.5077719688415532 -0.0027334636542946096 -0.053487043827772134 0.97014147043228161
decision_type=2 2 2 2 2 2 2 2 2 2 2 2 2 2
left_child=1 2 3 4 -1 -5 8 9 -4 10 -2 -9 13 -11
right_child=7 -3 6 5 -6 -7 -8 11 -10 12 -12 -13 -14 -15
leaf_value=0.026780588918526877 0.041802506329879086 -0.037802071511591762 0.042810717069308994 0.040045674456852573 -0.026399717223338282 -0.0066178323281940316 -0.036491536451146403 0.044680497606389452 0.11729237710831222 0.018435037285533865 -0.036467802559480365 0.0012385845247001417 -0.038300900202982012 -0.037066625208064974
leaf_weight=19.126343637704849 1.5995113663375371 10.239932199940084 20.570015590637929 38.509223088622093 29.480980597436428 14.34574608132243 1.2871732376515854 1.2922461256384852 0.7071799747645845 0.78168235905468408 2.1107687056064606 1.0016061812639225 29.140947224572301 3.1450990680605173
leaf_count=164 13 449 288 458 667 153 23 9 8 13 96 14 1188 132
internal_value=0 0.01282 0.0170266 0.0116628 -0.00546194 0.0273918 0.0409874 -0.0298682 0.0458233 -0.0334498 -0.00251374 0.0265558 -0.0369029 -0.0258348
internal_weight=0 134.267 124.027 101.462 48.6073 52.855 22.5644 39.0719 21.2772 36.778 3.71028 2.29385 33.0677 3.92678
internal_count=3675 2210 1761 1442 831 611 319 1465 296 1442 109 23 1333 145
is_linear=0
shrinkage=0.05


Tree=168
num_leaves=15
num_cat=0
split_feature=1 7 8 8 12 3 6 10 3 3 1 6 0 8
split_gain=15.6634 10.6631 9.02147 9.23272 5.8977 3.43065 3.30003 1.47058 1.23663 0.561595 1.1499 0.921648 0.43034 0.378095
threshold=21.707786560058597 4.1567366123199472 -4.7429733276367179 5.7985687255859384 -0.075990945100784288 -0.068993955850601182 0.051174577325582511 0.41470506787300115 -0.0048451013863086692 0.046627052128314979 28.533832550048832 0.076990738511085524 0.077449221163988127 1.3509292602539065
decision_type=2 2 2 2 2 2 2 2 2 2 2 2 2 2
left_child=1 2 4 5 6 -4 -1 -6 -5 -2 11 -11 -3 -14
right_child=9 12 3 8 7 -7 -8 -9 -10 10 -12 -13 13 -15
leaf_value=-0.046667967953970532 -0.03804502275542531 -0.039543163933573877 -0.01175663495503731 0.027890783302113344 -0.011468099096444102 0.023333027720627481 0.040966824557532644 -0.047335095703852553 -0.040471906415905055 -0.020905310997792883 -0.037105475962485951 0.046691024876275439 0.024665442051141236 -0.03183825535328693
leaf_weight=1.2930239625275159 22.245785385370258 11.674693122506138 7.4615551363676778 0.65624604374170292 4.0803378336131564 94.251475678756833 4.71114556863904 10.092036375775931 7.3846963336691243 0.9549487531185139 3.0410309117287397 0.87746281921863556 0.47925958037376482 0.50820597261190414
leaf_count=20 1107 595 88 7 69 998 40 235 282 32 145 4 6 25
internal_value=0 0.00674036 0.0110165 0.0166656 -0.0196431 0.0207499 0.0216389 -0.0371614 -0.0346186 -0.0346487 -0.0186922 0.0122048 -0.0368813 -0.00466822
internal_weight=0 142.593 129.931 109.754 20.1765 101.713 6.00417 14.1724 8.04094 27.1192 4.87344 1.83241 12.6622 0.987466
internal_count=3653 2365 1739 1375 364 1086 60 304 289 1288 181 36 626 31
is_linear=0
shrinkage=0.05


Tree=169
num_leaves=2
num_cat=0
split_feature=4
split_gain=68.972
threshold=0.20276797935366633
decision_type=2
left_child=-1
right_child=-2
leaf_value=-0.038200856231334158 0.039199460623405069
leaf_weight=61.847874450497329 53.661301717162132
leaf_count=2716 937
internal_value=0
internal_weight=0
internal_count=3653
is_linear=0
shrinkage=0.05


Tree=170
num_leaves=3
num_cat=0
split_feature=1 7
split_gain=68.2163 1.52467
threshold=33.872245788574226 29.632671356201175
decision_type=2 2
left_child=-1 -2
right_child=1 -3
leaf_value=-0.038284968986023273 0.039364999224570416 -0.033306844655043168
leaf_weight=62.006896769627929 53.589497711509466 0.66025755368173022
leaf_count=2716 914 23
internal_value=0 0.0384209
internal_weight=0 54.2498
internal_count=3653 937
is_linear=0
shrinkage=0.05


Tree=171
num_leaves=13
num_cat=0
split_feature=1 4 3 8 8 3 8 8 8 6 1 3
split_gain=20.0468 12.1658 6.42154 10.1891 5.05788 3.60446 2.10435 2.06088 0.882261 0.673014 0.0466292 0.281901
threshold=20.907383918762211 0.20276797935366633 -0.06156578287482261 3.5520248413085942 -2.4516143798828121 0.032661179080605514 -6.5447540283203116 0.79365539550781261 6.8807601928710946 0.09721888974308969 23.762004852294925 -0.044879142194986336
decision_type=2 2 2 2 2 2 2 2 2 2 2 2
left_child=1 2 7 4 -4 -5 -2 9 10 -1 11 -8
right_child=6 -3 3 5 -6 -7 8 -9 -10 -11 -12 -13
leaf_value=0.042706720870426033 0.026668759692708356 -0.037787343011299608 0.016621013907082201 -3.8688755437198568e-05 -0.012088070491351556 0.042262269696903831 0.00061819422877195784 -0.027611346163608719 0.019506371147989185 0.010828538610972447 -0.038064069585416561 -0.0366000790739376
leaf_weight=24.075104579329498 1.3383226804435278 11.336815772578118 24.611604064702988 6.3267778195440796 40.361590567976236 24.579081255942583 0.65358348749578032 1.0944917052984227 0.64441207051277061 1.8637364916503418 26.017588319256902 2.1453539039939704
leaf_count=324 16 536 263 87 676 384 19 18 8 28 1200 94
internal_value=0 0.0115589 0.0161374 0.0100478 -0.00120435 0.0336306 -0.0331068 0.0376188 -0.0359033 0.0404666 -0.0372056 -0.0281877
internal_weight=0 134.249 122.912 95.8791 64.9732 30.9059 30.7993 27.0333 29.4609 25.9388 28.8165 2.79894
internal_count=3653 2316 1780 1410 939 471 1337 370 1321 352 1313 113
is_linear=0
shrinkage=0.05


Tree=172
num_leaves=15
num_cat=0
split_feature=1 5 5 0 3 3 4 6 4 4 3 10 5 3
split_gain=14.474 11.0553 11.7084 9.97777 5.48405 3.53839 4.78498 3.48255 2.82018 1.85877 1.28747 1.00354 0.672266 0.649537
threshold=21.707786560058597 1.503061890602112 1.7483461499214175 0.026727686636149887 -0.027546986937522885 0.015510321129113437 -0.010718331672251223 0.067537210881710066 0.071907676756382002 -0.064815785735845552 0.081269212067127242 1.2656659483909609 1.4831829071044924 -0.040677879005670541
decision_type=2 2 2 2 2 2 2 2 2 2 2 2 2 2
left_child=1 5 3 8 13 6 -1 -6 -3 -7 -5 -11 -8 -4
right_child=-2 2 4 10 7 9 12 -9 -10 11 -12 -13 -14 -15
leaf_value=0.043475286276683921 -0.034518741054378452 0.004266123448300037 -0.039301424378421303 0.034627305919254635 0.024311977535923356 0.037196428484368202 -0.031797915335550507 -0.040027176644010648 -0.038368888859819872 -0.024785883112453992 -0.001991977088027327 -0.048767200554624413 0.0049553331977197235 -0.014313551119902316
leaf_weight=4.2352359779179096 25.294292706996202 12.165818825364115 11.875270323827861 59.766240214928985 9.8632713593542558 0.81791775487363594 5.3034052643924969 2.5705139301717272 5.5824878215789786 9.4057001052424329 2.4894887953996649 8.7898970013484341 1.5844588857144115 3.5230845790356424
leaf_count=29 1288 121 368 681 61 10 167 17 292 244 21 272 49 33
internal_value=0 0.00655437 0.0140358 0.0237459 -0.0138611 -0.020174 0.00222805 0.0107975 -0.00928398 -0.0332225 0.0331621 -0.036574 -0.0233934 -0.0337135
internal_weight=0 137.973 107.836 80.004 27.8321 30.1366 11.1231 12.4338 17.7483 19.0135 62.2557 18.1956 6.88786 15.3984
internal_count=3653 2365 1594 1115 479 771 245 78 413 526 702 516 216 401
is_linear=0
shrinkage=0.05


Tree=173
num_leaves=2
num_cat=0
split_feature=4
split_gain=64.2522
threshold=0.20276797935366633
decision_type=2
left_child=-1
right_child=-2
leaf_value=-0.038155856105231423 0.03906405294232853
leaf_weight=58.122528612613678 50.034545924514532
leaf_count=2716 937
internal_value=0
internal_weight=0
internal_count=3653
is_linear=0
shrinkage=0.05


Tree=174
num_leaves=3
num_cat=0
split_feature=1 7
split_gain=63.5296 1.41514
threshold=33.872245788574226 29.632671356201175
decision_type=2 2
left_child=-1 -2
right_child=1 -3
leaf_value=-0.038237170447509801 0.039219984538076035 -0.032955423485376625
leaf_weight=58.281422851607203 49.964382503181696 0.61734583973884483
leaf_count=2716 914 23
internal_value=0 0.0382758
internal_weight=0 50.5817
internal_count=3653 937
is_linear=0
shrinkage=0.05


Tree=175
num_leaves=12
num_cat=0
split_feature=1 4 5 8 5 5 3 8 5 3 8
split_gain=18.5341 11.1701 6.67587 17.5279 8.57924 4.65952 2.93798 3.16629 2.58499 1.67276 0.859815
threshold=20.907383918762211 0.20276797935366633 1.4923390150070193 -1.665077209472656 1.6748442053794863 1.5460148453712466 0.018172502517700199 3.1649475097656254 1.7995837926864626 0.020334405824542049 6.8807601928710946
decision_type=2 2 2 2 2 2 2 2 2 2 2
left_child=1 2 6 4 -4 -5 7 -1 10 -8 -2
right_child=8 -3 3 5 -6 -7 9 -9 -10 -11 -12
leaf_value=-0.025202253321963453 -0.038014025984506983 -0.037718257708500062 -0.022525529936799533 0.021045648741684693 0.035186634264526874 -0.029272592500694406 0.092556048854775794 0.04869540052662949 0.026362728466985497 0.036828671532399208 0.018965683177942189
leaf_weight=3.9089222997426978 26.477153833955533 10.544614650309084 7.5251469798386088 5.4668955765664569 42.19590251147747 26.983312109485269 1.3658849596977258 2.1706059873104095 1.6625445224344719 29.569835163652897 0.62238574400544067
leaf_count=35 1313 536 153 74 496 580 6 15 16 421 8
internal_value=0 0.0113784 0.01575 0.00778948 0.0264244 -0.0207569 0.0333532 0.00154287 -0.03292 0.0395795 -0.0366405
internal_weight=0 129.731 119.187 82.1713 49.721 32.4502 37.0152 6.07953 28.7621 30.9357 27.0995
internal_count=3653 2316 1780 1303 649 654 477 50 1337 427 1321
is_linear=0
shrinkage=0.05


Tree=176
num_leaves=15
num_cat=0
split_feature=1 5 8 7 5 6 8 3 4 8 4 10 0 7
split_gain=13.3294 9.95029 11.8353 7.19993 7.0775 5.61203 3.34178 3.23152 4.42329 1.79594 1.79416 1.02556 0.898778 0.886371
threshold=21.707786560058597 1.503061890602112 -2.7631149291992183 4.1567366123199472 1.6748442053794863 0.051174577325582511 7.9317169189453134 0.015510321129113437 -0.010718331672251223 -6.1134948730468741 -0.064815785735845552 1.2656659483909609 0.077449221163988127 2.6374496221542363
decision_type=2 2 2 2 2 2 2 2 2 2 2 2 2 2
left_child=1 7 4 6 9 -6 -4 8 -1 -3 -9 -12 -5 -10
right_child=-2 2 3 12 5 -7 -8 10 13 -11 11 -13 -14 -15
leaf_value=0.042669961693434323 -0.034239924319879746 -0.033207603199288852 0.030906046783572699 -0.042041060309390893 -0.052294951133287387 -0.0036520148843650203 -0.062099260625639321 0.036869517546644456 -0.0012222240583741671 0.033750458356384037 -0.023663466441210368 -0.048450341850757001 0.032151128385645399 -0.038138039745523204
leaf_weight=4.0806184113025665 23.685619032010436 1.056533159688114 64.588650101795793 4.1270724972710005 10.557063151150944 13.403403109870849 0.89085960388183494 0.81670245155692356 2.7853506952524203 8.2781321015208942 9.0602552182972449 8.291579960845409 0.37904448807239521 3.829789686948061
leaf_count=29 1288 14 769 234 235 208 3 10 21 127 244 272 4 195
internal_value=0 0.00641696 0.0136695 0.0253323 -0.0108478 -0.0252125 0.0295479 -0.0194914 0.00231441 0.0259002 -0.0322708 -0.0357176 -0.0352377 -0.0228441
internal_weight=0 132.145 103.281 69.9856 33.2951 23.9605 65.4795 28.8643 10.6958 9.33467 18.1685 17.3518 4.50612 6.61514
internal_count=3653 2365 1594 1010 584 443 772 771 245 141 526 516 238 216
is_linear=0
shrinkage=0.05


Tree=177
num_leaves=2
num_cat=0
split_feature=4
split_gain=59.8278
threshold=0.20276797935366633
decision_type=2
left_child=-1
right_child=-2
leaf_value=-0.038110110672904325 0.038940270006138956
leaf_weight=54.478656701743603 46.694578744471073
leaf_count=2716 937
internal_value=0
internal_weight=0
internal_count=3653
is_linear=0
shrinkage=0.05


Tree=178
num_leaves=3
num_cat=0
split_feature=1 7
split_gain=59.1544 1.31401
threshold=33.872245788574226 29.632671356201175
decision_type=2 2
left_child=-1 -2
right_child=1 -3
leaf_value=-0.038194533223345178 0.039087993642567008 -0.032593777829928762
leaf_weight=54.641674832440913 46.629875853657722 0.57725905813276668
leaf_count=2716 914 23
internal_value=0 0.0381444
internal_weight=0 47.2071
internal_count=3653 937
is_linear=0
shrinkage=0.05


Tree=179
num_leaves=13
num_cat=0
split_feature=1 4 3 8 8 3 8 8 8 6 1 3
split_gain=17.1234 10.2679 5.7544 8.90827 4.20881 3.41832 1.88425 1.88203 0.784708 0.715627 0.0450151 0.258178
threshold=20.907383918762211 0.20276797935366633 -0.06156578287482261 3.5520248413085942 -2.4516143798828121 0.032661179080605514 0.79365539550781261 -6.5447540283203116 6.8807601928710946 0.09721888974308969 23.762004852294925 -0.044879142194986336
decision_type=2 2 2 2 2 2 2 2 2 2 2 2
left_child=1 2 6 4 -4 -5 9 -2 10 -1 11 -9
right_child=7 -3 3 5 -6 -7 -8 8 -10 -11 -12 -13
leaf_value=0.042192491381794532 0.025803351411626454 -0.037650472582200466 0.015499770768970508 -0.00046845793756532987 -0.011262726104143401 0.042138767294146451 -0.027291822696938348 0.0010518123072523814 0.018362714541100986 0.0083855523015813251 -0.037951158534847901 -0.036283296812575992
leaf_weight=21.793435789644725 1.2394046392291809 9.8055767714977247 23.697909843176603 5.9918989129364517 38.289978442713618 21.822791360318661 1.030314728617667 0.59776238538324866 0.59940790012478729 1.7465165928006161 22.545999577268958 1.8736492283642352
leaf_count=324 16 536 263 87 676 384 18 19 8 28 1200 94
internal_value=0 0.0112075 0.0154255 0.00953735 -0.00102296 0.0329914 0.0368206 -0.0327536 -0.0356761 0.0397303 -0.0370388 -0.0275633
internal_weight=0 124.178 114.373 89.8026 61.9879 27.8147 24.5703 26.8562 25.6168 23.54 25.0174 2.47141
internal_count=3653 2316 1780 1410 939 471 370 1337 1321 352 1313 113
is_linear=0
shrinkage=0.05


Tree=180
num_leaves=15
num_cat=0
split_feature=1 5 5 7 3 4 10 3 3 0 3 4 4 0
split_gain=11.9138 8.34369 10.8613 7.76413 5.23041 3.23653 3.08347 2.97537 1.99398 1.74727 1.39515 1.81111 1.30547 1.05714
threshold=21.078110694885257 1.503061890602112 1.7483461499214175 4.1567366123199472 -0.040677879005670541 -0.012433104682713745 0.8771207630634309 0.070987619459629073 0.081269212067127242 0.21049430966377261 -0.022994195111095902 0.039020920172333724 -0.071188647300004945 0.077449221163988127
decision_type=2 2 2 2 2 2 2 2 2 2 2 2 2 2
left_child=1 5 3 8 -4 7 -6 9 -3 -1 11 -7 -2 -5
right_child=12 2 4 13 6 10 -8 -9 -10 -11 -12 -13 -14 -15
leaf_value=0.025778315732802454 0.011927065270971744 0.03029441759334402 -0.038334484804384145 -0.041276990248446201 -0.023297077873369428 0.044375214691133341 0.024057594581521916 -0.040264967420243741 -0.010058423230960664 -0.039656808591037832 -0.037857895590110303 -0.035591258275696626 -0.034465128206231162 0.033175887889578502
leaf_weight=7.795213973149659 1.5811188798397804 65.361693821847439 11.644283436238767 4.7772756321355692 5.3742625210434189 1.2277035266161012 9.1532744485884887 2.8721441635861984 3.1660810783505431 1.080857755616307 13.393221935257312 1.4173696544021366 21.894375281408429 0.45415768027305592
leaf_count=72 25 802 372 292 38 8 72 120 26 11 455 83 1299 5
internal_value=0 0.00738016 0.0141177 0.0239285 -0.0135177 -0.0168142 0.00649988 0.00312477 0.0284181 0.0174571 -0.0313486 0.0017894 -0.0313032 -0.0343125
internal_weight=0 127.718 99.931 73.7592 26.1718 27.7865 14.5275 11.7482 68.5278 8.87607 16.0383 2.64507 23.4755 5.23143
internal_count=3680 2356 1607 1125 482 749 110 203 828 83 546 91 1324 297
is_linear=0
shrinkage=0.05


Tree=181
num_leaves=3
num_cat=0
split_feature=7 7
split_gain=55.3296 0.142984
threshold=5.3550145626068124 12.534932136535646
decision_type=2 2
left_child=-1 -2
right_child=1 -3
leaf_value=-0.03806940785437099 0.0081855725006158269 0.038819583160912802
leaf_weight=51.65448309853673 0.44553887285292049 42.765753258019686
leaf_count=2746 13 921
internal_value=0 0.0385234
internal_weight=0 43.2113
internal_count=3680 934
is_linear=0
shrinkage=0.05


Tree=182
num_leaves=3
num_cat=0
split_feature=1 7
split_gain=56.4219 0.26009
threshold=35.923706054687507 4.3627154827117929
decision_type=2 2
left_child=-1 -2
right_child=1 -3
leaf_value=-0.038224432952122273 0.038874489465352206 -0.0017609980758754109
leaf_weight=52.228205788880587 43.687533359974623 0.38879865594208141
leaf_count=2743 926 11
internal_value=0 0.0385129
internal_weight=0 44.0763
internal_count=3680 937
is_linear=0
shrinkage=0.05


Tree=183
num_leaves=14
num_cat=0
split_feature=5 3 5 5 2 8 5 8 12 3 8 8 10
split_gain=12.6176 14.356 5.67636 7.11748 6.86675 4.29172 4.03054 3.98426 3.81798 1.58913 0.905931 1.60846 0.356398
threshold=1.82738733291626 0.075256917625665679 1.7483461499214175 1.4415782094001772 0.010149832814931871 -5.1032333374023429 1.5744016766548159 -1.2680816650390623 -0.01395943760871887 -0.040677879005670541 0.29211425781250006 0.88597869873046886 0.98752436041831981
decision_type=2 2 2 2 2 2 2 2 2 2 2 2 2
left_child=1 2 3 4 -1 -5 10 8 -4 -9 12 -12 -3
right_child=-2 6 7 5 -6 -7 -8 9 -10 -11 11 -13 -14
leaf_value=-0.028736423876945472 0.039434386139686618 -0.032494382120343765 -0.0018067442501138891 0.010992301265789747 0.037500372468828223 -0.027753276381658355 -0.036657291061113345 0.021543882804642145 0.048526880525305856 -0.043199508240232491 0.11219020830723687 0.040894078748620277 0.022505741440251088
leaf_weight=6.105929494835439 20.057358134537935 0.46786248125136509 6.8216798566281804 8.0400713346898538 10.518303444609044 60.989506005309522 1.7060575280338515 1.218518868088722 8.2960155457258224 3.4849854521453372 0.77295981347561138 16.795809449627995 0.51434611529111862
leaf_count=262 371 12 42 93 128 2290 50 9 54 41 4 316 8
internal_value=0 -0.00317561 -0.0105862 -0.0161637 0.0131458 -0.0232311 0.0352726 0.0134763 0.0259518 -0.0263274 0.0420487 0.0446481 -0.00427462
internal_weight=0 125.732 105.475 85.6538 16.6242 69.0296 20.257 19.8212 15.1177 4.7035 18.551 17.5688 0.982209
internal_count=3680 3309 2919 2773 390 2383 390 146 96 50 340 320 20
is_linear=0
shrinkage=0.05


Tree=184
num_leaves=10
num_cat=0
split_feature=7 0 5 5 8 8 0 8 7
split_gain=9.72773 11.3376 7.92409 8.54778 6.18933 4.28044 0.474602 0.18874 0.150906
threshold=4.1567366123199472 0.54847639799118053 1.82738733291626 1.503061890602112 -4.9936599731445304 -1.0331039428710935 0.077449221163988127 4.4748001098632821 4.3627154827117929
decision_type=2 2 2 2 2 2 2 2 2
left_child=1 2 3 5 -5 -1 8 -8 -2
right_child=6 -3 -4 4 -6 -7 7 -9 -10
leaf_value=0.031636883906621754 -0.072950014294540108 -0.037645148763164035 -0.038068620176881313 -0.010394737814546343 0.027173583609642761 -0.023312143297012488 0.013554679453006951 -0.028785042097124354 -0.037653878179548954
leaf_weight=4.2849258631467846 0.33756435103714189 13.416401047259567 7.66415069438517 12.860218860208986 72.452861370518804 18.533259332180023 0.62308813445270139 0.31439453456550837 13.712540453299878
leaf_count=28 3 915 369 80 879 432 14 21 939
internal_value=0 0.00569747 0.0107474 0.0142394 0.0215049 -0.0129005 -0.0367284 -0.00205029 -0.0390114
internal_weight=0 129.212 115.795 108.131 85.3131 22.8182 14.9876 0.937483 14.0501
internal_count=3680 2703 1788 1419 959 460 977 35 942
is_linear=0
shrinkage=0.05


Tree=185
num_leaves=2
num_cat=0
split_feature=4
split_gain=52.0068
threshold=0.20276797935366633
decision_type=2
left_child=-1
right_child=-2
leaf_value=-0.038030082214381269 0.038722398943666816
leaf_weight=48.582538587041199 40.275672379881144
leaf_count=2755 925
internal_value=0
internal_weight=0
internal_count=3680
is_linear=0
shrinkage=0.05


Tree=186
num_leaves=3
num_cat=0
split_feature=1 7
split_gain=52.6814 0.248306
threshold=35.923706054687507 4.3627154827117929
decision_type=2 2
left_child=-1 -2
right_child=1 -3
leaf_value=-0.038184618684056329 0.038771294035819331 -0.0016235506260922695
leaf_weight=48.97144237998873 40.923038132488728 0.37604243494570155
leaf_count=2743 926 11
internal_value=0 0.0384005
internal_weight=0 41.2991
internal_count=3680 937
is_linear=0
shrinkage=0.05


Tree=187
num_leaves=14
num_cat=0
split_feature=1 4 5 5 8 8 5 5 7 8 9 8 5
split_gain=14.5901 7.57634 5.30573 9.63816 6.94333 4.74444 2.62116 1.31338 1.75277 0.372924 0.341568 0.919788 0.0171972
threshold=18.75062465667725 0.20276797935366633 1.82738733291626 1.5343727469444277 -4.7429733276367179 0.067169189453125014 1.7995837926864626 1.4102246165275576 3.5077719688415532 -5.5648193359374991 -7.3917846679687491 -5.8121109008789054 1.7898970842361452
decision_type=2 2 2 2 2 2 2 2 2 2 2 2 2
left_child=1 2 3 5 -5 -1 7 8 -2 -8 11 -9 -12
right_child=6 -3 -4 4 -6 -7 9 10 -10 -11 12 -13 -14
leaf_value=-0.017739264533887283 0.039805508518378087 -0.03746493975048347 0.039211418173544448 0.028308494099674165 -0.015722595957441944 0.035751056736748547 0.041605003964267431 0.043435686386793328 -0.035736430221653737 -0.0021936172331556551 -0.038079821551792487 -0.035406995313873924 -0.057983820559629563
leaf_weight=4.706848941743373 1.3116728439927166 7.416906811296939 17.908888842910528 11.680900454521177 37.228870430961251 31.625452265143394 1.2192614525556562 0.41934386640787114 1.5838697552680967 0.75426450185477634 21.610112865455445 1.2220416571945047 0.39590965397655864
leaf_count=59 14 461 360 76 786 475 12 2 102 13 1251 65 4
internal_value=0 0.0110247 0.0145441 0.00932179 -0.00517054 0.0287917 -0.0290285 -0.0331685 -0.00132969 0.0255671 -0.037045 -0.0139265 -0.0386986
internal_weight=0 110.568 103.151 85.2421 48.9098 36.3323 28.5165 26.543 2.89554 1.97353 23.6474 1.64139 22.006
internal_count=3680 2217 1756 1396 862 534 1463 1438 116 25 1322 67 1255
is_linear=0
shrinkage=0.05


Tree=188
num_leaves=14
num_cat=0
split_feature=1 7 5 5 11 8 8 8 8 4 5 6 7
split_gain=10.0445 8.18167 7.33821 10.2888 4.82693 3.87767 3.80956 3.53338 1.53556 1.11414 0.558899 0.301225 0.116381
threshold=24.153811454772953 4.1567366123199472 1.7483461499214175 1.503061890602112 -0.040677879005670541 7.9317169189453134 -1.0331039428710935 -1.519264221191406 5.7266311645507821 -0.071188647300004945 1.6432518959045412 0.017645040526986126 4.3627154827117929
decision_type=2 2 2 2 2 2 2 2 2 2 2 2 2
left_child=1 2 3 6 8 -5 -1 -6 -4 -2 12 -12 -3
right_child=9 10 4 5 7 -7 -8 -9 -10 -11 11 -13 -14
leaf_value=0.030496677910462757 0.012471527287541643 -0.069131939458808633 -0.042570097466647222 0.029120541534849522 -0.012810196765938552 -0.059834572551201684 -0.022101682490965283 0.039308271614934824 0.038019996269999204 -0.037666514482900176 -0.028423115293339286 0.028973930623885803 -0.037491987094203566
leaf_weight=4.1617616713047054 1.1429986469447637 0.3667395478114458 10.409212723374367 62.678647994995117 8.9319598628208023 1.1593403965234745 17.950618518516421 4.9848379269242278 0.55136838555336076 16.122630644589663 0.2991485586389907 0.43880817480385303 9.1298054987564665
leaf_count=28 21 5 371 831 78 4 430 32 3 1180 21 6 670
internal_value=0 0.00636613 0.0103254 0.0172436 -0.0135498 0.027414 -0.0121094 0.0060053 -0.0382089 -0.0342946 -0.0361937 0.00509137 -0.0394215
internal_weight=0 121.062 110.828 85.9504 24.8774 63.838 22.1124 13.9168 10.9606 17.2656 10.2345 0.737957 9.49655
internal_count=3680 2479 1777 1293 484 835 458 110 374 1201 702 27 675
is_linear=0
shrinkage=0.05


Tree=189
num_leaves=2
num_cat=0
split_feature=4
split_gain=48.4143
threshold=0.20276797935366633
decision_type=2
left_child=-1
right_child=-2
leaf_value=-0.037991575032617207 0.038618841342064752
leaf_weight=45.567643384449184 37.503446139395237
leaf_count=2755 925
internal_value=0
internal_weight=0
internal_count=3680
is_linear=0
shrinkage=0.05


Tree=190
num_leaves=3
num_cat=0
split_feature=1 7
split_gain=49.05 0.235423
threshold=35.923706054687507 4.3627154827117929
decision_type=2 2
left_child=-1 -2
right_child=1 -3
leaf_value=-0.038142073015412836 0.038666197934320329 -0.0012791852643305381
leaf_weight=45.942092501558363 38.124784603714943 0.36608601361513038
leaf_count=2743 926 11
internal_value=0 0.0382839
internal_weight=0 38.4909
internal_count=3680 937
is_linear=0
shrinkage=0.05


Tree=191
num_leaves=15
num_cat=0
split_feature=1 4 11 5 5 11 5 5 0 5 7 4 9 5
split_gain=13.4938 6.96649 5.01267 8.12709 6.98835 3.22183 2.62897 2.47011 1.43653 1.25239 1.63371 0.358231 0.335233 0.615328
threshold=18.75062465667725 0.20276797935366633 0.075256917625665679 1.7483461499214175 1.4863550662994387 0.04279314540326596 1.5792686343193056 1.7995837926864626 0.20846013724803927 1.4102246165275576 3.5077719688415532 -0.0012850833591073749 -7.3917846679687491 1.6871035695075991
decision_type=2 2 2 2 2 2 2 2 2 2 2 2 2 2
left_child=1 2 3 4 -1 -5 8 9 -4 10 -2 -9 13 -11
right_child=7 -3 6 5 -6 -7 -8 11 -10 12 -12 -13 -14 -15
leaf_value=0.022497455878506181 0.039427564026936868 -0.03739405990950153 0.040842775031046524 0.031563757095927 -0.017008890125654604 -0.042434580174846387 -0.035525257257796851 0.041432067613494765 0.11429520754460161 -0.03488800600581745 -0.035548709846228967 -0.0022203400748216163 -0.038668625052827615 0.027321825939020817
leaf_weight=16.851971782743931 1.2485587112605636 6.8961384119465938 14.743089132010937 32.044798381626606 32.862340729683638 1.4574326388537873 1.0237272381782521 1.1569717712700365 0.63716254755854684 1.0241793440654969 1.4753035968169568 0.73510451801121135 20.529999961145215 0.52547464240342368
leaf_count=173 14 461 293 453 794 13 22 12 8 57 102 13 1255 10
internal_value=0 0.0108632 0.0142379 0.0092328 -0.0035989 0.0282279 0.0394188 -0.0288282 0.0446044 -0.0330353 -0.00100204 0.0252122 -0.0369647 -0.0134157
internal_weight=0 106.517 99.6205 83.2165 49.7143 33.5022 16.404 26.6956 15.3803 24.8035 2.72386 1.89208 22.0797 1.54965
internal_count=3680 2217 1756 1433 967 466 323 1463 301 1438 116 25 1322 67
is_linear=0
shrinkage=0.05


Tree=192
num_leaves=15
num_cat=0
split_feature=1 7 5 8 3 3 9 5 3 1 0 7 1 5
split_gain=9.40761 6.34037 6.92926 7.74448 4.86933 4.43998 1.38095 0.601235 0.588071 0.49156 0.664583 0.0705495 0.0567141 0.02797
threshold=20.10357761383057 4.1567366123199472 1.82738733291626 4.6584548950195321 -0.089281730353832231 0.034036988392472274 8.5605087280273455 1.6432518959045412 0.046627052128314979 24.153811454772953 0.21384600549936297 4.3627154827117929 20.639951705932621 1.6735777258872988
decision_type=2 2 2 2 2 2 2 2 2 2 2 2 2 2
left_child=1 2 3 4 -1 -5 9 11 -8 10 12 -3 -2 -9
right_child=6 7 -4 5 -6 -7 8 13 -10 -11 -12 -13 -14 -15
leaf_value=-0.035301512484915393 -0.013070967053894284 -0.063637683205053003 -0.037882714749267278 0.015481993103642656 0.021819442472762927 -0.049895200278789111 -0.030794182881395876 -0.00039797589265594359 0.032282197167059247 -0.037656808066032811 0.0074095585142517134 -0.037320943166682975 -0.037480244925461606 0.019499184199805189
leaf_weight=3.8208233267068854 0.43326392490417465 0.41489201225340266 6.7415302172303191 4.1060919146984798 82.078523937612772 6.7909855442121625 0.43259760271757741 0.31404137052595604 1.1605220939964054 14.602453229017554 1.6094183959066866 6.7806362407281995 1.8891253219917414 0.29245202429592609
leaf_count=31 27 8 381 52 995 310 31 15 15 1135 17 542 117 6
internal_value=0 0.00749034 0.0107759 0.0142004 0.0192406 -0.0253439 -0.0295744 -0.035696 0.0143472 -0.0334065 -0.0170785 -0.0396898 -0.033654 0.0105984
internal_weight=0 111.34 103.538 96.7964 85.8993 10.8971 20.1274 7.80202 1.59312 18.5343 3.93181 7.19553 2.32239 0.606493
internal_count=3682 2340 1769 1388 1026 362 1342 571 46 1296 161 550 144 21
is_linear=0
shrinkage=0.05


Tree=193
num_leaves=2
num_cat=0
split_feature=4
split_gain=45.0692
threshold=0.20276797935366633
decision_type=2
left_child=-1
right_child=-2
leaf_value=-0.037953899914457273 0.038523824308838883
leaf_weight=42.729032844305038 34.913275107741356
leaf_count=2758 924
internal_value=0
internal_weight=0
internal_count=3682
is_linear=0
shrinkage=0.05


Tree=194
num_leaves=3
num_cat=0
split_feature=1 7
split_gain=44.8739 0.972318
threshold=33.872245788574226 32.202508926391609
decision_type=2 2
left_child=-1 -2
right_child=1 -3
leaf_value=-0.038078905873269273 0.038678191668666193 -0.031008383817079668
leaf_weight=42.861197726801038 35.2253074683249 0.43786491826176543
leaf_count=2752 908 22
internal_value=0 0.0377383
internal_weight=0 35.6632
internal_count=3682 930
is_linear=0
shrinkage=0.05


Tree=195
num_leaves=9
num_cat=0
split_feature=1 4 8 5 5 3 3 5
split_gain=12.6546 8.87403 6.32101 11.5349 6.01834 5.4936 4.29996 2.98562
threshold=24.453158378601078 0.20276797935366633 3.4811706542968754 1.6848669052124026 1.6186023950576784 -0.018787139095365998 0.075256917625665679 1.5904321074485781
decision_type=2 2 2 2 2 2 2 2
left_child=1 2 3 6 7 -5 -1 -4
right_child=-2 -3 4 5 -6 -7 -8 -9
leaf_value=-0.021928775117525431 -0.037771252051763751 -0.037506390788918972 0.040322345013583227 0.035434918110040362 -0.037942283381691505 -0.0039133415373821439 0.035330818200638971 0.16391938974795217
leaf_weight=30.169218558818102 16.741975958459079 9.3679801085963827 21.726805880665786 29.089951910078526 2.4593255557119837 12.716312775388358 3.5865480974316588 0.41261624544858833
leaf_count=679 1159 675 430 484 57 151 35 12
internal_value=0 0.00878045 0.0131427 0.00595637 0.0351042 0.0234855 -0.0157586 0.0433526
internal_weight=0 109.529 100.161 75.562 24.5987 41.8063 33.7558 22.1394
internal_count=3682 2523 1848 1349 499 635 714 442
is_linear=0
shrinkage=0.05


Tree=196
num_leaves=15
num_cat=0
split_feature=1 7 5 8 3 3 4 1 0 5 3 0 1 7
split_gain=8.61054 5.7949 6.37803 6.94864 4.51933 4.17792 1.22256 0.605771 0.795571 0.58591 0.452848 0.0966549 0.0566449 0.0487525
threshold=20.10357761383057 4.1567366123199472 1.82738733291626 4.6584548950195321 -0.07793939113616942 0.034036988392472274 -0.071188647300004945 24.153811454772953 0.21384600549936297 1.6432518959045412 0.059201661497354514 0.67164587974548351 20.639951705932621 4.3627154827117929
decision_type=2 2 2 2 2 2 2 2 2 2 2 2 2 2
left_child=1 2 3 4 -1 -5 10 8 12 13 11 -2 -8 -3
right_child=6 9 -4 5 -6 -7 7 -9 -10 -11 -12 -13 -14 -15
leaf_value=-0.027034661968013785 0.006402780366170935 -0.061436413758781484 -0.03781365372084549 0.015311553092997646 0.021443582392625553 -0.049126904129805228 -0.012560694894284068 -0.037610474224614186 0.011681355889616522 0.010690579298324506 0.04393075395254023 -0.028688366240058188 -0.037291753489037301 -0.037253672896408241
leaf_weight=5.037176225334405 0.32118234038353211 0.41056096088141103 6.3299753451719871 4.0148429013788682 78.506591182202101 6.4673396348953247 0.41624844633043157 13.748653845861552 1.6170622054487465 0.59160274546593417 0.63584812730550766 0.30748077295720577 1.8130109477788208 6.3026363719254732
leaf_count=42 4 8 381 52 984 310 27 1153 16 21 4 18 120 542
internal_value=0 0.00725181 0.0103922 0.0136742 0.0184918 -0.0245345 -0.0292881 -0.0326997 -0.014638 -0.0354493 0.0171 -0.0123421 -0.0334115 -0.0396126
internal_weight=0 107.661 100.356 94.0259 83.5438 10.4822 18.8595 17.595 3.84632 7.3048 1.26451 0.628663 2.22926 6.7132
internal_count=3682 2340 1769 1388 1026 362 1342 1316 163 571 26 22 147 550
is_linear=0
shrinkage=0.05


Tree=197
num_leaves=6
num_cat=0
split_feature=6 0 0 6 0
split_gain=40.1602 0.447648 0.374395 0.135554 0.0855552
threshold=-0.019934793934226033 -0.041216390207409852 0.031806755810976035 0.012433239258825781 0.082651421427726759
decision_type=2 2 2 2 2
left_child=2 3 -1 -2 -4
right_child=1 -3 4 -5 -6
leaf_value=0.03842661983717327 0.020435167453041227 -0.037569963084573728 0.012635966370617112 -0.020089275754255901 -0.025578487565568464
leaf_weight=31.828465171158314 0.39008243754506011 39.777003327384591 0.19394327141344447 0.25870405603200197 0.20795054547488689
leaf_count=907 11 2724 7 17 16
internal_value=0 -0.0368992 0.0378202 0.00375115 -0.00829389
internal_weight=0 40.4258 32.2304 0.648786 0.401894
internal_count=3682 2752 930 28 23
is_linear=0
shrinkage=0.05


Tree=198
num_leaves=3
num_cat=0
split_feature=1 7
split_gain=41.8096 0.904358
threshold=33.872245788574226 32.202508926391609
decision_type=2 2
left_child=-1 -2
right_child=1 -3
leaf_value=-0.03804055355753827 0.038579650122471949 -0.030588417710719476
leaf_weight=40.276741595007479 32.796730887144804 0.40987492725253005
leaf_count=2752 908 22
internal_value=0 0.0376366
internal_weight=0 33.2066
internal_count=3682 930
is_linear=0
shrinkage=0.05


Tree=199
num_leaves=9
num_cat=0
split_feature=1 4 8 5 5 3 5 5
split_gain=11.761 8.17864 5.80319 10.5425 5.62966 5.09791 4.26037 2.16934
threshold=24.453158378601078 0.20276797935366633 3.4811706542968754 1.6848669052124026 1.6186023950576784 -0.018787139095365998 1.503061890602112 1.5904321074485781
decision_type=2 2 2 2 2 2 2 2
left_child=1 2 3 6 7 -5 -1 -4
right_child=-2 -3 4 5 -6 -7 -8 -9
leaf_value=0.0079434974181033721 -0.03772067875219532 -0.037447453588946682 0.039732922428888769 0.034833912590092345 -0.037782148834930925 -0.0034739461762545356 -0.029056516583750885 0.13911330781658401
leaf_weight=12.468915749341248 15.565855395048855 8.7074261894449574 20.626374501734979 27.979065507650375 2.3466459494084111 12.549183111637829 20.433819996193051 0.48342645727097888
leaf_count=96 1159 675 430 484 57 151 618 12
internal_value=0 0.00870229 0.0128842 0.00594798 0.0344807 0.0229929 -0.0150533 0.042654
internal_weight=0 105.595 96.8874 73.431 23.4564 40.5282 32.9027 21.1098
internal_count=3682 2523 1848 1349 499 635 714 442
is_linear=0
shrinkage=0.05


Tree=200
num_leaves=13
num_cat=0
split_feature=7 0 5 8 3 3 8 13 10 0 8 7
split_gain=7.38511 8.11347 6.07167 7.20194 4.19842 3.93344 2.8953 2.00644 0.620772 0.410902 0.169978 0.0430653
threshold=4.1567366123199472 0.54847639799118053 1.7767128348350527 4.6584548950195321 -0.089281730353832231 0.034036988392472274 -1.2680816650390623 0.96504661440849315 0.99654817581176769 0.077449221163988127 1.3509292602539065 4.3627154827117929
decision_type=2 2 2 2 2 2 2 2 2 2 2 2
left_child=1 2 3 4 -1 -5 7 -4 -8 11 -11 -2
right_child=9 -3 6 5 -6 -7 8 -9 -10 10 -12 -13
leaf_value=-0.032995303320250045 -0.061758341079757299 -0.03743622982387778 0.03219447950368489 0.015161529867303847 0.023143579428138151 -0.048021415574187168 -0.0014678215513661231 -0.036418949804427482 0.042876055627122718 0.015209507223733163 -0.027670798578118966 -0.03745596078933898
leaf_weight=3.4071814119815818 0.35424348851665577 9.8049917081370932 1.1014675684273232 3.9276933725923282 71.68267641030252 6.3368838028982282 1.3879014961421483 11.031287916004656 1.7102709412574766 0.51025749929249364 0.27214961498975754 10.302760165184734
leaf_count=21 4 893 25 52 959 314 15 408 12 13 24 942
internal_value=0 0.00575131 0.0099942 0.0151841 0.0205558 -0.0239317 -0.0189992 -0.0299776 0.0235864 -0.0362856 -0.00115135 -0.0388304
internal_weight=0 110.39 100.585 85.3544 75.0899 10.2646 15.2309 12.1328 3.09817 11.4394 0.782407 10.657
internal_count=3682 2699 1806 1346 980 366 460 433 27 983 37 946
is_linear=0
shrinkage=0.05


Tree=201
num_leaves=2
num_cat=0
split_feature=4
split_gain=39.1883
threshold=0.20276797935366633
decision_type=2
left_child=-1
right_child=-2
leaf_value=-0.037886903105847386 0.038350009442064271
leaf_weight=37.750961637124419 30.291275190189481
leaf_count=2758 924
internal_value=0
internal_weight=0
internal_count=3682
is_linear=0
shrinkage=0.05


Tree=202
num_leaves=3
num_cat=0
split_feature=1 7
split_gain=38.9639 0.841493
threshold=33.872245788574226 32.202508926391609
decision_type=2 2
left_child=-1 -2
right_child=1 -3
leaf_value=-0.038001733534451541 0.038487049252734919 -0.03015745444341604
leaf_weight=37.864061886444688 30.53179540857673 0.38379034213721652
leaf_count=2752 908 22
internal_value=0 0.0375404
internal_weight=0 30.9156
internal_count=3682 930
is_linear=0
shrinkage=0.05


Tree=203
num_leaves=9
num_cat=0
split_feature=1 4 8 5 5 11 5 5
split_gain=10.9271 7.54575 5.30699 9.63089 5.28046 4.7147 4.09981 2.7199
threshold=24.453158378601078 0.20276797935366633 3.4811706542968754 1.6848669052124026 1.6186023950576784 -0.018787139095365998 1.503061890602112 1.5955385565757754
decision_type=2 2 2 2 2 2 2 2
left_child=1 2 3 6 7 -5 -1 -4
right_child=-2 -3 4 5 -6 -7 -8 -9
leaf_value=0.0080655859328850801 -0.037670832023336376 -0.037389462937609835 0.03866018857966598 0.034182404037727265 -0.037635743736587013 -0.0030369179269041559 -0.028573948517807632 0.15410198102724323
leaf_weight=12.404375467449425 14.470117497257887 8.101539542898534 19.723398867994554 26.961631815880537 2.247912408784031 12.388318400830029 19.607623165473342 0.43754022568464179
leaf_count=96 1159 675 432 484 57 151 618 10
internal_value=0 0.0086203 0.012631 0.00594493 0.0338021 0.0224869 -0.0143955 0.0419138
internal_weight=0 101.872 93.7708 71.3619 22.4089 39.35 32.012 20.1609
internal_count=3682 2523 1848 1349 499 635 714 442
is_linear=0
shrinkage=0.05


Tree=204
num_leaves=15
num_cat=0
split_feature=1 5 3 8 4 6 3 8 4 13 4 8 4 8
split_gain=7.54511 5.69977 9.28652 6.22985 4.70713 4.27098 3.19948 3.09658 2.59586 2.26367 2.14651 1.46195 1.4552 2.53578
threshold=24.153811454772953 1.5100777149200442 -0.034964609891176217 -1.2425384521484373 0.039951298385858543 0.077119011431932463 0.015510321129113437 7.9317169189453134 0.067133370786905303 0.98372241854667675 0.043104073032736785 4.2553253173828134 -0.025521330535411831 2.1208724975585942
decision_type=2 2 2 2 2 2 2 2 2 2 2 2 2 2
left_child=1 6 3 5 7 -3 8 -4 11 -5 -6 -1 13 -8
right_child=-2 2 4 9 10 -7 12 -9 -10 -11 -12 -13 -14 -15
leaf_value=0.030920765528112189 -0.035634874937646659 -0.045712404968596319 0.029959380013540617 0.030040634751163187 -0.059177558020294174 0.017707232363055218 0.063037102265689204 -0.053333841532468423 -0.036527861329369207 -0.044954077455136562 0.0012735275909322166 -0.021292705895108385 -0.038286363402109176 -0.036279588634481365
leaf_weight=6.0920295007526892 12.874477482400833 12.770975604653364 47.765710235573351 7.3779033115133625 1.8507401719689358 3.2866254709660998 0.97199267148971502 1.0543483793735493 2.6777360336855054 1.0721674198284743 5.9234936255961657 1.6341586671769617 12.062282680533825 1.5056854658760128
leaf_count=53 1192 372 727 123 19 87 3 4 244 16 283 13 455 87
internal_value=0 0.0047575 0.011185 -0.0144852 0.0223072 -0.0327026 -0.0161019 0.0280552 0.00505265 0.0201106 -0.0136863 0.0197462 -0.03117 0.00361632
internal_weight=0 106.046 81.102 24.5077 56.5943 16.0576 24.9439 48.8201 10.4039 8.45007 7.77423 7.72619 14.54 2.47768
internal_count=3678 2486 1631 598 1033 459 855 731 310 139 302 66 545 90
is_linear=0
shrinkage=0.05


Tree=205
num_leaves=2
num_cat=0
split_feature=4
split_gain=36.3856
threshold=0.20276797935366633
decision_type=2
left_child=-1
right_child=-2
leaf_value=-0.037859533815581263 0.03826565938004213
leaf_weight=35.682758077979088 27.864848680794239
leaf_count=2763 915
internal_value=0
internal_weight=0
internal_count=3678
is_linear=0
shrinkage=0.05


Tree=206
num_leaves=3
num_cat=0
split_feature=1 7
split_gain=36.4323 0.807397
threshold=33.872245788574226 29.632671356201175
decision_type=2 2
left_child=-1 -2
right_child=1 -3
leaf_value=-0.037938054993950455 0.038398433026979137 -0.029898209800972849
leaf_weight=35.499817381612957 28.706600222736601 0.3702260535210361
leaf_count=2734 921 23
internal_value=0 0.0374293
internal_weight=0 29.0768
internal_count=3678 944
is_linear=0
shrinkage=0.05


Tree=207
num_leaves=15
num_cat=0
split_feature=1 8 8 3 3 3 3 0 8 1 4 0 4 0
split_gain=10.3869 5.51094 6.71527 3.1187 2.94137 3.70863 2.44741 2.15885 1.37151 1.34962 1.14362 1.43368 1.14141 0.91107
threshold=18.75062465667725 -4.8460083007812491 5.2446136474609384 0.032661179080605514 0.075256917625665679 -0.040677879005670541 -0.0048451013863086692 0.16897107660770419 -8.2722549438476545 2.1594104766845708 -0.022842187434434887 0.59909465909004223 -0.019922864623367783 -0.017362950369715687
decision_type=2 2 2 2 2 2 2 2 2 2 2 2 2 2
left_child=1 3 4 9 5 -3 -4 -6 -2 13 11 -10 -11 -1
right_child=8 2 6 -5 7 -7 -8 -9 10 12 -12 -13 -14 -15
leaf_value=0.11140239223174403 0.029783866075014955 0.018468066571554909 -0.0323382596919502 -0.042884226693585242 0.019859036027858525 -0.013243300674705305 0.04145118224067755 0.11421907049942721 0.013182167478027196 0.055171378881402867 -0.038283323779071336 -0.036515225305399128 0.024554248478976557 0.04884720563081589
leaf_weight=0.87043888680636916 0.91054180078208702 11.784716391935943 1.1538541000336415 1.1536509320139874 4.6004025461152187 41.093364760279655 13.297170494683083 0.61165013164281834 2.8758972119540021 4.179833160713323 13.896958388388153 2.7519444162026048 11.947668134234839 2.3874786254018607
leaf_count=6 16 255 21 12 78 1132 351 5 35 82 1151 247 251 36
internal_value=0 0.0114956 0.00500215 0.0342942 -0.00260214 -0.0061544 0.0353777 0.0328742 -0.0277893 0.0390837 -0.0306123 -0.0113325 0.0327805 0.0683804
internal_weight=0 93.0802 72.5412 20.5391 58.0901 52.8781 14.451 5.21205 20.4353 19.3854 19.5248 5.62784 16.1275 3.25792
internal_count=3678 2229 1842 387 1470 1387 372 83 1449 375 1433 282 333 42
is_linear=0
shrinkage=0.05


Tree=208
num_leaves=13
num_cat=0
split_feature=7 0 8 12 8 3 9 3 12 0 0 6
split_gain=6.13119 6.42307 6.05046 5.80888 5.69408 2.78119 2.68621 2.1237 0.983064 0.165608 0.0780206 0.0112672
threshold=4.1567366123199472 0.54847639799118053 -4.7429733276367179 -0.056903272867202752 5.2446136474609384 -0.0048451013863086692 -5.1760787963867179 -0.040677879005670541 -0.013657867908477781 0.077449221163988127 0.15454836189746859 0.034099992364645011
decision_type=2 2 2 2 2 2 2 2 2 2 2 2
left_child=1 2 3 6 7 -6 -1 -4 -5 11 -11 -2
right_child=9 -3 4 8 5 -7 -8 -9 -10 10 -12 -13
leaf_value=-0.057436175960042191 -0.037355379944251046 -0.037337454244139999 -0.00093579346987526064 -0.023117235711615291 0.036828917772269085 -0.039908703210773659 0.027132816432824655 0.021659973345351795 -0.058130261546253947 0.0054206717497372551 -0.026825896869932316 -0.056379921309308502
leaf_weight=1.0150195853784678 8.8237353907898015 8.553168695420025 12.587645948864511 3.3053429126739511 1.3501478135585783 6.6154678775928906 5.9607077641412642 59.477842003107078 5.9224220588803265 0.35400072671473104 0.24320449214428663 0.41799983475357372
leaf_count=10 922 902 200 97 13 313 95 896 181 16 21 12
internal_value=0 0.00393268 0.00763566 -0.0201433 0.013278 -0.0266066 0.0141896 0.0177174 -0.045971 -0.0371569 -0.00967546 -0.0388102
internal_weight=0 104.788 96.2346 16.2035 80.0311 7.96562 6.97573 72.0655 9.22776 9.83894 0.597205 9.24174
internal_count=3678 2707 1805 383 1422 326 105 1096 278 971 37 934
is_linear=0
shrinkage=0.05


Tree=209
num_leaves=2
num_cat=0
split_feature=4
split_gain=34.1086
threshold=0.20276797935366633
decision_type=2
left_child=-1
right_child=-2
leaf_value=-0.037830160771796718 0.038199725139789115
leaf_weight=33.546896594110876 26.168833618983626
leaf_count=2763 915
internal_value=0
internal_weight=0
internal_count=3678
is_linear=0
shrinkage=0.05


Tree=210
num_leaves=3
num_cat=0
split_feature=1 7
split_gain=33.9788 0.751728
threshold=33.872245788574226 29.632671356201175
decision_type=2 2
left_child=-1 -2
right_child=1 -3
leaf_value=-0.037911485850137989 0.038316723290361641 -0.029450867494361349
leaf_weight=33.388228775467724 26.722747908905152 0.34679427556693454
leaf_count=2734 921 23
internal_value=0 0.0373433
internal_weight=0 27.0695
internal_count=3678 944
is_linear=0
shrinkage=0.05


Tree=211
num_leaves=15
num_cat=0
split_feature=1 8 8 12 5 5 12 5 3 5 5 5 5 8
split_gain=9.5288 5.05837 6.10763 3.86838 3.67576 7.71069 5.70163 3.25317 2.30934 2.19123 1.9067 1.83741 1.13396 0.787575
threshold=18.75062465667725 -4.8460083007812491 5.2446136474609384 -0.056903272867202752 1.7146476507186892 1.5000780224800112 -0.0089838504791259748 1.7767128348350527 -0.0048451013863086692 1.6159114837646487 1.7995837926864626 1.7351943254470827 1.3609942197799685 5.3946304321289071
decision_type=2 2 2 2 2 2 2 2 2 2 2 2 2 2
left_child=1 3 4 7 5 -3 -6 -1 -4 -5 12 -11 -2 -10
right_child=10 2 8 9 6 -7 -8 -9 13 11 -12 -13 -14 -15
leaf_value=-0.029364691024016842 0.013063191892669633 0.014680139486505695 -0.031992377832959148 -0.035221451836861921 -0.022626005745251965 -0.029817346115340333 0.037596191177404779 0.042129695276670182 0.10277094766799102 0.086354136317455588 0.029817112999274281 0.041577084223379038 -0.035190577376062779 0.037908334120873861
leaf_weight=3.6417538905516293 1.2630894929170668 16.976364837028086 1.1149583049118525 0.67658766824751992 5.9174898732453611 22.578671612776816 11.296468209475277 2.6683577410876751 0.42948890104889592 3.1298758685588828 1.2755913585424412 9.7192267365753633 16.654643733054399 12.116070649586616
leaf_count=43 57 330 21 11 64 934 142 68 10 11 22 254 1370 341
internal_value=0 0.0111988 0.00489746 0.0334358 -0.00234262 -0.0107309 0.016883 0.00105374 0.0347834 0.0484244 -0.0275112 0.0530668 -0.0317354 0.040924
internal_weight=0 90.2653 70.4295 19.8358 56.769 39.555 17.214 6.31011 13.6605 13.5257 19.1933 12.8491 17.9177 12.5456
internal_count=3678 2229 1842 387 1470 1264 206 111 372 276 1449 265 1427 351
is_linear=0
shrinkage=0.05


Tree=212
num_leaves=15
num_cat=0
split_feature=1 5 3 8 4 6 3 8 4 13 4 4 8 10
split_gain=6.41463 5.01349 7.91506 5.3812 4.19385 3.87726 2.96496 2.66303 2.38979 2.11611 1.92993 1.4163 2.2907 1.04574
threshold=24.153811454772953 1.5100777149200442 -0.034964609891176217 -1.2425384521484373 0.039951298385858543 0.077119011431932463 0.015510321129113437 7.9317169189453134 -0.010718331672251223 0.98372241854667675 0.043104073032736785 -0.025521330535411831 2.1208724975585942 0.85659709572792064
decision_type=2 2 2 2 2 2 2 2 2 2 2 2 2 2
left_child=1 6 3 5 7 -3 8 -4 -1 -5 -6 12 -8 -13
right_child=-2 2 4 9 10 -7 11 -9 -10 -11 -12 13 -14 -15
leaf_value=0.036155435945516866 -0.035335694109297176 -0.04412212702273121 0.028898603926463609 0.029456427312115847 -0.055849715020620895 0.017591246466260681 0.060436958389651269 -0.050511145253848547 -0.014216518179606339 -0.043368004380329499 0.0017443149884112546 -0.016461911718286502 -0.036032496945733392 -0.04888209097218206
leaf_weight=3.7393990289419889 11.212083718739448 11.952659439761193 44.253277650102973 6.9376775771379453 1.8771452698856581 3.1672400850802651 0.96154782176017706 0.99366122484207053 5.9960533445701021 1.0716901738196609 5.4813819918781519 3.9245026283897442 1.3653044267557559 7.4317507958039641
leaf_count=32 1192 372 727 123 19 87 3 4 278 16 283 145 87 310
internal_value=0 0.00440373 0.0106547 -0.013682 0.0213606 -0.0311641 -0.015771 0.0270472 0.0053023 0.0192976 -0.0134996 -0.0306941 0.0046802 -0.0379198
internal_weight=0 99.1533 75.7347 23.1293 52.6055 15.1199 23.4186 45.2469 9.73545 8.00937 7.35853 13.6831 2.32685 11.3563
internal_count=3678 2486 1631 598 1033 459 855 731 310 139 302 545 90 455
is_linear=0
shrinkage=0.05


Tree=213
num_leaves=2
num_cat=0
split_feature=4
split_gain=31.9139
threshold=0.20276797935366633
decision_type=2
left_child=-1
right_child=-2
leaf_value=-0.037800456343974248 0.038133487411556768
leaf_weight=31.543482968118042 24.49123846553266
leaf_count=2763 915
internal_value=0
internal_weight=0
internal_count=3678
is_linear=0
shrinkage=0.05


Tree=214
num_leaves=3
num_cat=0
split_feature=1 7
split_gain=31.7145 0.700253
threshold=33.872245788574226 29.632671356201175
decision_type=2 2
left_child=-1 -2
right_child=1 -3
leaf_value=-0.037879293372728585 0.038245107638874398 -0.02899222928182979
leaf_weight=31.402702168095857 24.904626540839676 0.32493695057928462
leaf_count=2734 921 23
internal_value=0 0.0372681
internal_weight=0 25.2296
internal_count=3678 944
is_linear=0
shrinkage=0.05


Tree=215
num_leaves=12
num_cat=0
split_feature=1 4 3 5 8 3 8 5 8 8 10
split_gain=8.77832 5.2654 3.8652 6.03498 4.84285 3.63863 1.77444 1.29996 0.90768 0.555146 0.137897
threshold=20.907383918762211 0.20276797935366633 -0.06156578287482261 1.5100777149200442 -1.665077209472656 0.013889674562960865 0.067169189453125014 1.7995837926864626 -0.13072204589843747 7.3262786865234384 1.3509117960929873
decision_type=2 2 2 2 2 2 2 2 2 2 2
left_child=1 2 6 5 -5 -4 8 9 -1 -2 -8
right_child=7 -3 3 4 -6 -7 10 -9 -10 -11 -12
leaf_value=0.037237683656011544 -0.037566068852141601 -0.037110698887389139 -0.0064726418683333274 0.012501601561545624 -0.021022592486950042 0.036934110449645965 -0.0030564503429556054 0.025509037098476375 0.099896212362246772 0.022472426272241969 -0.034129929465584609
leaf_weight=14.212933201342821 12.960551890544588 5.4421704262495032 6.2843952421098974 22.427949452772733 20.549005992710594 20.354194987565279 0.76894063875079044 0.8520497456192978 0.54686926305294115 0.33450082316994745 0.60382917895913124
leaf_count=346 1297 539 65 346 606 431 15 13 3 6 11
internal_value=0 0.0101536 0.013193 0.00805665 -0.00353925 0.026708 0.0351714 -0.0320475 0.0402159 -0.035899 -0.0181138
internal_weight=0 91.1903 85.7481 69.6155 42.977 26.6386 16.1326 14.1471 14.7598 13.2951 1.37277
internal_count=3678 2362 1823 1448 952 496 375 1316 349 1303 26
is_linear=0
shrinkage=0.05


Tree=216
num_leaves=13
num_cat=0
split_feature=7 0 8 5 12 8 5 5 6 0 8 7
split_gain=5.27572 5.67604 5.31434 6.68177 5.04663 4.80145 3.65995 3.23995 2.3656 0.368398 0.113369 0.0222272
threshold=4.1567366123199472 0.54847639799118053 -4.7429733276367179 1.5460148453712466 -0.072106838226318345 2.9476013183593754 1.7146476507186892 1.6159114837646487 0.051174577325582511 0.077449221163988127 1.3509292602539065 4.3627154827117929
decision_type=2 2 2 2 2 2 2 2 2 2 2 2
left_child=1 2 4 5 8 -4 -5 -6 -1 11 -11 -2
right_child=9 -3 3 6 7 -7 -8 -9 -10 10 -12 -13
leaf_value=-0.038813576759836314 -0.059224234114182067 -0.037239529589509344 0.0086860712238379066 0.034232439610728374 0.042359094201594089 -0.037556178284447406 0.0047222004532236671 -0.046969738628597595 0.040222693562858319 0.014150988870942061 -0.024680528931097429 -0.037261013430155566
leaf_weight=1.1459638653323043 0.34967292938381067 7.4855066891759625 15.84390512481332 31.82924129627645 1.0557291209697712 8.5703308349475247 15.713280428200958 9.6123077063821238 3.9792484929785132 0.43947434332221824 0.18853407632559538 7.7706411550752819
leaf_count=25 4 912 157 649 6 370 212 303 48 14 21 926
internal_value=0 0.00426455 0.00784341 0.0136081 -0.0183418 -0.00763371 0.0245094 -0.0378183 0.0221461 -0.0360957 0.000704555 -0.0389157
internal_weight=0 95.2355 87.75 71.9568 15.7932 24.4142 47.5425 10.668 5.12521 8.74832 0.628008 8.12031
internal_count=3647 2682 1770 1388 382 527 861 309 73 965 35 930
is_linear=0
shrinkage=0.05


Tree=217
num_leaves=2
num_cat=0
split_feature=4
split_gain=29.6111
threshold=0.20276797935366633
decision_type=2
left_child=-1
right_child=-2
leaf_value=-0.037768203552158319 0.038071719569977902
leaf_weight=29.157342291902751 22.880596656352282
leaf_count=2735 912
internal_value=0
internal_weight=0
internal_count=3647
is_linear=0
shrinkage=0.05


Tree=218
num_leaves=3
num_cat=0
split_feature=1 0
split_gain=29.7076 0.566585
threshold=33.872245788574226 0.28338000178337103
decision_type=2 2
left_child=-1 -2
right_child=1 -3
leaf_value=-0.03789374384496956 -0.027530554782124118 0.038178818408749024
leaf_weight=29.060329901985824 0.26578351948410528 23.500840820372105
leaf_count=2698 20 929
internal_value=0 0.0373317
internal_weight=0 23.7666
internal_count=3647 949
is_linear=0
shrinkage=0.05


Tree=219
num_leaves=9
num_cat=0
split_feature=1 4 3 8 12 8 5 2
split_gain=8.44448 5.78984 4.27793 5.91527 4.07146 3.66732 1.74874 0.654603
threshold=24.453158378601078 0.20276797935366633 0.075256917625665679 -4.7429733276367179 -0.072106838226318345 3.4811706542968754 1.5792686343193056 0.20846013724803927
decision_type=2 2 2 2 2 2 2 2
left_child=1 2 3 4 -1 -5 7 -4
right_child=-2 -3 6 5 -6 -7 -8 -9
leaf_value=-0.0065870420855724549 -0.037495280068601762 -0.037179641988708483 0.039939287595848388 -0.0084171331695102099 0.043516499726239097 0.025991484012630874 -0.033762100795690753 0.080205251172256173
leaf_weight=5.5077781453728702 11.003944068215786 6.2656514877453438 9.9273361768573469 39.94058046489954 15.01940720900893 9.5009517762809974 0.68382046185433942 1.1766971014440066
leaf_count=73 1173 670 289 902 310 196 18 16
internal_value=0 0.00877494 0.0123379 0.00761426 0.0301061 -0.00176587 0.0400761 0.0448841
internal_weight=0 88.0222 81.7566 69.9687 20.5272 49.4415 11.7879 11.104
internal_count=3647 2474 1804 1481 383 1098 323 305
is_linear=0
shrinkage=0.05


Tree=220
num_leaves=13
num_cat=0
split_feature=1 7 8 5 12 8 5 5 6 0 5 7
split_gain=5.22547 5.13533 4.78262 6.21927 4.74292 4.39126 3.64227 3.61867 2.2563 0.422958 0.168796 0.00511167
threshold=28.533832550048832 4.1567366123199472 -4.7429733276367179 1.5460148453712466 -0.056903272867202752 2.9476013183593754 1.7146476507186892 1.6159114837646487 0.029048006981611255 0.077449221163988127 1.6432518959045412 4.3627154827117929
decision_type=2 2 2 2 2 2 2 2 2 2 2 2
left_child=1 2 4 5 8 -4 -5 -6 -1 11 -11 -3
right_child=-2 9 3 6 7 -7 -8 -9 -10 10 -12 -13
leaf_value=-0.055091269021405709 -0.037313639006718746 -0.056819530678399913 0.0082443485457407827 0.034240277295839117 0.042160519034631486 -0.036664733643094853 0.0044103141723459208 -0.054343890666826267 0.02500823247036529 -0.024134044948565678 0.026385730185824609 -0.037146696547218937
leaf_weight=0.93360039591789146 8.1221193424426001 0.34863106859847803 15.630087206140162 30.124800331890583 1.0396352782845477 8.2298250738531333 15.52075051050633 7.4561378718353808 5.9114843006245792 0.17718601087108243 0.32122532278299332 6.4300773958675563
leaf_count=29 1034 4 156 642 6 370 211 270 77 21 6 821
internal_value=0 0.00428575 0.00775647 0.0133333 -0.0174335 -0.00733419 0.0241291 -0.0421815 0.0134475 -0.0357371 0.00739411 -0.0389698
internal_weight=0 92.1234 84.8463 69.5055 15.3409 23.8599 45.6456 8.49577 6.84508 7.27712 0.498411 6.77871
internal_count=3647 2613 1761 1379 382 526 853 276 106 852 27 825
is_linear=0
shrinkage=0.05


Tree=221
num_leaves=2
num_cat=0
split_feature=4
split_gain=27.5926
threshold=0.20276797935366633
decision_type=2
left_child=-1
right_child=-2
leaf_value=-0.037739437460455549 0.038005934667893627
leaf_weight=27.377410386689007 21.278295539319515
leaf_count=2735 912
internal_value=0
internal_weight=0
internal_count=3647
is_linear=0
shrinkage=0.05


Tree=222
num_leaves=3
num_cat=0
split_feature=1 7
split_gain=27.696 0.528585
threshold=33.872245788574226 29.632671356201175
decision_type=2 2
left_child=-1 -2
right_child=1 -3
leaf_value=-0.037860374546451213 0.038111686476916748 -0.02702929838212045
leaf_weight=27.298290727194399 21.874195931479338 0.24945871625095506
leaf_count=2698 929 20
internal_value=0 0.0372589
internal_weight=0 22.1237
internal_count=3647 949
is_linear=0
shrinkage=0.05


Tree=223
num_leaves=12
num_cat=0
split_feature=1 0 3 8 12 5 5 5 0 6 7
split_gain=7.80386 5.27151 4.01993 5.40423 4.08599 3.41354 1.50556 0.679702 0.638918 0.325569 0.0338943
threshold=24.453158378601078 -0.035323843359947198 0.075256917625665679 -4.7429733276367179 -0.072106838226318345 1.4773995876312258 1.5792686343193056 1.8204647898674013 0.20846013724803927 0.050902171060442931 1.5404669642448428
decision_type=2 2 2 2 2 2 2 2 2 2 2
left_child=1 7 3 4 -3 -5 8 9 -4 10 -1
right_child=-2 2 6 5 -6 -7 -8 -9 -10 -11 -12
leaf_value=-0.0066434484519615651 -0.037447090140504347 -0.0065692809136771203 0.039539623674415596 0.020740287972710179 0.044542516745989413 -0.0093347727953483305 -0.033018438604112764 0.030773335107743369 0.080215612710334686 0.012769975566943162 -0.038034938364568595
leaf_weight=0.13470074534416099 10.226978518068789 5.4192335670813945 9.3155089765787071 12.800935479812322 13.727430007420478 35.018365951254964 0.59338440746069032 0.33842733502387989 1.1259837336838252 0.29190959967672814 6.5265984749421477
leaf_count=5 1173 74 285 165 302 942 17 8 16 10 650
internal_value=0 0.00857251 0.0123831 0.00774459 0.030117 -0.00125738 0.0402101 -0.0318069 0.0446454 -0.0352459 -0.0375078
internal_weight=0 85.2925 78.0008 66.966 19.1467 47.8193 11.0349 7.29164 10.4415 6.95321 6.6613
internal_count=3647 2474 1801 1483 376 1107 318 673 301 665 655
is_linear=0
shrinkage=0.05


Tree=224
num_leaves=15
num_cat=0
split_feature=1 6 11 8 8 1 6 0 11 12 8 0 7 8
split_gain=4.84058 4.93678 4.32165 4.6261 2.23828 2.88093 2.79619 2.06952 2.04685 1.56445 0.972656 0.906847 0.805781 0.512549
threshold=28.533832550048832 0.028005694970488552 0.075256917625665679 -6.3157806396484366 -3.3445053100585933 7.0729753971099862 0.010292359162122013 0.20846013724803927 -0.11046824231743811 -0.075990945100784288 -4.1950836181640616 0.074008267372846617 3.8211818933486943 0.79365539550781261
decision_type=2 2 2 2 2 2 2 2 2 2 2 2 2 2
left_child=1 4 3 9 6 12 11 -7 -5 -3 -8 -1 -6 -4
right_child=-2 2 13 8 5 7 10 -9 -10 -11 -12 -13 -14 -15
leaf_value=-0.029825392483541005 -0.03726080751345081 0.0077782684591598556 0.0052314554031314825 -0.043902249181989816 0.019649102299401665 -0.019997067206209623 -0.053139235502320928 -0.16262008052575949 0.021554978759300722 -0.046413690039080732 -0.12142869119487068 0.028614685556583471 -0.033044060810715911 -0.037471223881889677
leaf_weight=1.2565890965051978 7.5472254077903917 2.0327547863125801 0.80111054331064124 1.1322263558395196 7.9189585405401903 10.492683998774734 2.5239437632262711 0.16347409784793931 51.864103093743324 3.6266061002388588 0.72567326109856356 1.2000883631408212 0.70738434931263316 4.5474308650009334
leaf_count=147 1034 39 10 32 177 709 69 1 911 159 6 28 96 229
internal_value=0 0.00419162 0.0115465 0.0154812 -0.0146175 -0.00638631 -0.0418432 -0.0236766 0.0200765 -0.0271517 -0.0715589 -0.00127477 0.014999 -0.0310965
internal_weight=0 88.993 64.0042 58.6557 24.9888 19.2825 5.70629 10.6562 52.9963 5.65936 3.24962 2.45668 8.62634 5.34854
internal_count=3647 2613 1380 1141 1233 983 250 710 943 198 75 175 273 239
is_linear=0
shrinkage=0.05


Tree=225
num_leaves=2
num_cat=0
split_feature=4
split_gain=25.7135
threshold=0.20276797935366633
decision_type=2
left_child=-1
right_child=-2
leaf_value=-0.037710655863489234 0.03794344908383418
leaf_weight=25.69946540473029 19.791743891313672
leaf_count=2735 912
internal_value=0
internal_weight=0
internal_count=3647
is_linear=0
shrinkage=0.05


Tree=226
num_leaves=3
num_cat=0
split_feature=1 0
split_gain=25.8027 0.493288
threshold=33.872245788574226 0.28338000178337103
decision_type=2 2
left_child=-1 -2
right_child=1 -3
leaf_value=-0.037826945387735261 -0.026519833985498703 0.038043719964129905
leaf_weight=25.635980617720634 0.23423284292221325 20.341116404160857
leaf_count=2698 20 929
internal_value=0 0.037184
internal_weight=0 20.5753
internal_count=3647 949
is_linear=0
shrinkage=0.05


Tree=227
num_leaves=9
num_cat=0
split_feature=1 4 5 8 5 8 5 0
split_gain=7.2159 4.88939 3.48768 4.8751 4.09633 3.19961 0.304826 0.0605615
threshold=24.453158378601078 0.069005779922008528 1.82738733291626 3.4811706542968754 1.6048732995986941 -4.7429733276367179 1.2965771555900576 0.066294614225626006
decision_type=2 2 2 2 2 2 2 2
left_child=1 2 3 5 -5 -1 -3 -8
right_child=-2 6 -4 4 -6 -7 7 -9
leaf_value=0.022336044111910515 -0.037398661522812973 0.017696049770272251 0.038380146692980122 0.040977693382774086 -0.036964160351782661 -0.0071781750905807341 -0.037176247836767068 0.0026193498672845237
leaf_weight=11.977948570623985 9.5048714689910394 0.21403182623907824 10.55727403052151 13.909963416866956 1.8376131001859892 38.208669047802694 5.7840383788570762 0.084253648295998462
leaf_count=83 1173 9 377 410 57 858 676 4
internal_value=0 0.00838938 0.0118328 0.00753036 0.0317067 -0.000103661 -0.0344056 -0.0365706
internal_weight=0 82.5738 76.4915 65.9342 15.7476 50.1866 6.08232 5.86829
internal_count=3647 2474 1785 1408 467 941 689 680
is_linear=0
shrinkage=0.05


Tree=228
num_leaves=13
num_cat=0
split_feature=1 11 8 5 4 5 11 5 8 5 4 10
split_gain=4.83512 4.05499 4.98087 4.71721 3.97357 4.69753 2.97254 2.42795 1.53071 0.698749 0.244417 0.291759
threshold=24.153811454772953 -0.07793939113616942 3.4811706542968754 1.6186023950576784 0.20276797935366633 1.6848669052124026 0.025316474027931694 1.6919204592704775 -4.3836669921874991 1.7515664696693423 -0.071188647300004945 2.106491327285767
decision_type=2 2 2 2 2 2 2 2 2 2 2 2
left_child=1 7 4 6 5 -3 -4 8 -1 -9 11 -2
right_child=10 2 3 -5 -6 -7 -8 9 -10 -11 -12 -13
leaf_value=-0.044926160029330135 -0.03241692653321053 0.027084065713238542 -0.00049265874190266938 0.037676889262390316 -0.03670160897297 -0.00050426112043616602 -0.055318358046045658 -0.081839673929636772 0.035981817788788777 -0.037394749934622738 -0.037252886552823918 0.026806902566940717
leaf_weight=0.80453631700947914 0.33065861696377385 38.566850209608674 3.8985844496637565 2.7086407504975787 3.6826017731800667 25.669273940380663 6.6662724707275629 1.5305909365415571 1.5597800211980928 2.7223999788984656 7.7835093410685641 0.30385296698659658
leaf_count=7 16 707 123 53 532 358 417 7 23 260 1158 5
internal_value=0 0.00460792 0.00768813 -0.0202227 0.0131645 0.0160759 -0.0352812 -0.0327371 0.00774436 -0.0549025 -0.0348459 -0.00426757
internal_weight=0 87.8095 81.1922 13.2735 67.9187 64.2361 10.5649 6.61731 2.36432 4.25299 8.41802 0.634512
internal_count=3666 2487 2190 593 1597 1065 540 297 30 267 1179 21
is_linear=0
shrinkage=0.05


Tree=229
num_leaves=2
num_cat=0
split_feature=4
split_gain=24.0977
threshold=0.20276797935366633
decision_type=2
left_child=-1
right_child=-2
leaf_value=-0.037689636278257915 0.037885254259941499
leaf_weight=24.647892815526575 18.284197373315692
leaf_count=2764 902
internal_value=0
internal_weight=0
internal_count=3666
is_linear=0
shrinkage=0.05


Tree=230
num_leaves=3
num_cat=0
split_feature=0 0
split_gain=23.5241 0.442493
threshold=0.28338000178337103 0.54847639799118053
decision_type=2 2
left_child=-1 -2
right_child=1 -3
leaf_value=-0.037681067276359413 0.0022654441162614715 0.037886179041866877
leaf_weight=24.31818426027894 0.92908811569214123 18.270532606169581
leaf_count=2740 12 914
internal_value=0 0.0361831
internal_weight=0 19.1996
internal_count=3666 926
is_linear=0
shrinkage=0.05


Tree=231
num_leaves=15
num_cat=0
split_feature=1 3 3 5 5 5 5 7 5 5 5 5 0 3
split_gain=6.77001 4.11212 5.56213 4.61363 4.51558 4.11234 4.31387 4.10123 2.14336 1.43815 1.35003 2.01668 0.743734 0.71527
threshold=16.882924079895023 -0.07793939113616942 0.044638963416218765 1.6186023950576784 1.5945056080818178 1.6848669052124026 1.4863550662994387 2.3446840047836308 1.7995837926864626 1.3809331655502322 1.6919204592704775 1.7515664696693423 0.1786979213356972 -0.068993955850601182
decision_type=2 2 2 2 2 2 2 2 2 2 2 2 2 2
left_child=1 10 5 4 -4 6 -3 -7 9 12 -1 -12 -2 -11
right_child=8 2 3 -5 -6 7 -8 -9 -10 13 11 -13 -14 -15
leaf_value=0.0042351140236239057 -0.031437036520570998 0.0093753173252659472 0.036537643271730674 -0.036781962933122823 0.20266623908848891 0.0028288998678234175 -0.032945470243970952 0.056681942641089902 0.030334749730278235 0.00050927278249361088 0.10597583214119624 0.038070278020272713 0.036501527906725326 -0.036221705345142539
leaf_weight=1.8449645480141024 0.50249765627086773 9.8864167421124893 13.753022612538189 2.0717533458955577 0.32816538866609413 18.979555532336239 15.15957658132538 4.2480205204337826 1.6455507716163982 1.4589401981793368 1.3440340459346769 5.604958301410079 1.1606832556426523 14.087091918569053
leaf_count=23 74 223 422 76 10 267 726 61 36 91 6 243 35 1373
internal_value=0 0.0106768 0.00626673 0.0315666 0.0418111 -0.00224668 -0.0162693 0.0128787 -0.022847 -0.0280781 0.0425524 0.0525213 0.0153564 -0.0327934
internal_weight=0 73.2205 64.4265 16.1529 14.0812 48.2736 25.046 23.2276 18.8548 17.2092 8.79396 6.94899 1.66318 15.546
internal_count=3666 2057 1785 508 432 1277 949 328 1609 1573 272 249 109 1464
is_linear=0
shrinkage=0.05


Tree=232
num_leaves=15
num_cat=0
split_feature=7 3 0 8 5 5 12 7 0 5 8 3 5 8
split_gain=4.76828 4.22713 4.72328 4.99011 4.05217 4.01263 2.35568 2.9723 2.48276 1.43034 1.98498 1.35232 1.33559 1.1039
threshold=2.2565898895263676 -0.07793939113616942 0.28338000178337103 3.4811706542968754 1.6186023950576784 1.7483461499214175 -0.075990945100784288 2.3604911565780644 -0.017362950369715687 1.7146476507186892 1.554954528808594 -0.02678742632269859 1.6919204592704775 -4.3836669921874991
decision_type=2 2 2 2 2 2 2 2 2 2 2 2 2 2
left_child=1 12 3 5 -5 -3 7 -2 -8 10 -10 -11 13 -1
right_child=6 2 -4 4 -6 -7 8 -9 9 11 -12 -13 -14 -15
leaf_value=-0.044363375270142419 -0.16140004068545843 0.029921158585146792 -0.036948880065112107 -0.040694909851311467 0.038168126849816228 -0.0024241260423076127 -0.037317073127653609 -0.034067419898952109 0.031218793367718562 -0.050661768425961463 -0.009902914502363816 0.012633369987735413 -0.055525236217541733 0.029791812608110993
leaf_weight=0.77737571904435743 0.42968936916440981 36.635290509089828 4.5435935491695991 6.1500592620577645 2.1149649992585182 12.955868443474172 5.8279399611055913 4.2911016731522977 5.391586058773095 2.1342448811046784 6.2261261604726315 1.3023342425003637 3.0979486275464296 1.0729957362636913
leaf_count=6 11 657 712 277 38 183 748 248 183 73 250 28 223 29
internal_value=0 0.00807419 0.0116182 0.0154894 -0.0202993 0.021483 -0.0172345 -0.0487649 -0.00990811 0.000878894 0.00928454 -0.0269963 -0.0359614 -0.00203945
internal_weight=0 67.3481 62.3998 57.8562 8.26502 49.5912 25.603 4.72079 20.8822 15.0543 11.6177 3.43658 4.94832 1.85037
internal_count=3666 2125 1867 1155 315 840 1541 259 1282 534 433 101 258 35
is_linear=0
shrinkage=0.05


Tree=233
num_leaves=3
num_cat=0
split_feature=7 7
split_gain=22.3686 0.0701383
threshold=5.3550145626068124 12.534932136535646
decision_type=2 2
left_child=-1 -2
right_child=1 -3
leaf_value=-0.03766280544380865 0.0055764883929763304 0.037827647102317508
leaf_weight=23.104136607144028 0.20826039323583501 16.978970205411315
leaf_count=2753 15 898
internal_value=0 0.0374714
internal_weight=0 17.1872
internal_count=3666 913
is_linear=0
shrinkage=0.05


Tree=234
num_leaves=3
num_cat=0
split_feature=1 4
split_gain=22.522 0.447579
threshold=33.872245788574226 0.84820985794067394
decision_type=2 2
left_child=-1 -2
right_child=1 -3
leaf_value=-0.037744792429220936 0.037924667417128827 -0.025788672953756149
leaf_weight=23.080745037645102 17.506744535639886 0.2147297952324142
leaf_count=2723 922 21
internal_value=0 0.0370123
internal_weight=0 17.7215
internal_count=3666 943
is_linear=0
shrinkage=0.05


Tree=235
num_leaves=15
num_cat=0
split_feature=1 3 8 3 7 7 7 3 12 8 8 8 4 3
split_gain=6.20302 3.75647 5.48391 3.16003 2.83481 4.35135 2.07161 1.91648 1.28857 1.1348 1.10303 0.958269 0.651739 0.846456
threshold=16.882924079895023 -0.07793939113616942 3.4811706542968754 0.034036988392472274 2.2565898895263676 3.3274902105331425 1.0952144265174868 0.054779157042503364 -0.0017660558223724363 0.067169189453125014 -6.5447540283203116 6.8807601928710946 -0.022842187434434887 -0.027055639773607251
decision_type=2 2 2 2 2 2 2 2 2 2 2 2 2 2
left_child=1 9 4 8 6 -6 -3 -5 -4 -1 -2 12 13 -12
right_child=10 2 3 7 5 -7 -8 -9 -10 -11 11 -13 -14 -15
leaf_value=0.047021162244266231 0.016394834258848384 0.0050872035152450014 0.037241339001077296 0.092880882624745309 0.036961612335704781 -0.029410144825390217 -0.019244372719329578 0.037000971501613349 -0.018713073608553708 -0.018966748170155104 0.011590671779701673 0.027016102928274378 -0.037033765153545763 -0.028220411919073242
leaf_weight=7.7212789254263026 1.5988982953131223 14.955266268923877 1.3866918738931415 1.89175305655226 8.8475576154887658 3.3258669916540375 20.860754393041134 8.2498866072855872 3.2423247527331105 0.65790678141638625 1.8943437351845203 0.72802957054227668 9.5880845426581747 4.081417563837026
leaf_count=258 44 296 23 46 179 342 464 325 110 14 92 33 1204 236
internal_value=0 0.0104343 0.00620337 0.0327337 -0.00201347 0.0187365 -0.00909865 0.0482296 -0.00151803 0.0416774 -0.0224253 -0.0263119 -0.028963 -0.0156171
internal_weight=0 71.1393 62.7601 14.7707 47.9894 12.1734 35.816 10.1416 4.62902 8.37919 17.8908 16.2919 15.5638 5.97576
internal_count=3666 2057 1785 504 1281 521 760 371 133 272 1609 1565 1532 328
is_linear=0
shrinkage=0.05


Tree=236
num_leaves=15
num_cat=0
split_feature=7 3 0 8 5 5 4 5 3 5 7 5 5 5
split_gain=4.26751 3.84293 4.29512 4.45688 3.82979 3.73905 2.39085 2.09406 2.71177 2.43344 2.15566 2.42519 2.07937 1.78785
threshold=2.2565898895263676 -0.07793939113616942 0.28338000178337103 3.4811706542968754 1.7483461499214175 1.6186023950576784 0.028367755934596065 1.6848669052124026 -0.026399813592433926 1.7196110486984255 3.5792996883392338 1.503061890602112 1.5442732572555544 1.7351943254470827
decision_type=2 2 2 2 2 2 2 2 2 2 2 2 2 2
left_child=1 -1 3 4 -3 -5 12 10 9 -9 11 -8 -2 -14
right_child=6 2 -4 5 -6 -7 7 8 -10 -11 -12 -13 13 -15
leaf_value=-0.035290336020920125 -0.02771234190272788 0.02907846326907226 -0.036872800841037098 -0.039327888354635632 -0.0026900235911877235 0.037965970932676757 -0.05821193610133895 -0.17998340797317341 -0.0015271545664884299 -0.05735493863942373 -0.038599787956802002 0.033107780963553921 0.02851561289201664 -0.024621616336178188
leaf_weight=4.701673681382089 4.5047661797143537 35.35533944517374 4.2248806878924361 5.9679545864928505 12.930820323061196 2.0197335854172707 0.87713384488597368 0.58511580293998156 1.0379847981967021 1.3855836675502358 5.8031309514772147 2.7588508152402937 5.8350004130043089 2.0723619046621025
leaf_count=258 152 657 712 277 183 38 25 9 23 27 919 83 235 68
internal_value=0 0.00779242 0.0111933 0.014861 0.020583 -0.0195559 -0.0165144 -0.0319054 -0.0676341 -0.100698 -0.0199274 0.0101096 -0.00094754 0.0144558
internal_weight=0 65.2004 60.4987 56.2738 48.2862 7.98769 24.8599 12.4478 3.00868 1.9707 9.43912 3.63598 12.4121 7.90736
internal_count=3666 2125 1867 1155 840 315 1541 1086 59 36 1027 108 455 303
is_linear=0
shrinkage=0.05


Tree=237
num_leaves=2
num_cat=0
split_feature=4
split_gain=21.0867
threshold=0.20276797935366633
decision_type=2
left_child=-1
right_child=-2
leaf_value=-0.037636858170631352 0.037779323812599575
leaf_weight=21.814569380134344 15.963886598125098
leaf_count=2764 902
internal_value=0
internal_weight=0
internal_count=3666
is_linear=0
shrinkage=0.05


Tree=238
num_leaves=3
num_cat=0
split_feature=1 0
split_gain=21.0727 0.418215
threshold=33.872245788574226 0.28338000178337103
decision_type=2 2
left_child=-1 -2
right_child=1 -3
leaf_value=-0.037721523662758612 -0.025263150764230642 0.037867312048733531
leaf_weight=21.726502448320389 0.20182829443365591 16.359047766774893
leaf_count=2723 21 922
internal_value=0 0.0369509
internal_weight=0 16.5609
internal_count=3666 943
is_linear=0
shrinkage=0.05


Tree=239
num_leaves=15
num_cat=0
split_feature=1 3 8 5 3 8 3 5 5 3 5 5 5 8
split_gain=5.64945 3.45959 4.96604 3.26191 4.2142 3.30679 3.0544 2.68232 1.89197 1.78551 1.32763 1.31018 1.37539 1.33426
threshold=16.882924079895023 -0.07793939113616942 3.4811706542968754 1.6848669052124026 0.018172502517700199 -1.665077209472656 0.034036988392472274 1.4874824881553652 1.7995837926864626 0.054779157042503364 1.3809331655502322 1.6919204592704775 1.7515664696693423 -6.3157806396484366
decision_type=2 2 2 2 2 2 2 2 2 2 2 2 2 2
left_child=1 11 3 4 -3 -5 7 -4 10 -8 -2 13 -13 -1
right_child=8 2 6 5 -6 -7 9 -9 -10 -11 -12 12 -14 -15
leaf_value=0.04678910185640079 0.016384243332263453 -0.032999917397341601 0.03697313512913987 0.02207991731700806 0.0090087702653246868 -0.02235554698344519 0.091400751700273453 -0.038498968664332674 0.029905348999078221 0.036440859049727548 -0.031955423001238555 0.095193428422545426 0.037792381464045358 -0.035812215579336164
leaf_weight=0.81600970029830933 1.5184648279100681 13.482803381979467 2.1819696188904336 17.736130482517186 10.589936610311268 5.3828934468328944 1.8305633976124207 2.3321848483756185 1.5200243610888708 7.8231916851364076 13.992949563544242 1.3585952222347257 4.7941155908629298 0.94897456606849917
leaf_count=3 109 613 49 232 331 105 46 84 36 325 1464 6 243 20
internal_value=0 0.0101523 0.00610542 -0.00170603 -0.0145589 0.0116821 0.0319541 -0.00200796 -0.0219118 0.0476927 -0.0271487 0.041047 0.051787 0.00283818
internal_weight=0 69.2774 61.3597 47.1918 24.0727 23.119 14.1679 4.51415 17.0314 9.65376 15.5114 7.9177 6.15271 1.76498
internal_count=3666 2057 1785 1281 944 337 504 133 1609 371 1573 272 249 23
is_linear=0
shrinkage=0.05


Tree=240
num_leaves=15
num_cat=0
split_feature=5 3 1 6 8 1 3 4 7 5 10 1 5 2
split_gain=3.57584 5.88348 4.63662 3.49927 4.08311 3.47533 3.35122 2.73407 2.23808 2.64809 1.90174 1.74645 1.69329 1.48084
threshold=1.5343727469444277 -0.02678742632269859 28.533832550048832 0.077119011431932463 -1.699440002441406 2.4797496795654301 0.05281371250748635 -0.011983294039964674 4.1567366123199472 1.7767128348350527 2.1343502998352055 0.25374421477317816 1.7767128348350527 0.13833086192607882
decision_type=2 2 2 2 2 2 2 2 2 2 2 2 2 2
left_child=6 3 8 4 5 -2 7 -1 9 -3 -6 -5 -13 -9
right_child=1 2 -4 11 10 -7 -8 13 -10 -11 -12 12 -14 -15
leaf_value=0.021751924167963253 -0.087203489206612833 0.034330545524615869 -0.036610785623645913 0.1494359097210809 0.016122923441573032 -0.023862451395165934 -0.045885843677221372 -0.027141351660339465 -0.031879227952877273 -0.0010779793025059139 -0.054591872803297949 0.036912015566716895 -0.03510558994582904 0.021426524000097955
leaf_weight=6.4011660623364213 2.7577002556063279 26.988821687176824 3.2954348367638877 0.18055558204650779 7.116528713144362 9.5074534160085005 6.5051772671286008 9.2272361572831851 1.5884960046969343 6.55132649000734 0.9962696349248289 3.2352995853871107 0.99333468405529846 1.8090771813876916
leaf_count=101 53 623 584 1 276 400 423 688 196 54 34 89 76 77
internal_value=0 0.00709775 0.0193299 -0.0118655 -0.0206053 -0.0386941 -0.0155524 -0.00403912 0.0246667 0.0274316 0.00688001 0.0280883 0.0195744 -0.0190592
internal_weight=0 63.2112 38.4241 24.7871 20.378 12.2652 23.9427 17.4375 35.1286 33.5401 8.1128 4.40919 4.22863 11.0363
internal_count=3675 2386 1457 929 763 453 1289 866 873 677 310 166 165 765
is_linear=0
shrinkage=0.05


Tree=241
num_leaves=3
num_cat=0
split_feature=7 7
split_gain=19.9251 0.0428374
threshold=5.3550145626068124 12.534932136535646
decision_type=2 2
left_child=-1 -2
right_child=1 -3
leaf_value=-0.037611035688113068 0.0075565595811148897 0.037732702461807398
leaf_weight=20.281835003057495 0.17540884157642622 15.346169975586234
leaf_count=2731 13 931
internal_value=0 0.0374422
internal_weight=0 15.5216
internal_count=3675 944
is_linear=0
shrinkage=0.05


Tree=242
num_leaves=3
num_cat=0
split_feature=1 0
split_gain=19.5159 0.475965
threshold=33.872245788574226 0.28338000178337103
decision_type=2 2
left_child=-1 -2
right_child=1 -3
leaf_value=-0.037725106005981029 -0.026291959665193307 0.037808356007233125
leaf_weight=20.486301101511344 0.22912321239709754 15.079539729282258
leaf_count=2740 25 910
internal_value=0 0.0366846
internal_weight=0 15.3087
internal_count=3675 935
is_linear=0
shrinkage=0.05


Tree=243
num_leaves=13
num_cat=0
split_feature=1 11 5 11 6 8 5 10 10 5 0 5
split_gain=5.44769 3.79949 4.96963 4.53389 3.47069 3.29049 2.44434 2.21863 2.16913 2.02043 0.646917 0.410845
threshold=24.153811454772953 0.061412833631038673 1.6848669052124026 -0.02678742632269859 0.078354798257350936 4.2553253173828134 1.5792686343193056 0.34692655503749853 0.9755106270313264 1.4863550662994387 0.20846013724803927 1.5174070000648501
decision_type=2 2 2 2 2 2 2 2 2 2 2 2
left_child=1 2 5 4 -4 9 10 -7 -5 -1 11 -3
right_child=-2 6 3 8 -6 7 -8 -9 -10 -11 -12 -13
leaf_value=-0.00025649539558885576 -0.037216757892890952 0.04067571261475985 0.041382423889341172 0.01170262658491799 -0.013851388746283035 0.089538767469745636 -0.035188079755656319 0.008471207161896253 -0.030050949086870418 -0.028694025686660768 0.076737815388213546 0.010984225921395568
leaf_weight=9.9882769347168558 7.260570145212113 8.0182057493366283 16.191084070131186 6.9712997209280712 3.3941412363201371 0.98197329742833872 1.083653138950466 3.9554927707649767 5.4616683311760426 16.57872324436903 1.1290083900094021 1.4657437014393497
leaf_count=315 1184 332 389 77 78 19 45 142 96 956 19 23
internal_value=0 0.00785356 0.00300917 0.016856 0.0317886 -0.0110723 0.0339143 0.0260515 -0.00673269 -0.0180435 0.0412327 0.0362494
internal_weight=0 75.2193 63.5227 32.0182 19.5852 31.5045 11.6966 4.93747 12.433 26.567 10.613 9.48395
internal_count=3675 2491 2072 640 467 1432 419 161 173 1271 374 355
is_linear=0
shrinkage=0.05


Tree=244
num_leaves=15
num_cat=0
split_feature=1 5 11 6 8 11 4 5 11 7 0 5 6 5
split_gain=3.361 3.80558 6.26392 3.48097 4.36007 3.34687 2.39978 2.10149 3.06494 2.5575 1.72064 1.5813 1.04766 0.698252
threshold=28.533832550048832 1.5343727469444277 -0.02678742632269859 0.077119011431932463 -1.699440002441406 0.05281371250748635 -0.010718331672251223 1.7767128348350527 -0.0061506591737270347 4.1567366123199472 0.13833086192607882 1.8396968841552737 0.079289924353361144 1.532556474208832
decision_type=2 2 2 2 2 2 2 2 2 2 2 2 2 2
left_child=1 5 3 4 -3 6 12 9 -9 -4 -8 -5 -1 -7
right_child=-2 2 7 11 -6 13 10 8 -10 -11 -12 -13 -14 -15
leaf_value=0.030233474530060856 -0.037000138648486731 -0.037716019868800715 0.033915423717813913 0.046366333962253696 0.011557136512248233 -0.040393297546255841 -0.025781227475544767 0.032056329319133374 -0.035482688808001615 -0.031405039847013934 0.031074520604779485 -0.033239607310695841 -0.028625845936436828 -0.11857784993364491
leaf_weight=5.3693185099400642 5.3856385019607833 11.590455277124423 25.610163578763608 3.2914713211357589 7.2273019948042938 5.8398814878892145 8.5070991236716491 3.2914604349061847 3.2284308373928061 1.515226847026496 1.4866042849607755 0.68843504507094611 0.79635598231106985 0.23667670367285598
leaf_count=65 1027 395 623 48 168 402 589 27 27 196 28 67 9 4
internal_value=0 0.003477 0.0103756 -0.00983471 -0.0188307 -0.0140023 -0.00202351 0.0240585 -0.00141753 0.0301647 -0.0170996 0.0321191 0.0222957 -0.045309
internal_weight=0 78.6789 56.4429 22.7977 18.8178 22.2359 16.1594 33.6453 6.51989 27.1254 9.9937 3.97991 6.16567 6.07656
internal_count=3675 2648 1551 678 563 1097 691 873 54 819 617 115 74 406
is_linear=0
shrinkage=0.05


Tree=245
num_leaves=2
num_cat=0
split_feature=4
split_gain=18.8211
threshold=0.20276797935366633
decision_type=2
left_child=-1
right_child=-2
leaf_value=-0.037585763941211978 0.037692105838003337
leaf_weight=19.118627514922991 14.521030637435613
leaf_count=2740 935
internal_value=0
internal_weight=0
internal_count=3675
is_linear=0
shrinkage=0.05


Tree=246
num_leaves=3
num_cat=0
split_feature=1 4
split_gain=18.2495 0.44454
threshold=33.872245788574226 0.84820985794067394
decision_type=2 2
left_child=-1 -2
right_child=1 -3
leaf_value=-0.037694129019112968 0.037754672296251859 -0.025774614301005694
leaf_weight=19.254715313902125 14.095544819720086 0.21521958196535784
leaf_count=2740 910 25
internal_value=0 0.036627
internal_weight=0 14.3108
internal_count=3675 935
is_linear=0
shrinkage=0.05


Tree=247
num_leaves=15
num_cat=0
split_feature=1 11 11 8 8 6 10 11 0 0 8 8 11 12
split_gain=5.05677 3.03936 3.59629 3.1716 2.59242 1.99637 1.91402 1.55418 1.45536 1.1531 1.02328 0.752951 0.681335 0.544063
threshold=18.646009445190433 0.061412833631038673 -0.03394826874136924 -1.7576446533203123 4.2553253173828134 0.089166592806577696 0.35529872775077825 -0.05218133516609668 0.09368459135293962 0.20846013724803927 0.79365539550781261 -8.2722549438476545 0.094394423067569747 -0.15255346894264218
decision_type=2 2 2 2 2 2 2 2 2 2 2 2 2 2
left_child=1 2 3 5 8 -1 -6 -5 -4 10 13 -2 -13 -3
right_child=11 9 4 7 6 -7 -8 -9 -10 -11 -12 12 -14 -15
leaf_value=0.04027983810616706 0.0268079154883995 0.042717549184460059 -0.019278500767756938 0.012108035896503328 0.092202041758898248 -0.011423839884243671 0.013006273003902974 -0.04020299818827721 0.0018542433883998134 0.096486898749208072 0.035531404260418724 -0.033085775829439161 0.020592852813239294 -0.024225513436022458
leaf_weight=12.943349734880032 0.53966042306274076 0.29990386962890614 17.986200531944633 3.1556202275678515 0.88935379730537434 2.1339405244216314 3.5320841912180185 2.4317406816408029 14.795641338452695 0.59968199115246612 8.3843461899086815 10.131024111062285 0.56260139727965075 1.1883105076849432
leaf_count=401 16 1 699 77 16 55 120 89 357 8 344 1430 21 41
internal_value=0 0.00890922 0.00439735 0.0210694 -0.00489486 0.032935 0.0306231 -0.0109654 -0.00976389 0.0335637 0.0288124 -0.0271509 -0.0300971 -0.00889494
internal_weight=0 68.3402 57.8679 20.6647 37.2033 15.0773 4.42144 5.58736 32.7818 10.4722 9.87256 11.2333 10.6936 1.48821
internal_count=3675 2208 1814 622 1192 456 136 166 1056 394 386 1467 1451 42
is_linear=0
shrinkage=0.05


Tree=248
num_leaves=9
num_cat=0
split_feature=7 0 5 5 3 3 0 0
split_gain=3.07346 2.95477 2.80609 3.41335 5.25987 3.80318 0.218746 0.0592759
threshold=4.1567366123199472 0.54847639799118053 1.82738733291626 1.5343727469444277 -0.02678742632269859 0.05281371250748635 0.077449221163988127 0.15454836189746859
decision_type=2 2 2 2 2 2 2 2
left_child=1 2 3 5 -5 -1 -2 -8
right_child=6 -3 -4 4 -6 -7 7 -9
leaf_value=0.0043711886294019895 -0.038408131625821504 -0.036765235909481428 -0.037228292146841056 -0.0053806802488640974 0.027992615666173094 -0.044911587481119099 0.013232664189028187 -0.020039243121410148
leaf_weight=13.360933585092427 4.9183184681460252 4.2197641325183204 3.499899568501859 19.332367500290271 30.115295678377155 5.428182298783212 0.25950428098440159 0.11347405146807432
leaf_count=179 951 893 372 264 658 325 15 18
internal_value=0 0.00340499 0.00581581 0.00807481 0.0149603 -0.010029 -0.0356621 0.00101345
internal_weight=0 75.9564 71.7367 68.2368 49.4477 18.7891 5.2913 0.372978
internal_count=3675 2691 1798 1426 922 504 984 33
is_linear=0
shrinkage=0.05


Tree=249
num_leaves=2
num_cat=0
split_feature=4
split_gain=17.6532
threshold=0.20276797935366633
decision_type=2
left_child=-1
right_child=-2
leaf_value=-0.037560671778756743 0.037647200076421555
leaf_weight=17.984552913112569 13.625055214390157
leaf_count=2740 935
internal_value=0
internal_weight=0
internal_count=3675
is_linear=0
shrinkage=0.05


Tree=250
num_leaves=3
num_cat=0
split_feature=1 0
split_gain=17.0354 0.41532
threshold=33.872245788574226 0.28338000178337103
decision_type=2 2
left_child=-1 -2
right_child=1 -3
leaf_value=-0.037663691739464211 -0.025250670880094913 0.037699805164673694
leaf_weight=18.115311043336991 0.20225416868924995 13.127643074840305
leaf_count=2740 25 910
internal_value=0 0.0365638
internal_weight=0 13.3299
internal_count=3675 935
is_linear=0
shrinkage=0.05


Tree=251
num_leaves=8
num_cat=0
split_feature=1 4 11 5 6 5 0
split_gain=4.66687 3.19401 2.91641 3.68985 2.44662 2.17044 0.41822
threshold=24.153811454772953 0.20276797935366633 0.061412833631038673 1.82738733291626 0.041567172855138786 1.5792686343193056 0.20846013724803927
decision_type=2 2 2 2 2 2 2
left_child=1 2 3 4 -1 6 -4
right_child=-2 -3 5 -5 -6 -7 -8
leaf_value=0.0132435634519296 -0.037112432889027248 -0.036695988735516265 0.036911017706856529 0.03803489831593939 -0.009221850783367699 -0.034764172149191926 0.071051725950260131
leaf_weight=21.276573542505503 6.3043372193351379 3.7762651806697241 8.3083940893411583 7.4577113799750796 27.885831047780812 0.95662300661206323 1.0917586926370866
leaf_count=442 1184 663 329 373 627 38 19
internal_value=0 0.00745966 0.0100002 0.00550911 0.00050791 0.0342655 0.0415824
internal_weight=0 70.7532 66.9769 56.6201 49.1624 10.3568 9.40015
internal_count=3675 2491 1828 1442 1069 386 348
is_linear=0
shrinkage=0.05


Tree=252
num_leaves=15
num_cat=0
split_feature=6 5 5 0 13 8 5 4 5 6 8 3 3 8
split_gain=3.67125 3.40041 3.33748 3.73327 3.01292 2.28066 3.78736 2.28055 1.96344 1.75274 2.20748 1.69034 1.47738 1.47634
threshold=0.043726865202188499 1.503061890602112 1.7995837926864626 0.54847639799118053 0.98636072874069225 -2.6907196044921871 1.6798898577690127 -0.021044931374490258 1.4396952390670779 -0.016484326682984825 4.6584548950195321 0.024481121450662616 -0.068993955850601182 2.9476013183593754
decision_type=2 2 2 2 2 2 2 2 2 2 2 2 2 2
left_child=5 7 3 12 -4 6 -1 13 -7 -10 -11 -8 -3 -2
right_child=1 2 4 -5 -6 8 11 -9 9 10 -12 -13 -14 -15
leaf_value=0.0071185043107489659 0.028904724837152253 -0.0058711279862520465 -0.039537343628314063 -0.03606988609014608 0.11887558876829535 -0.03842771168401829 -0.061211563195904276 -0.037321075705067021 -0.033958059887953057 0.012655402905215097 -0.036750132714634343 0.022163716962610623 0.0332521024274402 -0.036015817599151394
leaf_weight=4.1141104316338879 3.1112801837734878 2.6621110141277375 3.4164456962607797 2.3085704077966502 0.23144826455973078 3.4406818463467088 6.1676717768423259 5.3630447955802065 2.947500463807958 18.352333590853963 2.4789548572152844 0.62305594701319922 23.125989240594212 1.1097604427486656
leaf_count=285 47 29 228 514 6 371 210 172 536 655 48 10 498 97
internal_value=0 0.0100161 0.0178866 0.023734 -0.0265829 -0.01147 -0.0306802 -0.0159681 -0.00368978 0.00147652 0.00662858 -0.0533512 0.0292063 0.0113979
internal_weight=0 41.3287 31.7446 28.0967 3.64789 38.1243 10.9048 9.58409 27.2195 23.7788 20.8313 6.79073 25.7881 4.22104
internal_count=3706 1591 1275 1041 234 2115 505 316 1610 1239 703 220 527 144
is_linear=0
shrinkage=0.05


Tree=253
num_leaves=2
num_cat=0
split_feature=4
split_gain=16.3997
threshold=0.20276797935366633
decision_type=2
left_child=-1
right_child=-2
leaf_value=-0.037539636155037671 0.037589656866131076
leaf_weight=17.221180198015649 12.411528171971439
leaf_count=2789 917
internal_value=0
internal_weight=0
internal_count=3706
is_linear=0
shrinkage=0.05


Tree=254
num_leaves=3
num_cat=0
split_feature=1 0
split_gain=16.2677 0.374493
threshold=33.872245788574226 0.28338000178337103
decision_type=2 2
left_child=-1 -2
right_child=1 -3
leaf_value=-0.037665636191990343 -0.024421908497588615 0.037656587197975253
leaf_weight=17.307967501459647 0.18361782608553667 12.525391948409377
leaf_count=2750 24 932
internal_value=0 0.036576
internal_weight=0 12.709
internal_count=3706 956
is_linear=0
shrinkage=0.05


Tree=255
num_leaves=10
num_cat=0
split_feature=1 4 3 8 3 8 8 8 8
split_gain=4.00226 3.65384 2.30629 3.40143 2.67751 1.69423 1.04173 0.657548 0.00210684
threshold=28.533832550048832 0.20276797935366633 -0.06156578287482261 3.0568466186523442 0.032661179080605514 -2.4516143798828121 0.067169189453125014 -0.13072204589843747 1.442039489746094
decision_type=2 2 2 2 2 2 2 2 2
left_child=1 2 6 5 -5 -4 7 -1 -8
right_child=-2 -3 3 4 -6 -7 8 -9 -10
leaf_value=0.03267471142873473 -0.036957500028975403 -0.036766202527694053 0.011551255019166824 -0.0017578150522354755 0.045813927999172929 -0.0084893144817694121 -0.010753031586871201 0.086591631297359806 -0.023217173645100501
leaf_weight=9.5377503735944611 5.1607988933101288 4.1440605665557078 18.419592202641063 4.5202059261500827 8.4182983478531224 24.394852431491024 0.36106003262102682 0.552047058939931 0.48062254302203655
leaf_count=353 1049 800 307 107 402 664 9 2 13
internal_value=0 0.00824791 0.0110961 0.00694888 0.0293082 0.000139348 0.0319934 0.0364455 -0.0195801
internal_weight=0 70.8285 66.6844 55.7529 12.9385 42.8144 10.9315 10.0898 0.841683
internal_count=3706 2657 1857 1480 509 971 377 355 22
is_linear=0
shrinkage=0.05


Tree=256
num_leaves=15
num_cat=0
split_feature=6 5 5 1 1 12 8 8 5 1 8 3 5 3
split_gain=3.44806 3.2719 3.20218 3.51185 3.03089 2.15511 2.91464 2.08007 3.63504 2.34799 2.23192 2.98564 1.85022 1.61061
threshold=0.043726865202188499 1.5100777149200442 1.7995837926864626 35.923706054687507 0.25374421477317816 -0.075990945100784288 2.4148406982421879 -2.6907196044921871 1.6798898577690127 18.538494110107425 3.4811706542968754 0.022229869849979881 1.4415782094001772 0.024481121450662616
decision_type=2 2 2 2 2 2 2 2 2 2 2 2 2 2
left_child=7 5 3 -3 -4 -2 -7 8 -1 10 12 -12 -9 -10
right_child=1 2 4 -5 -6 6 -8 9 13 -11 11 -13 -14 -15
leaf_value=0.0074473188326088834 -0.056851190042371096 0.029801179968906549 0.12144451935451982 -0.035944436834274812 -0.039374413278812054 0.026614524729557811 -0.032952510440885624 -0.030462878692030966 -0.060181743009808712 -0.039662215255142949 0.017559371680126785 -0.059449901706117442 0.01698971215261896 0.021772337385069479
leaf_weight=4.0615380390081537 2.2121896180324248 24.108121586032219 0.22383840382099096 2.1334606860764316 3.280154843814671 4.1730716540478152 3.8541117066051811 2.2724973938893624 5.9852980724535882 3.7640038446988902 2.1329925968311718 2.8473746008239686 15.50207019690424 0.61482292041182507
leaf_count=285 43 511 1 505 233 63 235 73 210 715 89 206 527 10
internal_value=0 0.00996294 0.0183406 0.0243398 -0.0260165 -0.0143164 -0.0020391 -0.0111622 -0.0297044 -0.00362391 0.00248482 -0.0267719 0.0107864 -0.0523364
internal_weight=0 39.9849 29.7456 26.2416 3.50399 10.2394 8.02718 37.1806 10.6617 26.5189 22.7549 4.98037 17.7746 6.60012
internal_count=3706 1591 1250 1016 234 341 298 2115 505 1610 895 295 600 220
is_linear=0
shrinkage=0.05


Tree=257
num_leaves=2
num_cat=0
split_feature=4
split_gain=15.3374
threshold=0.20276797935366633
decision_type=2
left_child=-1
right_child=-2
leaf_value=-0.037515046971793288 0.037541661151978503
leaf_weight=16.213753681397069 11.580909099429844
leaf_count=2789 917
internal_value=0
internal_weight=0
internal_count=3706
is_linear=0
shrinkage=0.05


Tree=258
num_leaves=3
num_cat=0
split_feature=1 4
split_gain=15.2437 0.350384
threshold=33.872245788574226 0.84820985794067394
decision_type=2 2
left_child=-1 -2
right_child=1 -3
leaf_value=-0.037635420996540214 0.037609386695356267 -0.023884905374853618
leaf_weight=16.303138050949205 11.726746099069711 0.17277683969587165
leaf_count=2750 932 24
internal_value=0 0.0365249
internal_weight=0 11.8995
internal_count=3706 956
is_linear=0
shrinkage=0.05


Tree=259
num_leaves=10
num_cat=0
split_feature=1 7 5 5 8 8 0 5 8
split_gain=3.67829 3.31569 2.68445 5.31267 4.40719 3.84604 1.94097 2.00688 1.26409
threshold=28.533832550048832 12.534932136535646 1.4923390150070193 1.6848669052124026 0.067169189453125014 3.4811706542968754 0.036552390083670623 1.419715464115143 -1.0331039428710935
decision_type=2 2 2 2 2 2 2 2 2
left_child=1 2 6 5 -5 -4 7 -1 -8
right_child=-2 -3 3 4 -6 -7 8 -9 -10
leaf_value=0.037782965589219758 -0.036891980337094704 -0.036683244055099012 -0.032017466438372159 0.024049129088112974 -0.034883960157458552 0.021836348608050452 0.0025171630703717859 -0.028339088347847298 0.042841848692612927
leaf_weight=1.8326998008415127 4.7949790926650158 3.8265149565413585 12.575289893895389 26.206226530484859 3.5181018095463505 4.4099205946549764 2.3513388410210636 2.7250392623245716 11.471102626528586
leaf_count=76 1049 797 622 564 97 78 26 24 373
internal_value=0 0.00796772 0.0106449 0.00425293 0.0169804 -0.0179893 0.026778 -0.00151058 0.0360496
internal_weight=0 68.9162 65.0897 46.7095 29.7243 16.9852 18.3802 4.55774 13.8224
internal_count=3706 2657 1860 1361 661 700 499 100 399
is_linear=0
shrinkage=0.05


Tree=260
num_leaves=15
num_cat=0
split_feature=6 5 5 1 1 12 8 8 5 1 8 3 3 3
split_gain=3.29434 3.01165 2.94841 3.22087 2.84667 2.10531 2.43475 1.94432 3.421 2.15833 1.96837 2.81159 1.77612 1.6225
threshold=0.043726865202188499 1.5100777149200442 1.7995837926864626 35.923706054687507 0.25374421477317816 -0.038828551769256585 3.3099975585937504 -2.9573135375976558 1.6798898577690127 18.538494110107425 3.4811706542968754 0.022229869849979881 -0.10155444964766501 0.024481121450662616
decision_type=2 2 2 2 2 2 2 2 2 2 2 2 2 2
left_child=7 5 3 -3 -4 -2 -7 8 -1 10 12 -12 -9 -10
right_child=1 2 4 -5 -6 6 -8 9 13 -11 11 -13 -14 -15
leaf_value=0.0072439168085864473 -0.039604867082300217 0.02928737142869562 0.11435659873095048 -0.035814965741915679 -0.03917371944803158 0.02903405721018873 -0.03986197342499459 -0.073957610276983429 -0.06130600824435084 -0.039418479320460963 0.017473854045566593 -0.05802541989931264 0.012642375534388808 0.021635651407634487
leaf_weight=3.8212554794736189 4.2929474744014442 23.279085021466024 0.23646475374698583 1.9840146317146707 3.1122540021315217 3.8051639324985427 1.8112572779646141 0.51444131741300836 5.4689184839371592 3.5631277968641362 2.0937217785976818 2.776846285443753 17.16735802451149 0.60968420561403025
leaf_count=265 92 511 1 505 233 65 184 9 202 722 89 206 612 10
internal_value=0 0.00999266 0.0182055 0.0240536 -0.0253308 -0.0136658 0.00650691 -0.0110142 -0.0297653 -0.00381967 0.0019539 -0.0258718 0.00972105 -0.0527714
internal_weight=0 38.5212 28.6118 25.2631 3.34872 9.90937 5.61642 36.0154 9.89986 26.1155 22.5524 4.87057 17.6818 6.0786
internal_count=3706 1591 1250 1016 234 341 249 2115 477 1638 916 295 621 212
is_linear=0
shrinkage=0.05


Tree=261
num_leaves=5
num_cat=0
split_feature=6 0 0 0
split_gain=13.8952 0.124357 0.0695503 0.00516749
threshold=-0.019934793934226033 -0.045685486868023865 0.031806755810976035 -0.041216390207409852
decision_type=2 2 2 2
left_child=2 -2 -1 -3
right_child=1 3 -4 -5
leaf_value=0.037487768667237777 0.0054432874902812902 -0.0080982217230840172 0.00041959905851709085 -0.037305523527415285
leaf_weight=10.639463559724391 0.14869114477187473 0.07845336338505049 0.13035555928945619 15.102488010423254
leaf_count=903 16 9 19 2759
internal_value=0 -0.0367623 0.0370471 -0.0372086
internal_weight=0 15.3296 10.7698 15.1809
internal_count=3706 2784 922 2768
is_linear=0
shrinkage=0.05


Tree=262
num_leaves=3
num_cat=0
split_feature=1 0
split_gain=14.22 0.327891
threshold=33.872245788574226 0.28338000178337103
decision_type=2 2
left_child=-1 -2
right_child=1 -3
leaf_value=-0.037603920403867751 -0.023344752108994542 0.03755620392369903
leaf_weight=15.335652290377768 0.16265941318124433 10.910333453677593
leaf_count=2750 24 932
internal_value=0 0.0364607
internal_weight=0 11.073
internal_count=3706 956
is_linear=0
shrinkage=0.05


Tree=263
num_leaves=9
num_cat=0
split_feature=1 4 6 1 3 13 3 3
split_gain=3.38785 3.06058 2.3383 1.6587 1.39608 1.3313 1.63356 1.4517
threshold=28.533832550048832 0.20276797935366633 0.043726865202188499 0.25374421477317816 0.075256917625665679 0.97895362973213207 -0.035700419917702668 0.034036988392472274
decision_type=2 2 2 2 2 2 2 2
left_child=1 2 5 -4 -5 6 -1 -7
right_child=-2 -3 3 4 -6 7 -8 -9
leaf_value=0.033380240328516657 -0.036823609546105945 -0.03660967082026375 -0.10180710622630676 -0.0010652632581190018 0.03027945490495218 0.023581231923535204 0.0010132430422525511 0.065480281800178994
leaf_weight=5.7863043500110534 4.4556230905000112 3.5795572011265895 0.28444522246718307 30.044414694420993 3.9278520233929148 8.7649544067680818 11.561628618277611 2.7078234385699025
leaf_count=167 1049 800 3 843 196 207 364 77
internal_value=0 0.00774764 0.0103188 0.00147599 0.00263703 0.0207881 0.0119385 0.0339507
internal_weight=0 66.657 63.0774 34.2567 33.9723 28.8207 17.3479 11.4728
internal_count=3706 2657 1857 1042 1039 815 531 284
is_linear=0
shrinkage=0.05


Tree=264
num_leaves=15
num_cat=0
split_feature=6 1 3 5 5 3 10 7 12 7 10 3 5 10
split_gain=2.89421 2.01215 1.89079 2.94144 2.78115 2.73015 1.55234 1.58199 1.31677 1.22592 1.06253 1.0523 0.947985 1.18161
threshold=0.028005694970488552 35.923706054687507 -0.06156578287482261 1.532556474208832 1.7767128348350527 0.018172502517700199 1.2263119220733645 1.4461793303489687 -0.057531207799911492 2.4014286994934086 0.25845870375633245 -0.036456407979130738 1.7196110486984255 1.3509117960929873
decision_type=2 2 2 2 2 2 2 2 2 2 2 2 2 2
left_child=6 2 12 5 -5 -4 10 -8 9 -9 -1 -10 13 -2
right_child=1 -3 3 4 -6 -7 7 8 11 -11 -12 -13 -14 -15
leaf_value=-0.034953379152703093 -0.031969148890204087 -0.036249827915942626 0.024895470102685741 0.029126014516310719 -0.0081436116397191911 -0.023473921463996891 -0.10671116948835369 -0.096160306440854215 -0.046964084712051664 -0.018977698095274376 0.00074715867518438306 0.00078623445145894078 -0.040506952148310627 0.025654103829167493
leaf_weight=2.4739604904316392 1.5405085012316697 2.6584723892156026 4.2064472995698443 21.717539016157392 6.4472677705343804 8.9699792610481364 0.59180448716506173 1.0236731604672971 1.5324096668045966 1.0623493918683378 10.931682791328056 3.9242653124965727 2.5951093612238765 1.8438254781067369
leaf_count=164 14 720 59 574 98 364 11 36 107 132 705 414 240 22
internal_value=0 0.00528562 0.0076906 0.0114968 0.0205959 -0.00796125 -0.016597 -0.0336918 -0.0266414 -0.0595197 -0.00605126 -0.0132274 -0.0183815 -0.000740044
internal_weight=0 49.9791 47.3207 41.3412 28.1648 13.1764 21.5401 8.1345 7.5427 2.08602 13.4056 5.45667 5.97944 3.38433
internal_count=3660 2091 1371 1095 672 423 1569 700 689 168 869 521 276 36
is_linear=0
shrinkage=0.05


Tree=265
num_leaves=2
num_cat=0
split_feature=4
split_gain=13.402
threshold=0.20276797935366633
decision_type=2
left_child=-1
right_child=-2
leaf_value=-0.037464786358422389 0.037450607210497491
leaf_weight=14.223694700049238 10.138251415453849
leaf_count=2744 916
internal_value=0
internal_weight=0
internal_count=3660
is_linear=0
shrinkage=0.05


Tree=266
num_leaves=3
num_cat=0
split_feature=1 0
split_gain=13.1766 0.259237
threshold=33.872245788574226 -1.0000000180025095e-35
decision_type=2 2
left_child=-1 -2
right_child=1 -3
leaf_value=-0.037576768797260511 -0.021336865508724365 0.037499043939032362
leaf_weight=14.347650113515558 0.13055587699636895 10.02282594516873
leaf_count=2718 21 921
internal_value=0 0.0365418
internal_weight=0 10.1534
internal_count=3660 942
is_linear=0
shrinkage=0.05


Tree=267
num_leaves=13
num_cat=0
split_feature=0 1 6 5 5 8 5 3 13 4 5 8
split_gain=3.416 3.33029 2.11927 2.1231 3.03076 1.09378 3.71946 2.76954 1.00159 0.342173 0.116579 0.119462
threshold=-0.027481148950755593 33.872245788574226 0.043726865202188499 1.7995837926864626 1.5223085880279543 -2.9573135375976558 1.6848669052124026 0.034036988392472274 0.96323886513710033 0.038350855931639678 1.5722534060478213 -3.2296295166015621
decision_type=2 2 2 2 2 2 2 2 2 2 2 2
left_child=9 2 5 4 -4 6 -2 -7 -5 10 -1 -12
right_child=1 -3 3 8 -6 7 -8 -9 -10 -11 11 -13
leaf_value=0.025550283883255084 -0.016236082066027984 -0.036630437095529787 0.018190501191604081 -0.031181307799506772 -0.015815106952237045 -0.00045136675467489839 0.055954381438890415 0.039137922535914721 0.039562439704443841 -0.037974727016529188 0.015302914916195648 -0.028694036048925106
leaf_weight=0.19858680199831624 2.3885294715873915 3.6257150098681441 10.825638417154552 0.48464599810540576 16.271459906361997 11.146089632064106 6.5353294154629111 7.215681259520351 4.6855650944635272 4.3995430548675358 0.16993679385632277 0.30324727203696966
leaf_count=11 38 921 303 6 478 333 196 239 213 896 10 16
internal_value=0 0.00926958 0.0121208 0.00342707 -0.0022125 0.0223517 0.0366663 0.0152339 0.0324652 -0.0330051 0.000244899 -0.0129801
internal_weight=0 63.1787 59.5529 32.2673 27.0971 27.2856 8.92386 18.3618 5.17021 5.07131 0.671771 0.473184
internal_count=3660 2727 1806 1000 781 806 234 572 219 933 37 26
is_linear=0
shrinkage=0.05


Tree=268
num_leaves=15
num_cat=0
split_feature=6 1 3 3 8 10 8 12 8 8 3 12 10 4
split_gain=2.58582 1.84981 1.77801 1.83211 1.78817 1.4421 1.19494 1.08419 1.84421 1.19049 1.12492 0.979818 0.968249 0.899455
threshold=0.028005694970488552 35.923706054687507 -0.06156578287482261 0.092461254447698607 -2.7237548828124996 1.2263119220733645 4.6584548950195321 -0.017836809158325192 3.4811706542968754 3.5520248413085942 -0.036456407979130738 -0.057531207799911492 0.25845870375633245 0.20276797935366633
decision_type=2 2 2 2 2 2 2 2 2 2 2 2 2 2
left_child=5 2 4 6 -2 12 -4 8 11 -10 -9 -7 -1 -14
right_child=1 -3 3 -5 -6 7 -8 10 9 -11 -12 -13 13 -15
leaf_value=-0.033347593294054019 -0.039475936831452264 -0.036142992907842252 0.01637237383326277 -0.037338665827545879 0.016928811193231686 -0.057393716606846251 -0.013333136540219557 -0.050322094403836698 -0.25429181990320332 -0.018901475085322167 0.0017798024139267258 0.0029391399730156181 0.0067020343729564617 -0.035083733182845959
leaf_weight=2.4286290663294521 3.6052072739694268 2.4714952395297578 34.734500576974824 1.7627330813556898 2.1903154575265935 2.3728360512759545 3.6751528749009585 1.4578281193971632 0.083435714244842418 0.1005736798979342 3.0733330436050883 0.91161425481550384 9.3685381212271732 1.3906612854916591
leaf_count=164 231 720 762 175 45 164 158 88 1 23 329 95 329 376
internal_value=0 0.00515048 0.00744429 0.0111848 -0.0182332 -0.015751 0.0135028 -0.0323638 -0.0530731 -0.17759 -0.0157078 -0.041056 -0.00550603 0.00102775
internal_weight=0 48.4394 45.9679 40.1724 5.79552 21.1874 38.4097 7.99962 3.46846 0.184009 4.53116 3.28445 13.1878 10.7592
internal_count=3660 2091 1371 1095 276 1569 920 700 283 24 417 259 869 705
is_linear=0
shrinkage=0.05


Tree=269
num_leaves=2
num_cat=0
split_feature=4
split_gain=12.58
threshold=0.20276797935366633
decision_type=2
left_child=-1
right_child=-2
leaf_value=-0.037438633425096117 0.037406856058914278
leaf_weight=13.3986734864302 9.5139948055148107
leaf_count=2744 916
internal_value=0
internal_weight=0
internal_count=3660
is_linear=0
shrinkage=0.05


Tree=270
num_leaves=3
num_cat=0
split_feature=1 0
split_gain=12.3102 0.24318
threshold=33.872245788574226 0.28338000178337103
decision_type=2 2
left_child=-1 -2
right_child=1 -3
leaf_value=-0.037544619037410673 -0.020793349781265996 0.037448238617333547
leaf_weight=13.517712415894495 0.1232097027823319 9.3378169657662493
leaf_count=2718 21 921
internal_value=0 0.0364802
internal_weight=0 9.46103
internal_count=3660 942
is_linear=0
shrinkage=0.05


Tree=271
num_leaves=10
num_cat=0
split_feature=0 1 5 5 8 8 4 5 8
split_gain=3.15205 3.04151 1.82293 2.17855 3.65308 2.82197 0.321367 0.110037 0.111817
threshold=-0.027481148950755593 33.872245788574226 1.8204647898674013 1.5343727469444277 -1.665077209472656 -1.0331039428710935 0.038350855931639678 1.5722534060478213 -3.2296295166015621
decision_type=2 2 2 2 2 2 2 2 2
left_child=6 2 3 5 -5 -2 7 -1 -9
right_child=1 -3 -4 4 -6 -7 -8 8 -10
leaf_value=0.02506390633756805 -0.023368934938196854 -0.036546343521433738 0.037916903701404256 0.01538793749819726 -0.017735449247269972 0.030492435008881741 -0.037905147714404064 0.014717621245461991 -0.028402850400669085
leaf_weight=0.18835004419088264 2.7935069543309536 3.3697976907715192 5.8478113329038015 19.14745154837146 14.567297898232939 15.840142591856418 4.1123444582335651 0.16484785079956055 0.2918653953820467
leaf_count=11 43 921 377 280 595 511 896 10 16
internal_value=0 0.00897086 0.0116647 0.00866534 0.00106603 0.022336 -0.0328724 -6.69117e-06 -0.0129908
internal_weight=0 61.566 58.1962 52.3484 33.7147 18.6336 4.75741 0.645063 0.456713
internal_count=3660 2727 1806 1429 875 554 933 37 26
is_linear=0
shrinkage=0.05


Tree=272
num_leaves=15
num_cat=0
split_feature=6 1 11 5 5 11 8 10 7 5 12 12 11 10
split_gain=2.43797 1.70916 1.64874 2.49182 2.5563 2.48834 1.65814 1.35035 1.40687 1.15204 1.08657 1.03631 0.931704 0.909271
threshold=0.028005694970488552 35.923706054687507 -0.06156578287482261 1.532556474208832 1.7767128348350527 0.018172502517700199 -2.7237548828124996 1.2263119220733645 1.4461793303489687 1.7515664696693423 -0.057531207799911492 -0.098531961441040025 -0.036456407979130738 0.25845870375633245
decision_type=2 2 2 2 2 2 2 2 2 2 2 2 2 2
left_child=7 2 6 5 -5 -4 -2 13 -9 -8 11 -10 -12 -1
right_child=1 -3 3 4 -6 -7 9 8 10 -11 12 -13 -14 -15
leaf_value=-0.032636059272814641 -0.038702222363775074 -0.036030005411150111 0.024646514646983669 0.028230506678427848 -0.0080574288964282408 -0.022231665913282243 0.037589465544351192 -0.10084825857998306 -0.010308894746894771 -0.040781149823905377 -0.044675795761986603 -0.082549020500839163 0.0013098644811409548 0.0010604585345120679
leaf_weight=2.3711797902360585 3.4801495270803571 2.2978947011288247 4.0792232099920502 20.292140299454335 6.3191910884343079 8.6959977736696583 1.5875769983977073 0.58228275901637871 0.84993310808204148 0.55734339356422413 1.4551829925039781 1.2126924921758471 3.7569381878711283 10.514057652093468
leaf_count=164 231 720 59 574 98 364 28 11 83 17 107 85 414 705
internal_value=0 0.00512732 0.00730366 0.0109255 0.0196156 -0.00718795 -0.0178045 -0.0153909 -0.0315932 0.0163159 -0.0247576 -0.0546346 -0.0121283 -0.00534405
internal_weight=0 47.3095 45.0116 39.3866 26.6113 12.7752 5.62507 20.7423 7.85703 2.14492 7.27475 2.06263 5.21212 12.8852
internal_count=3660 2091 1371 1095 672 423 276 1569 700 45 689 168 521 869
is_linear=0
shrinkage=0.05


Tree=273
num_leaves=2
num_cat=0
split_feature=4
split_gain=11.7771
threshold=0.20276797935366633
decision_type=2
left_child=-1
right_child=-2
leaf_value=-0.03741241677785706 0.037358618772501261
leaf_weight=12.650778511189857 8.874277978204189
leaf_count=2744 916
internal_value=0
internal_weight=0
internal_count=3660
is_linear=0
shrinkage=0.05


Tree=274
num_leaves=3
num_cat=0
split_feature=1 2
split_gain=11.5176 0.228248
threshold=33.872245788574226 -1.0000000180025095e-35
decision_type=2 2
left_child=-1 -2
right_child=1 -3
leaf_value=-0.037514641449933876 -0.020252497693947026 0.037397829732206192
leaf_weight=12.767500365385787 0.1163421683013447 8.7052108682692015
leaf_count=2718 21 921
internal_value=0 0.036419
internal_weight=0 8.82155
internal_count=3660 942
is_linear=0
shrinkage=0.05


Tree=275
num_leaves=14
num_cat=0
split_feature=0 1 6 5 5 13 8 5 11 5 5 0 8
split_gain=2.9137 2.78387 1.86323 1.88704 2.52264 0.985043 0.977694 3.46979 2.48016 0.232323 0.170298 0.107196 0.0319474
threshold=-0.027481148950755593 33.872245788574226 0.043726865202188499 1.7995837926864626 1.5223085880279543 0.96323886513710033 -2.9573135375976558 1.6848669052124026 0.034036988392472274 1.8546338081359866 1.3442604541778567 -0.059687541797757142 7.3262786865234384
decision_type=2 2 2 2 2 2 2 2 2 2 2 2 2
left_child=9 2 6 4 -4 -5 7 -2 -8 10 11 -1 -12
right_child=1 -3 3 5 -6 -7 8 -9 -10 -11 12 -13 -14
leaf_value=-0.022558978972546637 -0.016226689011188768 -0.036457711990263035 0.016595937609702408 -0.031399130397785788 -0.015060649094563117 0.039413519632390946 -0.00076620773854710192 0.054540861901101183 0.037161092580728854 0.021464966521621186 -0.037857588431732557 0.023456621552878799 0.0018089609258721694
leaf_weight=0.1500013992190361 2.3481473971623945 3.1321424569468936 10.380818954203283 0.47919009067118068 15.653896190226076 4.2203190382570028 10.88878629752435 6.1136060543358326 7.0304125067777923 0.12810916360467661 3.9919513172935694 0.15646329801529546 0.042380712926387676
leaf_count=44 38 921 303 6 478 213 333 196 239 8 866 8 7
internal_value=0 0.00872708 0.0112644 0.00287888 -0.00242302 0.0316893 0.0209858 0.0349426 0.0142378 -0.0326952 -0.034741 0.000925016 -0.0374072
internal_weight=0 60.2473 57.1152 30.7342 26.0347 4.69951 26.381 8.46175 17.9192 4.46891 4.3408 0.306465 4.03433
internal_count=3660 2727 1806 1000 781 219 806 234 572 933 925 52 873
is_linear=0
shrinkage=0.05


Tree=276
num_leaves=15
num_cat=0
split_feature=6 3 3 0 7 10 7 12 9 8 12 9 3 10
split_gain=2.39803 2.3556 1.95191 1.89667 1.83997 0.970634 1.41377 1.19406 1.28592 0.949495 1.13962 1.01659 0.924843 0.773138
threshold=0.028005694970488552 -0.06156578287482261 0.098771378397941603 0.54847639799118053 2.5370558500289921 1.2263119220733645 1.4461793303489687 -0.057531207799911492 -0.058914184570312493 -2.7237548828124996 0.015975177288055423 0.64700317382812511 -0.036456407979130738 0.25845870375633245
decision_type=2 2 2 2 2 2 2 2 2 2 2 2 2 2
left_child=5 9 3 4 -3 13 -7 8 -8 -2 -11 -12 -9 -1
right_child=1 2 -4 -5 -6 6 7 12 -10 10 11 -13 -14 -15
leaf_value=-0.032056823213897911 -0.041416760221297526 0.019617711092718287 -0.042621298424350203 -0.035683383327846312 -0.0090790988196874835 -0.099034586019518089 0.0046323986228839122 -0.043264247657717428 -0.085967888108800794 0.031299355910969759 0.0083842310922397825 -0.073787492493553083 0.0026157647894801549 0.00075812877713034028
leaf_weight=2.1349409411195692 3.2148225131677464 31.777362709166482 1.5962850945070375 1.8773133340291668 6.7105024652555576 0.56373151589650561 0.56034818617627014 1.4109120172215619 1.1292750185821203 1.2872118207160377 0.73906920966692247 0.63042381289415061 3.9857817743904893 9.095510956598444
leaf_count=174 248 806 152 649 169 8 81 105 78 47 39 14 421 682
internal_value=0 0.00584026 0.0100014 0.0121826 0.0146038 -0.015158 -0.0287782 -0.0218888 -0.0573412 -0.0235671 -0.00124872 -0.0318894 -0.00994799 -0.00570796
internal_weight=0 47.833 41.9615 40.3652 38.4879 18.8805 7.65005 7.08632 1.68962 5.87153 2.6567 1.36949 5.39669 11.2305
internal_count=3673 2124 1776 1624 975 1549 693 685 159 348 100 53 526 856
is_linear=0
shrinkage=0.05


Tree=277
num_leaves=2
num_cat=0
split_feature=4
split_gain=11.101
threshold=0.20276797935366633
decision_type=2
left_child=-1
right_child=-2
leaf_value=-0.037384329017413197 0.037318041444413357
leaf_weight=11.930758891627194 8.3797245630994421
leaf_count=2754 919
internal_value=0
internal_weight=0
internal_count=3673
is_linear=0
shrinkage=0.05


Tree=278
num_leaves=3
num_cat=0
split_feature=1 0
split_gain=10.6646 0.246289
threshold=33.872245788574226 -1.0000000180025095e-35
decision_type=2 2
left_child=-1 -2
right_child=1 -3
leaf_value=-0.037441975174423464 -0.020948995049373149 0.037343433687425258
leaf_weight=11.957254101173023 0.12537628971040327 8.0743818311020696
leaf_count=2734 23 916
internal_value=0 0.0362105
internal_weight=0 8.19976
internal_count=3673 939
is_linear=0
shrinkage=0.05


Tree=279
num_leaves=15
num_cat=0
split_feature=1 1 5 11 5 8 5 11 4 5 8 5 9 0
split_gain=2.87877 1.6488 1.54788 1.98397 4.42892 2.57965 1.00288 1.29272 0.900386 0.673791 0.437447 0.316552 0.293549 0.255183
threshold=16.882924079895023 0.25374421477317816 1.8204647898674013 0.034036988392472274 1.6186023950576784 -1.7576446533203123 1.7515664696693423 0.075256917625665679 -0.021945687942206856 1.3721922039985659 -6.3157806396484366 1.5000780224800112 -7.3917846679687491 -1.0000000180025095e-35
decision_type=2 2 2 2 2 2 2 2 2 2 2 2 2 2
left_child=1 -1 3 5 -5 -3 7 9 -8 13 -10 -9 -11 -2
right_child=6 2 -4 4 -6 -7 8 11 10 12 -12 -13 -14 -15
leaf_value=-0.070093445962774573 -0.024752989168705289 0.015630708890769032 0.037607593154894731 0.039658496393480666 -0.027582356210251392 -0.012048678415010205 0.042291786731091935 0.040378720354765377 0.027673711747928278 -0.0027969969389722224 -0.040796645373181971 -0.023865917652347492 -0.039022996027100659 0.03400484297629712
leaf_weight=0.54387056594714422 0.19283816288225353 16.043600424425669 4.6874244487844399 10.286155893467365 3.1259716246277085 17.489528355188675 1.0836491864174607 0.77925430727191347 0.24968846002593648 0.62548709893598964 0.69041178654879221 0.17333104507997632 6.8717826951760816 0.44758985470980039
leaf_count=14 62 330 358 483 103 760 22 34 12 78 36 44 1327 10
internal_value=0 0.0095308 0.0105034 0.00772288 0.0238985 0.00120136 -0.0183919 -0.0254331 0.0129439 -0.031892 -0.0216988 0.0275321 -0.0360773 0.0153588
internal_weight=0 52.1766 51.6327 46.9453 13.4121 33.5331 11.114 9.09028 2.02375 8.1377 0.9401 0.952585 7.49727 0.640428
internal_count=3673 2048 2034 1676 586 1090 1625 1555 70 1477 48 78 1405 72
is_linear=0
shrinkage=0.05


Tree=280
num_leaves=15
num_cat=0
split_feature=6 3 5 7 4 0 5 13 1 13 3 3 13 5
split_gain=2.21172 2.20975 1.84781 1.81001 1.92846 1.86788 0.982884 0.990675 0.976294 0.86349 1.20878 1.84225 1.11175 1.44543
threshold=0.028005694970488552 -0.06156578287482261 1.3904049396514895 2.5370558500289921 -0.019922864623367783 0.28338000178337103 1.6943472623825075 0.9723682999610902 16.705840110778812 0.97887134552001964 0.037274509668350227 -0.013521375600248573 0.97294533252716076 1.4396952390670779
decision_type=2 2 2 2 2 2 2 2 2 2 2 2 2 2
left_child=8 6 -3 5 -5 -4 7 -2 9 12 11 -11 -1 -14
right_child=1 2 3 4 -6 -7 -8 -9 -10 10 -12 -13 13 -15
leaf_value=-0.018590428571806563 -0.033704715258879275 -0.03716736882548425 0.019814315017574927 0.018039401662908329 -0.034298192914862462 -0.035275603404746593 -0.042382304556146257 0.025626290716483549 -0.04185585945116721 -0.038757507895154711 -0.06820343274486862 0.025995112715744607 -0.047531638909817958 0.024221370615932804
leaf_weight=4.7719957338413241 1.1714648553170257 1.9038708072621364 30.647383886156604 3.1026090567465872 3.8287335257045916 1.5303561137989152 3.0137080699205399 1.4753437514882533 2.7175995132420203 2.6005132328718901 1.1860027216607703 1.7621196103282262 0.72516870917752374 4.7720384306740016
leaf_count=232 21 268 710 128 94 576 256 71 744 106 41 100 70 256
internal_value=0 0.00568319 0.00973593 0.0121082 -0.0109475 0.0170931 -0.02334 -0.000904375 -0.0146865 -0.00978497 -0.0254874 -0.0126067 -0.0011367 0.0140759
internal_weight=0 46.6735 41.013 39.1091 6.93134 32.1777 5.66052 2.64681 18.5354 15.8178 5.54864 4.36263 10.2692 5.49721
internal_count=3673 2124 1776 1508 222 1286 348 92 1549 805 247 206 558 326
is_linear=0
shrinkage=0.05


Tree=281
num_leaves=6
num_cat=0
split_feature=6 0 0 5 0
split_gain=10.0585 0.105613 0.0705941 0.0196811 0.00249913
threshold=-0.019934793934226033 -0.045685486868023865 0.031806755810976035 1.6186023950576784 -0.041216390207409852
decision_type=2 2 2 2 2
left_child=2 -2 -1 -4 -3
right_child=1 4 3 -5 -6
leaf_value=0.037264719818177645 0.0051448129984080172 -0.0074265278960042929 0.011557363084235314 -0.013461901747205058 -0.037147686072418688
leaf_weight=7.7384718563407686 0.12711935047991829 0.063421918544919076 0.059340790146961697 0.055725471116602421 11.142155903391533
leaf_count=904 17 9 7 15 2721
internal_value=0 -0.0365325 0.0366936 -0.00118476 -0.0370466
internal_weight=0 11.3327 7.85354 0.115066 11.2056
internal_count=3673 2747 926 22 2730
is_linear=0
shrinkage=0.05


Tree=282
num_leaves=3
num_cat=0
split_feature=1 0
split_gain=9.98583 0.231113
threshold=33.872245788574226 0.28338000178337103
decision_type=2 2
left_child=-1 -2
right_child=1 -3
leaf_value=-0.037414616053564047 -0.020407755598005284 0.037292116603206138
leaf_weight=11.297099173418248 0.11836595227941771 7.5351653494872153
leaf_count=2734 23 916
internal_value=0 0.0361481
internal_weight=0 7.65353
internal_count=3673 939
is_linear=0
shrinkage=0.05


Tree=283
num_leaves=15
num_cat=0
split_feature=1 3 8 12 10 3 0 8 8 3 3 3 13 12
split_gain=2.62949 1.55381 2.49332 2.27019 2.13748 2.39574 1.73026 0.988897 0.897172 0.892864 0.916207 0.853735 0.686621 0.471315
threshold=16.882924079895023 -0.075812712311744676 3.0568466186523442 0.043420791625976569 1.7065226435661318 -0.02678742632269859 0.049433080479502685 6.6020050048828134 0.067169189453125014 0.075256917625665679 -0.051334412768483155 -0.015081190969794987 0.97107487916946422 -0.086857467889785753
decision_type=2 2 2 2 2 2 2 2 2 2 2 2 2 2
left_child=1 8 4 11 6 -6 -3 -5 -1 10 12 -4 -2 -12
right_child=9 2 3 7 5 -7 -8 -9 -10 -11 13 -13 -14 -15
leaf_value=0.042295294936639305 0.037404086149672756 -0.023089326619119041 -0.024508464326308918 -0.025615931200339361 0.053814839854376198 0.00096439628391528122 0.0028864273684297312 0.033582487689993973 -0.018761211513135666 0.026898592189816342 -0.0058898855806744557 0.049262810217074099 -0.020010958255864294 -0.036399693415481112
leaf_weight=4.6170622212812296 0.91629457077942678 10.097501420881601 0.35980616020970035 2.1095837573520844 3.3785920734517276 5.5999968496616912 17.213695635087788 0.93916506133973587 0.63168358802795399 0.92191584734246212 1.643381699686868 6.2473672986961883 0.97620834433473647 6.1248938227072349
leaf_count=257 32 450 14 111 85 218 490 87 19 80 234 317 177 1102
internal_value=0 0.00921577 0.00623153 0.0286715 0.000198358 0.0212254 -0.00676653 -0.00689251 0.0347338 -0.018056 -0.0225776 0.0449399 0.0082698 -0.0301022
internal_weight=0 51.1945 45.9457 9.65592 36.2898 8.97859 27.3112 3.04875 5.24875 10.5827 9.66078 6.60717 1.8925 7.76828
internal_count=3673 2048 1772 529 1243 303 940 198 276 1625 1545 331 209 1336
is_linear=0
shrinkage=0.05


Tree=284
num_leaves=15
num_cat=0
split_feature=7 3 8 4 9 0 12 4 7 4 12 8 8 8
split_gain=1.8576 2.06063 2.24642 2.33806 2.37854 1.75981 1.61759 1.45285 1.31836 1.27421 1.21435 0.84445 0.8297 0.528549
threshold=2.2565898895263676 -0.064363416284322725 3.4811706542968754 0.0031575846951454882 -2.2165908813476558 0.28338000178337103 -0.075990945100784288 -0.0037350519560277458 2.9593267440795903 -0.012433104682713745 0.043420791625976569 -5.2815017700195304 5.9175796508789071 5.2446136474609384
decision_type=2 2 2 2 2 2 2 2 2 2 2 2 2 2
left_child=1 9 5 12 -5 10 8 13 -2 -1 -3 -11 -4 -8
right_child=6 2 3 4 -6 -7 7 -9 -10 11 -12 -13 -14 -15
leaf_value=-0.049265040876012106 -0.068860174228430479 0.011782065538315132 0.013096605432690638 -0.15260896330482185 -0.024749809031509185 -0.035468381194172199 0.020414286784640523 -0.018538260759694353 -0.0060310386915732993 -0.042048271669166665 0.037097559534461831 0.016249378983964429 -0.038203072195920125 -0.026725114890638203
leaf_weight=2.4856106496881694 2.0417465642094643 27.963094652630389 3.1254768541548392 0.47316191671416152 1.133767833933234 1.6446471605449904 4.5728616518899825 8.8282891288399643 1.4024086578283457 0.77423071814700994 5.6578564434312275 2.0460750076454124 0.94310634292196471 0.59372456872370083
leaf_count=126 57 610 127 26 92 621 199 1026 210 133 163 94 119 70
internal_value=0 0.00512404 0.0089362 -0.0200177 -0.069133 0.0136394 -0.0139805 -0.00629035 -0.0441691 -0.0239123 0.0161396 -0.000646338 0.000574039 0.0145926
internal_weight=0 46.247 40.9411 5.67551 1.60693 35.2656 17.439 13.9949 3.44416 5.30592 33.621 2.82031 4.06858 5.16659
internal_count=3673 2111 1758 364 118 1394 1562 1295 267 353 773 227 246 269
is_linear=0
shrinkage=0.05


Tree=285
num_leaves=2
num_cat=0
split_feature=4
split_gain=9.85855
threshold=0.20276797935366633
decision_type=2
left_child=-1
right_child=-2
leaf_value=-0.037331498201885568 0.037234256055309882
leaf_weight=10.655170802376235 7.4429210387170306
leaf_count=2754 919
internal_value=0
internal_weight=0
internal_count=3673
is_linear=0
shrinkage=0.05


Tree=286
num_leaves=3
num_cat=0
split_feature=1 0
split_gain=9.36738 0.217009
threshold=33.872245788574226 -1.0000000180025095e-35
decision_type=2 2
left_child=-1 -2
right_child=1 -3
leaf_value=-0.037386254816973288 -0.01987008710249985 0.03724066520681283
leaf_weight=10.680045671761038 0.11181438667699684 7.0505585242062798
leaf_count=2734 23 916
internal_value=0 0.0360878
internal_weight=0 7.16237
internal_count=3673 939
is_linear=0
shrinkage=0.05


Tree=287
num_leaves=14
num_cat=0
split_feature=5 8 5 3 6 5 3 9 6 5 5 10 5
split_gain=2.10928 2.05902 3.01647 2.13667 3.51011 3.83274 1.98019 1.89232 1.84073 1.7204 1.31905 0.395765 0.0762973
threshold=1.82738733291626 3.0568466186523442 1.6186023950576784 -0.022362712770700451 0.077119011431932463 1.6748442053794863 0.075256917625665679 3.2004699707031254 -0.0071273837238550177 1.598847568035126 1.5386339426040652 0.96324771642684948 1.3775355219841006
decision_type=2 2 2 2 2 2 2 2 2 2 2 2 2
left_child=1 3 8 4 5 -1 7 -5 12 -10 -8 -6 -3
right_child=-2 2 -4 6 11 -7 10 -9 9 -11 -12 -13 -14
leaf_value=-0.014439177751711753 0.037465719681381619 0.0068340599794957605 -0.036583831808052671 -0.024326611253283923 -0.0045727784678246692 0.038172018924377833 0.045297245667589414 0.007164986513024843 0.033486206675737859 0.12184807356930719 -0.03286148303100956 -0.053580608250215961 -0.033687924932914178
leaf_weight=5.2626874432899049 4.3802589694969347 0.097218054346739247 1.8044743710197497 18.284486933611344 0.54170351685024742 9.7783790770918113 2.1945202846545722 6.3897904781624666 7.6875472893007082 0.51684021553955961 0.6263631316833197 1.9297167209442703 0.89273053337819874
leaf_count=501 376 18 146 1268 50 167 27 370 448 20 58 48 176
internal_value=0 0.00180831 0.0210985 -0.00294207 0.0106718 0.0197902 -0.0116204 -0.0161754 0.032691 0.0404529 0.0274116 -0.0434343 -0.0294466
internal_weight=0 56.0065 10.9988 45.0076 17.5125 15.0411 27.4952 24.6743 9.19434 8.20439 2.82088 2.47142 0.989949
internal_count=3673 3297 808 2489 766 668 1723 1638 662 468 85 98 194
is_linear=0
shrinkage=0.05


Tree=288
num_leaves=15
num_cat=0
split_feature=6 5 3 5 1 4 5 8 3 8 1 3 4 7
split_gain=2.95575 1.8504 1.87762 1.69159 1.82327 1.60754 1.56903 3.29968 2.85644 2.01452 2.46748 1.7229 1.24736 1.20572
threshold=0.041567172855138786 1.4598696827888491 0.013889674562960865 1.82738733291626 35.923706054687507 -0.026478745974600312 1.6848669052124026 -1.665077209472656 -0.050536554306745522 3.4187393188476567 11.587627410888674 0.021123382262885574 -0.064815785735845552 0.50898849964141857
decision_type=2 2 2 2 2 2 2 2 2 2 2 2 2 2
left_child=6 2 -2 4 5 -3 9 -8 -9 10 -1 -11 -4 -13
right_child=1 3 12 -5 -6 -7 7 8 -10 11 -12 13 -14 -15
leaf_value=0.024154376496277427 0.03139585151745404 0.00054124757121691211 0.033329444054382963 -0.035653748029884073 -0.035036463683512882 0.029748021237518497 -0.050594647186361821 -0.061470601749999576 0.030895373563124537 0.0063532568262608573 -0.017525079318782544 0.02119202837770601 -0.042872860363728373 -0.073926778128435996
leaf_weight=8.2835133178159648 1.5109053684864182 6.3190963920205894 0.55249884375370983 1.3956275365781028 1.3791484169196326 18.459210465429354 5.8762630987912416 1.0293963719159362 3.1422590184956771 1.6273310477845364 6.0676255871076128 0.34968496416695449 3.5888164560310547 2.0157177482033148
leaf_count=381 16 187 11 218 566 407 209 18 106 156 932 19 244 196
internal_value=0 0.0109472 -0.0149207 0.0162884 0.019185 0.0223317 -0.0109896 -0.0267662 0.00719771 -0.00224974 0.00653308 -0.0332062 -0.0321605 -0.0595758
internal_weight=0 33.2053 5.65222 27.5531 26.1575 24.7783 28.3918 10.0479 4.17166 18.3439 14.3511 3.99273 4.14132 2.3654
internal_count=3666 1649 271 1378 1160 594 2017 333 124 1684 1313 371 255 215
is_linear=0
shrinkage=0.05


Tree=289
num_leaves=2
num_cat=0
split_feature=4
split_gain=9.32764
threshold=0.20276797935366633
decision_type=2
left_child=-1
right_child=-2
leaf_value=-0.03730096706358188 0.03719704548932478
leaf_weight=10.017089741188103 7.0882300334051243
leaf_count=2739 927
internal_value=0
internal_weight=0
internal_count=3666
is_linear=0
shrinkage=0.05


Tree=290
num_leaves=3
num_cat=0
split_feature=1 0
split_gain=8.80878 0.217988
threshold=33.872245788574226 -1.0000000180025095e-35
decision_type=2 2
left_child=-1 -2
right_child=1 -3
leaf_value=-0.037374414251671532 -0.019929125906466932 0.037193549676625907
leaf_weight=10.092505419743249 0.11258667916990805 6.6344555011019102
leaf_count=2726 25 915
internal_value=0 0.0359632
internal_weight=0 6.74704
internal_count=3666 940
is_linear=0
shrinkage=0.05


Tree=291
num_leaves=15
num_cat=0
split_feature=5 5 0 1 1 8 5 13 8 4 5 4 5 13
split_gain=2.30122 2.16069 2.88733 2.4042 2.5008 2.1813 1.95876 2.53454 2.19804 1.13505 0.894153 0.768285 0.617892 0.569974
threshold=1.82738733291626 1.4598696827888491 0.035386933013796813 2.9196276664733891 0.36504799127578741 -1.665077209472656 1.7252358794212344 0.98331961035728466 3.3099975585937504 -0.064815785735845552 1.419715464115143 0.20276797935366633 1.4572402238845827 0.9655328392982484
decision_type=2 2 2 2 2 2 2 2 2 2 2 2 2 2
left_child=1 2 10 4 -3 -6 8 -8 -5 -4 11 -1 -12 -11
right_child=-2 3 9 6 5 -7 7 -9 -10 13 12 -13 -14 -15
leaf_value=0.036598637756536621 0.03761148216729579 -0.062394650815947611 -0.02611282150117257 -0.027937796224998163 0.052882490323176649 -0.0014740565226652152 -0.0037550415296998744 0.062440452540763317 0.0093492600871652072 -0.012856060541457862 -0.038174840773463017 -0.031544230087977389 0.031380270388103301 0.045874383215389565
leaf_weight=1.1737341671250741 4.4100261805579057 0.74996122927404751 0.59148368332535017 17.225598742952574 3.9946965829003602 3.3506581995170563 9.8317628006916475 1.5935619366355229 5.0660887020640066 0.39831827394664276 2.4872533027082686 0.5227085375227033 0.28801655396819104 6.799953713780269
leaf_count=73 372 19 13 1837 55 123 166 17 289 22 150 192 12 326
internal_value=0 0.000435288 0.0188044 -0.00498348 0.0193303 0.0284004 -0.010861 0.00593932 -0.0194599 0.0370187 -0.0130406 0.0150153 -0.0301161 0.0424929
internal_weight=0 54.0738 12.2615 41.8123 8.09532 7.34535 33.717 11.4253 22.2917 7.78976 4.47171 1.69644 2.77527 7.19827
internal_count=3666 3294 788 2506 197 178 2309 183 2126 361 427 265 162 348
is_linear=0
shrinkage=0.05


Tree=292
num_leaves=15
num_cat=0
split_feature=6 5 3 5 1 4 5 8 3 5 3 8 7 4
split_gain=2.74827 1.64894 1.73121 1.53665 1.64827 1.53486 1.42275 3.03499 2.66951 1.9231 1.47555 2.32512 1.48224 1.15951
threshold=0.041567172855138786 1.4598696827888491 0.013889674562960865 1.82738733291626 35.923706054687507 -0.026478745974600312 1.6848669052124026 -1.665077209472656 -0.050536554306745522 1.6235776543617251 0.033548738807439811 0.16661834716796878 3.6777805089950566 -0.064815785735845552
decision_type=2 2 2 2 2 2 2 2 2 2 2 2 2 2
left_child=6 2 -2 4 5 -3 9 -8 -9 10 12 -12 -1 -4
right_child=1 3 13 -5 -6 -7 7 8 -10 -11 11 -13 -14 -15
leaf_value=0.01257728144527402 0.030530094790930492 6.5308033083718428e-05 0.03200198688179872 -0.03543826017486458 -0.034856274998710239 0.028864138567086875 -0.04915807705385309 -0.05971373110526447 0.030539480989703372 0.029096914717322828 0.021952625079194817 -0.052722201591515597 -0.034269985257265524 -0.042412967119930346
leaf_weight=6.9170833457028547 1.4682547480333585 6.222118837758905 0.54101348854601372 1.3010826299432654 1.2836991680087511 17.94728062837385 5.7177065048599616 1.0105831937398759 3.0326363085769099 3.7335072940913951 1.3784910172689695 3.6534494626102969 2.1236096039647236 3.3690269729122524
leaf_count=275 16 187 11 218 566 407 209 18 106 284 111 271 743 244
internal_value=0 0.0106945 -0.0143729 0.0157685 0.0185144 0.021481 -0.010788 -0.0260255 0.00708435 -0.00233648 -0.0108223 -0.032236 0.00131858 -0.0315752
internal_weight=0 32.1325 5.3783 26.7542 25.4531 24.1694 27.5671 9.76093 4.04322 17.8061 14.0726 5.03194 9.04069 3.91004
internal_count=3666 1649 271 1378 1160 594 2017 333 124 1684 1400 382 1018 255
is_linear=0
shrinkage=0.05


Tree=293
num_leaves=2
num_cat=0
split_feature=4
split_gain=8.78176
threshold=0.20276797935366633
decision_type=2
left_child=-1
right_child=-2
leaf_value=-0.037270468783151288 0.037153726089101967
leaf_weight=9.4329312003683317 6.6866468996740869
leaf_count=2739 927
internal_value=0
internal_weight=0
internal_count=3666
is_linear=0
shrinkage=0.05


Tree=294
num_leaves=3
num_cat=0
split_feature=1 0
split_gain=8.27404 0.204805
threshold=33.872245788574226 0.28338000178337103
decision_type=2 2
left_child=-1 -2
right_child=1 -3
leaf_value=-0.037343680966265815 -0.019394668325203344 0.037145897358926261
leaf_weight=9.5085366258863342 0.10639813542366106 6.2340081790462136
leaf_count=2726 25 915
internal_value=0 0.0359107
internal_weight=0 6.34041
internal_count=3666 940
is_linear=0
shrinkage=0.05


Tree=295
num_leaves=15
num_cat=0
split_feature=1 8 3 8 3 9 8 3 12 12 7 8 3 12
split_gain=2.05267 1.51478 2.34706 2.63737 1.54724 1.90531 1.59175 1.30757 1.28738 0.878347 0.698921 0.677108 0.660845 0.639931
threshold=16.882924079895023 -5.5648193359374991 0.034036988392472274 0.51544952392578136 -0.03394826874136924 3.9880828857421879 0.067169189453125014 0.032661179080605514 0.029747217893600467 -0.047384709119796746 1.9120803475379946 -8.8468475341796857 -0.054507022723555558 0.041818141937255866
decision_type=2 2 2 2 2 2 2 2 2 2 2 2 2 2
left_child=1 7 4 13 6 -6 -3 11 -5 10 -2 12 -1 -4
right_child=9 2 3 8 5 -7 -8 -9 -10 -11 -12 -13 -14 -15
leaf_value=0.03338552211416175 0.012663899816977487 0.022738144503044597 -0.024860976951795954 0.047556974612212574 -0.019173646980422371 0.021032447633904518 -0.028473968124192908 -0.037015350058325791 0.0015841795093731676 -0.031703132585016842 -0.031453652608178492 0.044484930540534456 -0.03202854251049405 0.036462413873433804
leaf_weight=0.76265908451750875 2.8647563850972801 7.5834514342714083 2.7513917204923923 6.5186258605681342 16.048405204899616 3.5172831572126588 1.800137623446062 0.60003215400502075 1.9870261175092307 5.1599165052175504 1.1876740339212117 4.8655951234977683 0.60026449663564541 0.40922840102575708
leaf_count=108 232 220 113 309 682 137 92 6 167 1123 275 185 9 8
internal_value=0 0.0074491 0.00375303 0.0225855 -0.00388789 -0.0118757 0.012717 0.0290615 0.0369604 -0.0182245 -0.000712035 0.0359114 0.00435557 -0.0160462
internal_weight=0 47.4441 40.6155 11.6663 28.9493 19.5657 9.38359 6.82855 8.50565 9.21235 4.05243 6.22852 1.36292 3.16062
internal_count=3666 2036 1728 597 1131 819 312 308 476 1630 507 302 117 121
is_linear=0
shrinkage=0.05


Tree=296
num_leaves=15
num_cat=0
split_feature=6 5 3 5 1 4 5 8 3 5 3 8 7 4
split_gain=2.52934 1.53794 1.62018 1.44016 1.49936 1.44637 1.32885 2.78628 2.49356 1.78847 1.32838 2.09157 1.35577 1.08964
threshold=0.041567172855138786 1.4598696827888491 0.013889674562960865 1.82738733291626 35.923706054687507 -0.026478745974600312 1.6848669052124026 -1.665077209472656 -0.050536554306745522 1.6235776543617251 0.033548738807439811 0.16661834716796878 3.6777805089950566 -0.064815785735845552
decision_type=2 2 2 2 2 2 2 2 2 2 2 2 2 2
left_child=6 2 -2 4 5 -3 9 -8 -9 10 12 -12 -1 -4
right_child=1 3 13 -5 -6 -7 7 8 -10 -11 11 -13 -14 -15
leaf_value=0.011962841958704729 0.029516670777148087 -0.00012785426540339357 0.031020285862550585 -0.03531453629560688 -0.034665942815798545 0.028101908793190564 -0.047905267828313447 -0.058351014010997793 0.02997461139473161 0.028745632607330797 0.021298443315891147 -0.050368690767465522 -0.034033877298326597 -0.042211626110632207
leaf_weight=6.7856852886034229 1.4348240979015852 6.1133785122074285 0.52490389626473177 1.2427406304050226 1.1950953702907998 17.490541777806357 5.5567699135281146 0.98666276247240636 2.9276121228467655 3.5841024939436457 1.3389537865295995 3.6034352708375081 1.9879207614576442 3.2183995991945271
leaf_count=275 16 187 11 218 566 407 209 18 106 284 111 271 743 244
internal_value=0 0.0104034 -0.014283 0.0153478 0.0180183 0.0208207 -0.0105065 -0.0254565 0.0068116 -0.00222272 -0.0104645 -0.0309158 0.00127483 -0.0314028
internal_weight=0 31.2199 5.17813 26.0418 24.799 23.6039 26.7711 9.47104 3.91427 17.3001 13.716 4.94239 8.77361 3.7433
internal_count=3666 1649 271 1378 1160 594 2017 333 124 1684 1400 382 1018 255
is_linear=0
shrinkage=0.05


Tree=297
num_leaves=2
num_cat=0
split_feature=4
split_gain=8.2506
threshold=0.20276797935366633
decision_type=2
left_child=-1
right_child=-2
leaf_value=-0.03724008971039669 0.037105310052067873
leaf_weight=8.9038234223844466 6.2755106491968045
leaf_count=2739 927
internal_value=0
internal_weight=0
internal_count=3666
is_linear=0
shrinkage=0.05


Tree=298
num_leaves=3
num_cat=0
split_feature=1 0
split_gain=7.79212 0.192546
threshold=33.872245788574226 0.28338000178337103
decision_type=2 2
left_child=-1 -2
right_child=1 -3
leaf_value=-0.037313139757374325 -0.018865207828027059 0.037098930870535139
leaf_weight=8.9801396586699394 0.1006084596738227 5.8730165278539062
leaf_count=2726 25 915
internal_value=0 0.0358613
internal_weight=0 5.97362
internal_count=3666 940
is_linear=0
shrinkage=0.05


Tree=299
num_leaves=15
num_cat=0
split_feature=5 5 0 6 8 3 5 7 4 4 12 8 5 4
split_gain=2.02517 1.89874 2.59203 2.35478 2.28359 3.00941 2.3066 1.06874 1.59874 1.04797 0.886132 0.81933 0.803404 0.671347
threshold=1.82738733291626 1.4598696827888491 0.035386933013796813 0.060667989775538451 -1.665077209472656 0.034036988392472274 1.5937870144844057 0.64482796192169201 -0.026478745974600312 -0.028463236056268212 -0.04204925894737243 2.1386413574218754 1.419715464115143 0.20276797935366633
decision_type=2 2 2 2 2 2 2 2 2 2 2 2 2 2
left_child=1 2 12 4 6 -6 -3 10 -9 11 -5 -4 13 -1
right_child=-2 3 9 7 5 -7 -8 8 -10 -11 -12 -13 -14 -15
leaf_value=0.036239761768258071 0.037483708984909582 -0.036518483785532123 -0.038470325313320446 -0.037335804124947448 -0.024730658715160413 0.022549253881055997 0.02903542356429395 0.00065553196932879594 -0.039768724490422659 0.045948010194357215 0.031456137463165133 0.033507226968365708 -0.029497023769873267 -0.030858690370468594
leaf_weight=1.0608596941456179 3.8941510394215575 1.4565024522598822 0.68412536499090471 0.57224296266213093 9.9114492384251225 4.9780694195069364 10.17064041411504 3.5147453260142347 7.9186439163750029 5.7315736946184188 1.4702652888372529 0.6978643462061882 2.5735668735578656 0.45982223632745434
leaf_count=73 372 228 10 20 1069 269 285 236 338 291 61 60 162 192
internal_value=0 0.000516796 0.018611 -0.00458783 0.00406844 -0.00887841 0.0205823 -0.0215253 -0.0274439 0.0366695 0.0113399 -0.00231536 -0.0128911 0.0152984
internal_weight=0 51.2004 11.2078 39.9926 26.5167 14.8895 11.6271 13.4759 11.4334 7.11356 2.04251 1.38199 4.09425 1.52068
internal_count=3666 3294 788 2506 1851 1338 513 655 574 361 81 70 427 265
is_linear=0
shrinkage=0.05


Tree=300
num_leaves=15
num_cat=0
split_feature=5 3 0 5 4 4 1 1 0 5 9 12 5 5
split_gain=2.66682 1.89183 1.94419 1.99546 1.82945 1.78938 1.53499 1.18741 1.10165 1.08182 1.06954 1.14286 1.04996 1.01793
threshold=1.4923390150070193 -0.03394826874136924 0.025723192840814594 1.7515664696693423 -0.025521330535411831 -0.019922864623367783 28.533832550048832 15.942994594573976 -0.016664955765008923 1.7028533816337588 -7.3917846679687491 -0.054052501916885369 1.7483461499214175 1.5499186515808108
decision_type=2 2 2 2 2 2 2 2 2 2 2 2 2 2
left_child=4 2 5 7 -1 -2 8 -4 13 -7 -6 -12 -10 -3
right_child=1 6 3 -5 10 9 -8 -9 12 -11 11 -13 -14 -15
leaf_value=0.0173084435482041 -0.116488816150256 -0.063704946987539021 0.026177705082298067 -0.028793341609066915 0.020627040108435673 0.015669990092340776 -0.035206116420293421 -0.017712948132766939 0.025515068867630886 -0.047442558904367153 -0.055458296948568048 -0.019415279812472076 0.0046089585756820877 0.0072941933830615842
leaf_weight=2.583689183345995 0.55849761283025179 0.70101995440200271 5.9737102780491096 3.7041420382447541 0.9135583674069484 1.0503092333674424 1.4670381693867955 1.9860322034219278 17.629737162264071 1.6362885356647892 3.7295748905744386 5.5889534077141434 9.1601557508110982 1.3176719265757126
leaf_count=115 9 176 118 342 55 111 683 230 679 59 183 662 87 180
internal_value=0 0.00597672 -0.00856449 0.0010636 -0.0197802 -0.0421681 0.013142 0.0151427 0.0157174 -0.0230922 -0.0292223 -0.0342765 0.0184105 -0.0192044
internal_weight=0 45.1846 14.909 11.6639 12.8158 3.2451 30.2756 7.95974 28.8086 2.6866 10.2321 9.31853 26.7899 2.01869
internal_count=3689 2674 869 690 1015 179 1805 348 1122 170 900 845 766 356
is_linear=0
shrinkage=0.05


Tree=301
num_leaves=3
num_cat=0
split_feature=7 10
split_gain=7.70715 0.0228677
threshold=5.3550145626068124 4.3984756469726571
decision_type=2 2
left_child=-1 -2
right_child=1 -3
leaf_value=-0.037213901056912017 0.037015917537483893 0.0025722507637802017
leaf_weight=8.4792774901725334 5.8296983330510566 0.06421963358297933
leaf_count=2755 917 17
internal_value=0 0.0366898
internal_weight=0 5.89392
internal_count=3689 934
is_linear=0
shrinkage=0.05


Tree=302
num_leaves=3
num_cat=0
split_feature=1 2
split_gain=7.42314 0.164942
threshold=33.872245788574226 0.28338000178337103
decision_type=2 2
left_child=-1 -2
right_child=1 -3
leaf_value=-0.037286405806215214 -0.017507346750982592 0.037055913554588857
leaf_weight=8.5717981498455611 0.087092418456450882 5.578963746316731
leaf_count=2747 23 919
internal_value=0 0.0359281
internal_weight=0 5.66606
internal_count=3689 942
is_linear=0
shrinkage=0.05


Tree=303
num_leaves=15
num_cat=0
split_feature=5 5 12 8 0 3 8 8 1 4 8 4 9 3
split_gain=2.1888 2.87111 3.21843 3.79689 2.50116 2.13704 2.46527 2.12837 2.27181 2.12179 1.97476 1.70846 1.58638 2.45777
threshold=1.4923390150070193 1.7078130245208742 -0.0089838504791259748 0.18772888183593753 -0.016664955765008923 0.034036988392472274 3.4811706542968754 -6.1134948730468741 0.7250756323337556 -0.025521330535411831 2.5210037231445317 0.0053948075510561475 3.1503143310546879 -0.054507022723555558
decision_type=2 2 2 2 2 2 2 2 2 2 2 2 2 2
left_child=4 5 12 -4 -1 7 -7 -2 -9 10 -6 -8 13 -3
right_child=1 2 3 -5 9 6 11 8 -10 -11 -12 -13 -14 -15
leaf_value=-0.029787295886225713 0.028437570684731746 0.038970437098885743 0.042982768775177163 -0.032029498710920132 -0.045380515793670022 -0.022104124797360233 0.0099788939475909267 0.075167735237379421 -0.038158634624412609 0.039457659249545841 0.036230511525906298 0.092310969260478465 0.022524427066182667 -0.032779281148730702
leaf_weight=2.0679976701503628 1.4570252229459573 1.3578096688725043 8.8993489453569037 1.9987016447121266 1.5746887805871659 2.7821503723971537 1.5317008211277428 0.36921593546867626 11.65438935975544 9.7532868713606113 1.2340651266276834 1.0046019861474631 2.8255015239119521 6.7352128351340097
leaf_count=484 25 111 305 78 19 331 29 18 1550 418 94 25 80 122
internal_value=0 -0.00236252 0.00995821 0.0290594 0.020132 -0.0166379 0.010066 -0.0271698 -0.0340873 0.0285201 -0.00951073 0.0448543 -0.00919784 -0.0204127
internal_weight=0 40.6157 21.8166 10.8981 14.63 18.7991 5.31845 13.4806 12.0236 12.562 2.80875 2.5363 10.9185 8.09302
internal_count=3689 2674 696 383 1015 1978 385 1593 1568 531 113 54 313 233
is_linear=0
shrinkage=0.05


Tree=304
num_leaves=15
num_cat=0
split_feature=5 6 5 3 8 8 4 4 1 5 1 8 8 7
split_gain=2.36054 1.98209 1.91845 2.23489 2.15413 1.72728 1.61839 1.54484 4.01636 2.0704 1.41092 1.33309 1.3166 1.26134
threshold=1.4923390150070193 0.041567172855138786 1.7078130245208742 0.034036988392472274 0.29211425781250006 0.37933349609375006 -0.025521330535411831 -0.025996895506978032 0.7250756323337556 1.7483461499214175 12.649944782257082 2.5210037231445317 -1.0720672607421873 0.68012529611587536
decision_type=2 2 2 2 2 2 2 2 2 2 2 2 2 2
left_child=6 2 3 10 -4 -5 11 8 -3 -10 -2 -1 -8 -9
right_child=1 7 4 5 -6 -7 12 13 9 -11 -12 -13 -14 -15
leaf_value=0.0401504345972412 0.034810800105233367 -0.18106252155945501 -0.034331325618768109 0.025089381249141549 0.030357125468619003 -0.047005401551838799 0.00088983199715216444 -0.0095756093155392914 0.023504245597809073 -0.036848097678332123 -0.010624720425944405 -0.034809180907705434 -0.039284428413587986 0.029534969948422279
leaf_weight=1.7386922127334394 5.8924899934791046 0.20827132370323198 7.2593581880792026 1.139904472511261 1.4783515272429211 2.524260975071229 2.8397016796516246 2.3625296881655258 4.2331299218349159 2.0153245198307559 2.3354755763430148 0.78562889725435514 7.0969284236198282 14.101133222808128
leaf_count=20 314 3 261 104 56 80 235 163 328 78 542 95 665 745
internal_value=0 0.00571987 -0.00551192 0.00754504 -0.0231669 -0.0245064 -0.0188772 0.0158092 -0.00486754 0.0037649 0.0219414 0.0163838 -0.0279089 0.0238987
internal_weight=0 43.5502 20.6298 11.8921 8.73771 3.66417 12.461 22.9204 6.45673 6.24845 8.22797 2.52432 9.93663 16.4637
internal_count=3689 2674 1357 1040 317 184 1015 1317 409 406 856 115 900 908
is_linear=0
shrinkage=0.05


Tree=305
num_leaves=2
num_cat=0
split_feature=4
split_gain=7.29156
threshold=0.20276797935366633
decision_type=2
left_child=-1
right_child=-2
leaf_value=-0.03718060468670694 0.03700178352706527
leaf_weight=8.0012826543534157 5.5063416785560557
leaf_count=2767 922
internal_value=0
internal_weight=0
internal_count=3689
is_linear=0
shrinkage=0.05


Tree=306
num_leaves=3
num_cat=0
split_feature=1 0
split_gain=6.94804 0.155305
threshold=33.872245788574226 0.28338000178337103
decision_type=2 2
left_child=-1 -2
right_child=1 -3
leaf_value=-0.037249109907164707 -0.017000151349498883 0.036997527814666885
leaf_weight=8.0634271625895035 0.082511215237901392 5.2205752306617796
leaf_count=2747 23 919
internal_value=0 0.0358583
internal_weight=0 5.30309
internal_count=3689 942
is_linear=0
shrinkage=0.05


Tree=307
num_leaves=15
num_cat=0
split_feature=5 5 11 0 11 8 8 1 4 8 6 8 4 4
split_gain=1.93402 2.53028 2.34625 2.27505 2.09474 2.25472 2.02883 2.14865 1.90286 1.90091 3.02991 1.8701 1.46657 1.14401
threshold=1.4923390150070193 1.7078130245208742 -0.060275286436080926 -0.016664955765008923 0.034036988392472274 3.4811706542968754 -6.1134948730468741 0.7250756323337556 -0.025521330535411831 -1.665077209472656 0.048693655058741576 2.5210037231445317 0.0053948075510561475 -0.047589229419827454
decision_type=2 2 2 2 2 2 2 2 2 2 2 2 2 2
left_child=3 4 -3 -1 6 13 -2 -8 11 10 -4 -5 -7 -6
right_child=1 2 9 8 5 12 7 -9 -10 -11 -12 -13 -14 -15
leaf_value=-0.02920605779324309 0.027903352582233754 0.040888969431381532 0.04214775557978101 -0.044579092195347642 0.043012279248754177 0.010441082813733316 0.069897686175223642 -0.038088068836675301 0.037971092790644735 -0.027111773382076487 -0.0086523798398400239 0.036107257962277359 0.086103029798102859 -0.036462321539422402
leaf_weight=1.9861309744883335 1.4319472534116346 4.5638351726811406 4.6635151276132127 1.5246991880703711 0.4751214453717697 1.5290390230948108 0.39124196348712104 10.964429023209957 9.4498160795774275 4.3890504619339454 7.5785241647390649 1.1910121976397929 1.0435178403276948 2.1908111358061424
leaf_count=484 25 340 92 19 19 29 18 1550 418 164 100 94 25 312
internal_value=0 -0.00214476 0.00954816 0.0193575 -0.01587 0.0106169 -0.0267186 -0.0337899 0.0274594 0.000754753 0.0108843 -0.00916738 0.0432055 -0.0212554
internal_weight=0 39.221 21.1949 14.1517 18.0261 5.23849 12.7876 11.3557 12.1655 16.6311 12.242 2.71571 2.57256 2.66593
internal_count=3689 2674 696 1015 1978 385 1593 1568 531 356 192 113 54 331
is_linear=0
shrinkage=0.05


Tree=308
num_leaves=15
num_cat=0
split_feature=6 10 0 6 8 4 8 9 4 10 8 13 10 10
split_gain=1.54429 1.43805 1.23191 1.07696 1.54502 1.10586 1.16685 0.881313 0.831928 0.898023 0.553753 0.55179 0.507408 0.712024
threshold=0.060667989775538451 0.56314644217491161 0.20336492359638217 0.060000568628311164 1.188041687011719 0.071907676756382002 4.6584548950195321 3.1705703735351567 0.015958184376358989 2.5972163677215581 2.8072509765625004 0.9796835482120515 1.0541676282882693 1.732485890388489
decision_type=2 2 2 2 2 2 2 2 2 2 2 2 2 2
left_child=2 7 3 5 -5 6 -1 11 9 10 -3 -2 -4 -14
right_child=1 8 12 4 -6 -7 -8 -9 -10 -11 -12 -13 13 -15
leaf_value=0.0053896476237822438 0.020133545086487212 0.025348861553873694 -0.0065349493517786635 -0.090945367358735138 0.015178030738141113 -0.032734979461972111 -0.027279344743282277 -0.033321041623875135 0.050099743375096532 -0.027644483858401465 -0.007412184413212306 -0.022215535323269742 -0.06158053755439289 0.0018313901037228391
leaf_weight=25.970131535083063 2.3391666034003751 8.054262890480457 1.2310392500949086 0.70005935372318961 0.55675467930268496 2.3924535700352854 2.9538698561373158 2.1510601355694234 2.0231877340702331 1.0034927466185752 1.4857332784449671 1.0290080272825433 1.7570236154715533 0.57380579493474204
leaf_count=883 126 392 340 13 14 934 252 80 82 56 122 66 189 140
internal_value=0 0.0120881 -0.00576798 -0.00266832 -0.0462801 -0.000776318 0.00197083 -0.00907243 0.02138 0.01545 0.0202228 0.00692801 -0.0332674 -0.0465366
internal_weight=0 18.0859 36.1351 32.5733 1.25681 31.3165 28.924 5.51923 12.5667 10.5435 9.54 3.36817 3.56187 2.33083
internal_count=3689 924 2765 2096 27 2069 1135 272 652 570 514 192 669 329
is_linear=0
shrinkage=0.05


Tree=309
num_leaves=3
num_cat=0
split_feature=7 6
split_gain=6.80182 0.0196688
threshold=5.3550145626068124 -0.0021198664326220746
decision_type=2 2
left_child=-1 -2
right_child=1 -3
leaf_value=-0.037143681652338632 0.036945082376255746 0.0038531222270204047
leaf_weight=7.502133495756425 5.1487107947468758 0.07019038894213725
leaf_count=2755 918 16
internal_value=0 0.0365808
internal_weight=0 5.2189
internal_count=3689 934
is_linear=0
shrinkage=0.05


Tree=310
num_leaves=3
num_cat=0
split_feature=0 0
split_gain=6.27166 0.200282
threshold=0.54847639799118053 0.28338000178337103
decision_type=2 2
left_child=1 -1
right_child=-2 -3
leaf_value=-0.037136326797989193 0.036876263972498255 -0.0013559980575823501
leaf_weight=7.4519732068292797 4.7456932975910604 0.42062031570821989
leaf_count=2766 908 15
internal_value=0 -0.0352656
internal_weight=0 7.87259
internal_count=3689 2781
is_linear=0
shrinkage=0.05


Tree=311
num_leaves=15
num_cat=0
split_feature=5 5 0 6 6 7 7 1 4 4 8 5 6 13
split_gain=1.74844 2.17253 2.10953 1.96528 1.98616 1.47217 1.31391 1.29155 1.16977 0.923301 0.967318 0.90401 0.299481 0.298109
threshold=1.4598696827888491 1.82738733291626 -0.016664955765008923 0.060667989775538451 0.060000568628311164 0.64482796192169201 2.9593267440795903 15.730189323425295 -0.026478745974600312 -0.026478745974600312 2.5210037231445317 1.7515664696693423 0.038020955398678787 0.96593347191810619
decision_type=2 2 2 2 2 2 2 2 2 2 2 2 2 2
left_child=2 3 12 4 6 11 -2 -6 -7 10 -4 -5 -1 -11
right_child=1 -3 9 5 7 8 -8 -9 -10 13 -12 -13 -14 -15
leaf_value=-0.034436138588246047 0.0040305048985538362 0.037291249045967471 -0.036535027209436105 -0.020921730595003594 0.13415831345610088 -0.0025761514368768139 -0.03320430040174295 0.027474258356806499 -0.038381388065693363 -0.0083308121717121705 0.034833555745057733 0.04858486087247961 0.025656142597574358 0.044690544931844996
leaf_weight=1.4904912086203692 22.339868932263933 3.3204226563684633 0.80723667773418106 0.71243977837730099 0.32298130355775256 3.2970671791117629 2.5489155241521066 1.0949807595461605 7.4149525953689581 0.24724542815238049 0.89609982189722359 1.0516745322383938 0.16467382246628393 5.8827266930602491
leaf_count=348 1141 374 11 72 7 234 682 30 340 19 85 7 7 332
internal_value=0 -0.000914887 0.0227409 -0.00427343 0.00348647 -0.0205333 9.95893e-05 0.0590118 -0.0274866 0.0335333 0.000860506 0.020898 -0.0273364 0.0424526
internal_weight=0 42.1033 9.48847 38.7829 26.3067 12.4761 24.8888 1.41796 10.712 7.83331 1.70334 1.76411 1.65517 6.12997
internal_count=3689 2887 802 2513 1860 653 1823 37 574 447 96 79 355 351
is_linear=0
shrinkage=0.05


Tree=312
num_leaves=15
num_cat=0
split_feature=7 0 8 7 5 5 10 8 12 5 5 12 0 8
split_gain=1.54912 1.48936 2.11784 3.42558 1.68306 1.91281 2.81024 1.46768 2.27491 1.66311 1.6498 1.59379 1.5549 1.17409
threshold=1.8591462373733523 0.031049089506268505 -1.8948898315429685 2.2105420827865605 1.5365313291549685 1.7146476507186892 2.7077127695083623 -5.7038955688476554 -0.072106838226318345 1.4396952390670779 1.7515664696693423 -0.017068654298782345 0.28338000178337103 -1.0000000180025095e-35
decision_type=2 2 2 2 2 2 2 2 2 2 2 2 2 2
left_child=7 2 3 -2 13 -6 -7 8 -1 -9 12 -12 -11 -3
right_child=1 4 -4 -5 5 6 -8 9 -10 10 11 -13 -14 -15
leaf_value=0.031087526408804869 -0.29969098787361154 0.019507795715315482 -0.0086635548776609981 -0.051247462738365605 0.029275372564983932 -0.0034631466613548067 -0.1564106717412489 -0.029427724483205971 -0.04547787456824582 0.026143795622372141 0.016983756295457213 -0.031292114894472249 -0.034283458268617846 -0.040283144845783769
leaf_weight=1.3824637797661123 0.059578887827229532 1.0044057024642823 3.4373232297366503 1.7992327479296362 5.4662736763712001 3.5243051899597053 0.22883133229333896 2.1673313489882302 2.7627739491290404 18.183438776177361 3.495537020964548 3.1652576909400514 1.0462332399329159 3.4150001141824751
leaf_count=40 3 34 712 302 449 147 27 200 188 589 49 109 579 210
internal_value=0 -0.0103431 -0.0325791 -0.0741037 -0.00153436 0.0106198 -0.0166058 0.00763895 -0.019812 0.0117505 0.0152976 -0.00608081 0.0226958 -0.0265634
internal_weight=0 18.935 5.29613 1.85881 13.6388 9.21941 3.75314 32.203 4.14524 28.0578 25.8905 6.66079 19.2297 4.41941
internal_count=3638 1884 1017 305 867 623 174 1754 228 1526 1326 158 1168 244
is_linear=0
shrinkage=0.05


Tree=313
num_leaves=3
num_cat=0
split_feature=7 10
split_gain=6.32643 0.00417397
threshold=5.3550145626068124 3.8436125516891484
decision_type=2 2
left_child=-1 -2
right_child=1 -3
leaf_value=-0.037094053098910645 0.036850278510980272 0.006142267733508797
leaf_weight=6.9195305912871845 4.8168372854124755 0.055321969441138097
leaf_count=2702 921 15
internal_value=0 0.0366321
internal_weight=0 4.87216
internal_count=3638 936
is_linear=0
shrinkage=0.05


Tree=314
num_leaves=3
num_cat=0
split_feature=1 0
split_gain=6.10742 0.140371
threshold=33.872245788574226 0.28338000178337103
decision_type=2 2
left_child=-1 -2
right_child=1 -3
leaf_value=-0.037189571954624905 -0.016158319351741945 0.036892423673288557
leaf_weight=7.0914571870234795 0.07539222203195084 4.6106179971247911
leaf_count=2716 24 898
internal_value=0 0.0357191
internal_weight=0 4.68601
internal_count=3638 922
is_linear=0
shrinkage=0.05


Tree=315
num_leaves=14
num_cat=0
split_feature=5 5 1 8 7 8 11 8 12 7 11 8 13
split_gain=1.66289 1.54339 1.35464 1.55058 2.51372 1.50657 1.36356 1.24982 0.937433 0.662314 0.289132 0.051044 0.00425979
threshold=1.8204647898674013 1.4148662686347964 2.4797496795654301 -1.8948898315429685 1.9570474028587344 -5.5648193359374991 0.075256917625665679 2.6548080444335942 -0.069421350955963121 3.5077719688415532 0.075256917625665679 6.6020050048828134 0.98560640215873729
decision_type=2 2 2 2 2 2 2 2 2 2 2 2 2
left_child=1 9 3 4 -3 8 -7 -5 -4 -1 11 -11 -2
right_child=12 2 5 7 -6 6 -8 -9 -10 10 -12 -13 -14
leaf_value=0.038171007077631491 0.037213580200253275 0.0062611281426609433 -0.012571649909957353 -0.026282889173612718 0.096476143561558675 -0.014579128089241809 0.02202108007680853 0.031799864977339401 0.034673107928172298 -0.033582061904675414 0.026673732240201344 0.0083720006564185056 0.0084930992705924118
leaf_weight=3.3728522425517431 3.1318397931754585 1.9492242280393841 1.4988945338409392 2.3710423263255502 1.1953045963309703 26.835701356991201 2.7215442603919646 1.3830148596316574 3.1017587017267898 0.5139343311311676 0.25800472986884415 0.042516699992120266 0.081615937640890368
leaf_count=321 370 31 36 91 16 2331 99 37 58 178 51 6 13
internal_value=0 6.71788e-05 -0.00290699 0.0171477 0.0424704 -0.00699551 -0.0111462 -0.004615 0.0193408 0.0286165 -0.0107985 -0.0295895 0.0367625
internal_weight=0 45.2438 41.0565 6.89859 3.14453 34.1579 29.5572 3.75406 4.60065 4.18731 0.814456 0.556451 3.21346
internal_count=3638 3255 2699 175 47 2524 2430 128 94 556 235 184 383
is_linear=0
shrinkage=0.05


Tree=316
num_leaves=15
num_cat=0
split_feature=1 7 5 5 0 3 7 3 5 9 12 7 1 5
split_gain=1.53376 1.30112 1.66312 1.58417 1.27057 1.66516 3.10329 1.35802 1.28097 1.24602 1.04538 0.864783 0.859616 0.772534
threshold=18.538494110107425 1.8919128179550173 1.7483461499214175 1.4396952390670779 0.031049089506268505 -0.0017541153356432913 2.2105420827865605 0.061412833631038673 1.7146476507186892 -1.0836334228515623 -0.02761021256446838 3.8211818933486943 1.5304040312767031 1.5532533526420595
decision_type=2 2 2 2 2 2 2 2 2 2 2 2 2 2
left_child=1 2 3 -1 5 6 -3 8 -6 10 -4 -7 -5 -9
right_child=-2 4 9 12 7 11 -8 13 -10 -11 -12 -13 -14 -15
leaf_value=-0.026694603715363387 -0.024250570402328003 -0.25922457563220486 0.039035203675330699 -0.0033026863869097967 0.022576648886317479 0.02923150555216112 -0.039963597056263858 -0.049355883643628543 -0.015601925722607317 -0.024015232294738557 -0.016812755034880122 -0.035718802453660548 0.026650565645973824 0.028966851889335829
leaf_weight=1.7362190819112644 5.3246840153587973 0.080673939897678237 1.8502984803635629 2.7945776514243361 6.1119183362461609 1.2096934766159391 2.295679276343435 1.6241865584743198 3.3129030494601466 5.0223523807944712 1.3915517904097212 0.74291623861063261 15.840952817234209 0.31543910317122925
leaf_count=191 1450 2 36 65 243 49 229 141 124 227 79 266 521 15
internal_value=0 0.0039125 0.0102414 0.0178909 -0.00762768 -0.0303454 -0.0575746 0.0012152 0.00913366 -0.00860348 0.0152769 0.00398339 0.0221651 -0.0358226
internal_weight=0 44.3294 28.636 20.3717 15.6934 4.32896 2.37635 11.3644 9.42482 8.2642 3.24185 1.95261 18.6355 1.93963
internal_count=3638 2188 1119 777 1069 546 231 523 367 342 115 315 586 156
is_linear=0
shrinkage=0.05


Tree=317
num_leaves=2
num_cat=0
split_feature=4
split_gain=5.99056
threshold=0.20276797935366633
decision_type=2
left_child=-1
right_child=-2
leaf_value=-0.037056937388208415 0.036839144746957091
leaf_weight=6.5325761992135085 4.5785508253611624
leaf_count=2710 928
internal_value=0
internal_weight=0
internal_count=3638
is_linear=0
shrinkage=0.05


Tree=318
num_leaves=3
num_cat=0
split_feature=1 0
split_gain=5.76002 0.132416
threshold=33.872245788574226 0.28338000178337103
decision_type=2 2
left_child=-1 -2
right_child=1 -3
leaf_value=-0.03714852034271942 -0.015673379388282203 0.036839550318207862
leaf_weight=6.6795803538407199 0.071526748593896516 4.3631891938857734
leaf_count=2716 24 898
internal_value=0 0.0356656
internal_weight=0 4.43472
internal_count=3638 922
is_linear=0
shrinkage=0.05


Tree=319
num_leaves=13
num_cat=0
split_feature=5 5 1 10 5 8 8 3 8 8 4 13
split_gain=1.54684 1.42507 1.23491 1.41823 1.38799 1.87333 1.70321 1.3854 1.2234 0.559007 0.405024 0.0102272
threshold=1.8204647898674013 1.4148662686347964 2.4797496795654301 1.7065226435661318 1.7483461499214175 0.067169189453125014 -1.152931213378906 -0.016227528452873227 4.6584548950195321 -1.866554260253906 0.40218600630760198 0.98586946725845348
decision_type=2 2 2 2 2 2 2 2 2 2 2 2
left_child=1 9 3 8 5 -4 -6 -5 -3 -1 -11 -2
right_child=11 2 4 7 6 -7 -8 -9 -10 10 -12 -13
leaf_value=-0.030974181111395407 0.037091817651904627 -0.0092217454261421354 -0.027882081171705903 0.073381069721209613 0.021601429373107366 -7.4141759950513373e-05 -0.029126965401643851 -0.0075176862158396075 0.070994339442281132 0.037996056541198142 -0.025249613996096695 0.0053623627794170681
leaf_weight=0.28756941715255413 2.9515027541201557 4.0356388685759148 11.113524817512372 1.5459642487112435 7.0474112175870687 13.170160055276936 2.0595272202044708 0.75454557477496553 0.43704507173970331 3.4456650251522656 0.20525750576052804 0.062727418961003312
leaf_count=63 373 131 1201 13 75 1205 43 26 5 375 118 10
internal_value=0 0.000163121 -0.00267731 0.0166368 -0.00663309 -0.0128627 0.00993749 0.0476392 -2.32876e-06 0.0284782 0.033862 0.0366249
internal_weight=0 44.1023 40.1638 6.77319 33.3906 24.2837 9.10694 2.30051 4.47268 3.93849 3.65092 3.01423
internal_count=3638 3255 2699 175 2524 2406 118 39 136 556 493 383
is_linear=0
shrinkage=0.05


Tree=320
num_leaves=15
num_cat=0
split_feature=1 8 7 12 5 5 12 7 6 5 8 5 1 1
split_gain=1.41042 1.29301 1.73586 1.4118 1.30586 1.75928 1.12861 1.00073 0.733058 0.724089 0.721499 0.499384 0.327947 0.254812
threshold=18.538494110107425 -5.7038955688476554 1.9570474028587344 -0.074736654758453355 1.4396952390670779 1.7515664696693423 -0.025518745183944699 2.3604911565780644 0.071920149028301253 1.7146476507186892 0.79365539550781261 1.5532533526420595 18.646009445190433 35.923706054687507
decision_type=2 2 2 2 2 2 2 2 2 2 2 2 2 2
left_child=1 3 4 -1 10 -6 7 -4 12 -8 -3 -5 -2 -10
right_child=8 2 6 11 5 -7 9 -9 13 -11 -12 -13 -14 -15
leaf_value=0.025161187640141126 -0.066878098612855083 0.033442444445359584 -0.050815628614764567 0.025585721984876478 0.025841222330627883 -0.0049143546396150078 0.013522384165888322 -0.0064392682988500321 0.012939174499825547 -0.016364496999263563 -0.041652262821468902 -0.044923579142856968 -0.027347617393292323 -0.029517206746299141
leaf_weight=1.0756826268043367 0.67575779510661904 0.32540053129196422 2.1851307837641754 0.21098149276804123 17.04352106759325 6.3411363462219006 5.8223141441121715 2.9374899371759966 1.358715013717301 2.9837217164458707 1.4047153560095464 2.8622935253661126 2.7370208766078576 0.36711305251810689
leaf_count=58 13 2 50 6 598 141 578 261 39 51 194 249 1184 214
internal_value=0 0.00372604 0.00656171 -0.0224852 0.0143926 0.0175159 -0.00756019 -0.0259792 -0.023743 0.00332586 -0.0264728 -0.0394293 -0.036856 0.00278597
internal_weight=0 43.1924 39.0434 4.14896 25.1148 23.3847 13.9287 5.12262 5.13861 8.80604 1.73012 3.07328 3.41278 1.72583
internal_count=3638 2188 1875 313 935 739 940 311 1450 629 196 255 1197 253
is_linear=0
shrinkage=0.05


Tree=321
num_leaves=2
num_cat=0
split_feature=4
split_gain=5.62962
threshold=0.20276797935366633
decision_type=2
left_child=-1
right_child=-2
leaf_value=-0.037019139633337896 0.036779973549777509
leaf_weight=6.164343360462226 4.300988087663427
leaf_count=2710 928
internal_value=0
internal_weight=0
internal_count=3638
is_linear=0
shrinkage=0.05


Tree=322
num_leaves=3
num_cat=0
split_feature=1 0
split_gain=5.42201 0.124931
threshold=33.872245788574226 0.28338000178337103
decision_type=2 2
left_child=-1 -2
right_child=1 -3
leaf_value=-0.037113031079019233 -0.015197252450407079 0.03677809237061918
leaf_weight=6.3089411036926322 0.067892305087298044 4.1090781600214541
leaf_count=2716 24 898
internal_value=0 0.0355977
internal_weight=0 4.17697
internal_count=3638 922
is_linear=0
shrinkage=0.05


Tree=323
num_leaves=13
num_cat=0
split_feature=5 5 8 12 10 12 8 7 5 3 7 8
split_gain=1.44529 1.32611 1.18799 1.66521 1.61392 1.86711 1.49543 0.588485 0.303709 0.245439 0.146683 0.0445612
threshold=1.8204647898674013 1.4148662686347964 -5.7038955688476554 -0.069421350955963121 1.4011839032173159 -0.02761021256446838 4.6584548950195321 3.5077719688415532 1.7650964260101321 0.075256917625665679 1.7551861405372622 6.6020050048828134
decision_type=2 2 2 2 2 2 2 2 2 2 2 2
left_child=1 7 3 8 6 -6 -4 -1 -3 11 -5 -9
right_child=-2 2 4 10 5 -7 -8 9 -10 -11 -12 -13
leaf_value=0.037894792373989822 0.036497655328062525 -0.038586774400121246 -0.018186888332991556 0.046125404700327992 0.030848510876638036 -0.0078335747809685288 0.023400627744151595 -0.03281016922994897 0.010265565293601191 0.025564271830386256 0.017022482764631097 0.0077771306042705539
leaf_weight=3.0005072562489654 2.8400877714157096 0.94291708781383909 19.848978296853605 2.5094769957941021 5.3218357909936458 7.2738609418738616 2.3379442810546598 0.45973134960513551 0.40676617342978716 0.22469930886290967 0.71313181216828514 0.038540343753993511
leaf_count=321 383 31 1604 30 306 603 92 178 4 51 29 6
internal_value=0 0.000264066 -0.00246115 0.0212239 -0.00562654 0.00862433 -0.0137193 0.028379 -0.0241712 -0.0109199 0.0403914 -0.0288956
internal_weight=0 43.0784 39.3549 4.57229 34.7826 12.5957 22.1869 3.72348 1.34968 0.722971 3.22261 0.498272
internal_count=3638 3255 2699 94 2605 909 1696 556 35 235 59 184
is_linear=0
shrinkage=0.05


Tree=324
num_leaves=15
num_cat=0
split_feature=7 3 8 5 7 0 5 1 10 10 6 5 1 5
split_gain=1.34974 1.75625 1.08067 1.40736 1.30283 1.31799 0.845195 0.834853 0.7834 3.25635 0.995315 0.587133 0.55132 0.468937
threshold=2.2386060953140263 -0.07793939113616942 4.2553253173828134 1.6186023950576784 0.53759410977363598 0.20336492359638217 1.6871035695075991 10.604208469390871 2.7567716836929326 2.7077127695083623 0.054884416982531554 1.7830509543418886 1.1944363713264468 1.6919204592704775
decision_type=2 2 2 2 2 2 2 2 2 2 2 2 2 2
left_child=1 13 4 7 6 -6 -3 -4 9 10 12 -12 -2 -1
right_child=8 2 3 -5 5 -7 -8 -9 -10 -11 11 -13 -14 -15
leaf_value=-0.0064269314577609805 0.02766156582925039 0.0056790383038467689 -0.058887254468118579 0.033516490694739637 0.020313929873153922 -0.011760262342545465 -0.049040964467126136 -0.00097740999592310748 0.013680944820192857 -0.18554456800978053 0.016855946684899186 -0.036764248010132443 -0.027645539569371515 -0.052436006156944298
leaf_weight=0.92932557233143542 0.40369792236014834 1.4570614622207387 1.4839131545159032 0.91648717853240658 22.204706025135241 3.6726407940732306 1.2356674331240354 1.0308339271578004 2.2400353408884248 0.18423038267064917 2.959210642438848 0.515984761645086 6.8163097566575743 1.3949616150348445
leaf_count=31 22 120 131 43 722 673 39 110 279 13 180 24 1061 209
internal_value=0 0.00600586 0.00908875 -0.0170786 0.01228 0.0157341 -0.0202883 -0.0360943 -0.0127899 -0.0183151 -0.0137424 0.00808898 -0.0242175 -0.035064
internal_weight=0 34.3256 32.0013 3.43123 28.5701 25.8773 2.69273 2.51475 13.1195 10.8794 10.6952 3.4752 7.22001 2.32429
internal_count=3657 2078 1838 284 1554 1395 159 241 1579 1300 1287 204 1083 240
is_linear=0
shrinkage=0.05


Tree=325
num_leaves=2
num_cat=0
split_feature=4
split_gain=5.29748
threshold=0.20276797935366633
decision_type=2
left_child=-1
right_child=-2
leaf_value=-0.03698824252650984 0.036713264383359367
leaf_weight=5.8859695424325764 4.0162076756823808
leaf_count=2740 917
internal_value=0
internal_weight=0
internal_count=3657
is_linear=0
shrinkage=0.05


Tree=326
num_leaves=3
num_cat=0
split_feature=1 2
split_gain=5.2139 0.109329
threshold=33.872245788574226 0.28338000178337103
decision_type=2 2
left_child=-1 -2
right_child=1 -3
leaf_value=-0.03707586001438725 -0.014082599549282503 0.036738867064927926
leaf_weight=5.9834186601219699 0.059935896657407173 3.9833138827234507
leaf_count=2708 22 927
internal_value=0 0.0356638
internal_weight=0 4.04325
internal_count=3657 949
is_linear=0
shrinkage=0.05


Tree=327
num_leaves=15
num_cat=0
split_feature=4 4 3 3 5 8 3 12 3 5 5 3 13 5
split_gain=1.36764 1.87725 2.37392 1.27347 1.69298 3.14788 2.37149 0.77418 0.387199 0.294072 0.246994 0.226363 0.16968 0.0295967
threshold=0.043104073032736785 0.039951298385858543 -0.026399813592433926 -0.089281730353832231 1.5343727469444277 -1.665077209472656 0.013889674562960865 -0.024832427501678463 -0.11046824231743811 1.6221353411674502 1.7830509543418886 0.07239913567900659 0.98372241854667675 1.4760683774948122
decision_type=2 2 2 2 2 2 2 2 2 2 2 2 2 2
left_child=1 3 -3 9 6 -6 -5 -4 -2 -1 11 -10 -11 -13
right_child=8 2 7 4 5 -7 -8 -9 10 12 -12 13 -14 -15
leaf_value=-0.02152659839792076 0.016945030913714874 0.12543323050613706 0.041983412868294018 -0.013551312372264344 0.0078595903017590184 -0.028556141879773674 0.031281352844781334 -0.032245674379069014 -0.036712725029871426 0.033678196974162487 0.022537201373301084 0.017639098196613134 0.074929459632263509 -0.0098522539714045454
leaf_weight=0.12811305688228403 0.4251030582236125 0.61764844390563678 0.70484352717176069 4.5172365467296904 14.342357929330316 9.9848765624919942 8.1565451349597407 0.52877300803083804 3.1856660940684378 1.681362120783888 0.1436549643985926 0.18090228608343739 0.34742980729788531 0.072046340326778591
leaf_count=10 19 16 13 116 606 1104 479 18 994 202 18 27 12 23
internal_value=0 0.00519038 0.0530588 0.00279792 0.000572279 -0.00714261 0.0153209 0.010134 -0.0250712 0.039261 -0.030382 -0.0331672 0.0439304 0.00923596
internal_weight=0 41.0092 1.85126 39.1579 37.001 24.3272 12.6738 1.23362 4.00737 2.1569 3.58227 3.43861 2.02879 0.252949
internal_count=3657 2576 47 2529 2305 1710 595 31 1081 224 1062 1044 214 50
is_linear=0
shrinkage=0.05


Tree=328
num_leaves=15
num_cat=0
split_feature=7 3 12 0 7 1 12 12 3 10 7 12 3 7
split_gain=1.24935 1.60463 1.16454 0.896939 0.862126 0.81933 0.894735 0.653195 0.865488 2.08101 0.573205 0.385088 0.381392 0.28801
threshold=2.2386060953140263 -0.07793939113616942 -0.075990945100784288 0.28338000178337103 2.9593267440795903 0.36504799127578741 0.034194737672805793 0.039928257465362556 -0.023524930700659748 2.4031887054443364 4.6716187000274667 0.01046043634414673 0.061412833631038673 3.5077719688415532
decision_type=2 2 2 2 2 2 2 2 2 2 2 2 2 2
left_child=1 11 4 5 -2 -3 -7 10 9 -9 12 -1 -4 -10
right_child=2 3 7 -5 -6 6 -8 8 13 -11 -12 -13 -14 -15
leaf_value=-0.00042123769735673565 -0.055709851972910389 0.056237434924104018 0.016577350626540862 -0.034369363444104545 0.00064435415738483496 0.0041167792305195983 0.024829847601842207 -0.017866995378486076 0.017511389999437767 -0.1551340113404531 -0.033103019556226403 -0.046167550706033761 -0.017791477344031578 -0.029157012701582937
leaf_weight=0.62913750222651232 2.1347755545284595 0.848583494371275 4.7971926537575182 1.0650876228464756 0.97140341199701641 22.688153171737216 6.6913946348358868 1.5068424087367023 1.1885308419005012 0.24810798268299539 0.74512724764645089 1.6304662412148898 0.88105971843469877 0.34735088609158982
leaf_count=124 57 20 258 712 213 770 336 126 100 29 480 116 99 217
internal_value=0 0.00581072 -0.0124802 0.00878361 -0.0386156 0.0104124 0.00890255 -0.00381493 -0.0215853 -0.0445903 0.00548055 -0.0339881 0.0110289 0.00581983
internal_weight=0 33.5528 12.8204 31.2932 3.10618 30.2281 29.3795 9.71421 3.29083 1.75495 6.42338 2.2596 5.67825 1.53588
internal_count=3657 2078 1579 1838 270 1126 1106 1309 472 155 837 240 357 317
is_linear=0
shrinkage=0.05


Tree=329
num_leaves=3
num_cat=0
split_feature=7 10
split_gain=4.93668 0.00899845
threshold=5.3550145626068124 4.3984756469726571
decision_type=2 2
left_child=-1 -2
right_child=1 -3
leaf_value=-0.036947415270579757 0.03663552340730241 0.0037749318157589275
leaf_weight=5.558944325952325 3.7247367976233368 0.045425979187711962
leaf_count=2731 910 16
internal_value=0 0.0363474
internal_weight=0 3.77016
internal_count=3657 926
is_linear=0
shrinkage=0.05


Tree=330
num_leaves=3
num_cat=0
split_feature=0 0
split_gain=4.71639 0.112053
threshold=0.54847639799118053 0.28338000178337103
decision_type=2 2
left_child=1 -1
right_child=-2 -3
leaf_value=-0.036935207244853691 0.03660556683150934 -0.0071259389041354211
leaf_weight=5.4881524353986606 3.6222135322168469 0.39135954435914744
leaf_count=2725 917 15
internal_value=0 -0.0351034
internal_weight=0 5.87951
internal_count=3657 2740
is_linear=0
shrinkage=0.05


Tree=331
num_leaves=13
num_cat=0
split_feature=5 4 4 3 5 8 3 6 3 3 5 10
split_gain=1.29106 1.18398 1.84696 2.10994 1.60094 2.68142 2.20585 0.662626 0.350287 0.200178 0.150676 0.0390505
threshold=1.82738733291626 0.043104073032736785 0.039951298385858543 0.0050159422680735597 1.5343727469444277 0.067169189453125014 0.013889674562960865 0.035247217863798148 -0.11046824231743811 0.075256917625665679 1.7830509543418886 1.4011839032173159
decision_type=2 2 2 2 2 2 2 2 2 2 2 2
left_child=1 2 4 -4 6 -6 -1 -5 -3 10 -10 -11
right_child=-2 8 3 7 5 -7 -8 -9 9 11 -12 -13
leaf_value=-0.013272755693716996 0.036784978010147219 0.015386969012421512 0.11747397483597127 0.036886651437359023 0.0026285316910509655 -0.035971711418850742 0.030397531363995228 -0.03356855535648734 -0.036468518508706513 -0.011636556308510836 0.017232287277800046 0.020347543529615826
leaf_weight=4.4214043330866835 2.4768705696333191 0.39378776121884618 0.63366795447654922 0.72242047754116334 17.601940299384299 5.938486340106464 8.0114871282130462 0.46572746825404465 3.0383296225918457 0.070453790598548838 0.080694195814430603 0.15991867601405829
leaf_count=116 372 11 13 14 821 769 479 14 1001 24 4 19
internal_value=0 0.000311548 0.00299262 0.0507502 0.000440024 -0.00722003 0.0148854 0.00880775 -0.0261328 -0.0313189 -0.034587 0.0100045
internal_weight=0 41.5383 37.7951 1.82182 35.9733 23.5404 12.4329 1.18815 3.74318 3.3494 3.11902 0.230372
internal_count=3657 3285 2226 41 2185 1590 595 28 1059 1048 1005 43
is_linear=0
shrinkage=0.05


Tree=332
num_leaves=15
num_cat=0
split_feature=7 3 8 5 7 0 5 3 10 10 6 5 5 5
split_gain=1.15001 1.50596 1.04171 1.25796 1.22938 1.14475 0.780812 0.759438 0.684263 2.77886 0.88344 0.553349 0.455221 0.446578
threshold=2.2386060953140263 -0.07793939113616942 4.2553253173828134 1.6186023950576784 0.53759410977363598 0.20336492359638217 1.6871035695075991 -0.042970731854438775 2.7567716836929326 2.7077127695083623 0.054884416982531554 1.7830509543418886 1.5351874232292178 1.6919204592704775
decision_type=2 2 2 2 2 2 2 2 2 2 2 2 2 2
left_child=1 13 4 7 6 -6 -3 -4 9 10 12 -12 -2 -1
right_child=8 2 3 -5 5 -7 -8 -9 -10 -11 11 -13 -14 -15
leaf_value=-0.005118141471992254 -0.039892891367947658 0.0052668512351275246 0.031805416029026166 0.032903465821830818 0.019457123017689103 -0.010995182572827705 -0.048379446188663251 -0.045635842829709561 0.013367068271006239 -0.16688607921967247 0.016788921865705721 -0.036307423405445259 -0.012902339538921326 -0.050912875187746613
leaf_weight=0.89294334466103409 2.4554987779119948 1.3779240492731397 0.29567145404871631 0.82644520956091572 21.329537641198844 3.5387621802510685 1.2030969772022215 2.160491324029862 2.105973402154631 0.20263625186635259 2.8424265872454275 0.49217992881312955 4.4281187998712994 1.3143477208213878
leaf_count=31 668 120 3 43 722 673 39 238 279 13 180 24 415 209
internal_value=0 0.00558448 0.00848463 -0.0177649 0.0116768 0.0150971 -0.0206112 -0.0354339 -0.0121557 -0.0173917 -0.0128384 0.0081231 -0.0229637 -0.0334117
internal_weight=0 32.9392 30.7319 3.28261 27.4493 24.8683 2.58102 2.45616 12.5268 10.4209 10.2182 3.33461 6.88362 2.20729
internal_count=3657 2078 1838 284 1554 1395 159 241 1579 1300 1287 204 1083 240
is_linear=0
shrinkage=0.05


Tree=333
num_leaves=2
num_cat=0
split_feature=4
split_gain=4.66249
threshold=0.20276797935366633
decision_type=2
left_child=-1
right_child=-2
leaf_value=-0.036908968637337329 0.036568774679255615
leaf_weight=5.2824910031631589 3.5078240858856589
leaf_count=2740 917
internal_value=0
internal_weight=0
internal_count=3657
is_linear=0
shrinkage=0.05


Tree=334
num_leaves=3
num_cat=0
split_feature=1 0
split_gain=4.65884 0.0953934
threshold=33.872245788574226 0.28338000178337103
decision_type=2 2
left_child=-1 -2
right_child=1 -3
leaf_value=-0.036999331972604507 -0.013008910613903158 0.036617965231496623
leaf_weight=5.3813803104567342 0.052966567687690591 3.5595704677980393
leaf_count=2708 22 927
internal_value=0 0.0355595
internal_weight=0 3.61254
internal_count=3657 949
is_linear=0
shrinkage=0.05


Tree=335
num_leaves=13
num_cat=0
split_feature=5 4 4 3 5 8 8 6 3 3 5 10
split_gain=1.22046 1.1133 1.6583 1.80166 1.47587 2.54396 2.19111 0.612235 0.31746 0.190401 0.14748 0.0404273
threshold=1.82738733291626 0.043104073032736785 0.039951298385858543 0.0050159422680735597 1.5343727469444277 0.067169189453125014 0.067169189453125014 0.035247217863798148 -0.11046824231743811 0.07239913567900659 1.7830509543418886 1.4011839032173159
decision_type=2 2 2 2 2 2 2 2 2 2 2 2
left_child=1 2 4 -4 6 -6 -1 -5 -3 10 -10 -11
right_child=-2 8 3 7 5 -7 -8 -9 9 11 -12 -13
leaf_value=-0.023392835019634985 0.036699470086650393 0.013882696873776383 0.10792010722890602 0.035170295228317071 0.0025717543181585575 -0.035715964071251244 0.026049488724330067 -0.033181046917028133 -0.036392062185131656 -0.012248975838097989 0.017073432452514452 0.01982913957175856
leaf_weight=2.8456272083567447 2.3550978826824567 0.38900394784286652 0.66275768738705565 0.71965973882470258 17.502949454472404 5.6630894159898153 9.415501418290658 0.44959476101212204 2.8618496437557042 0.074213132262229808 0.079386004712432512 0.16015578957740217
leaf_count=112 372 11 13 14 821 769 483 14 994 29 4 21
internal_value=0 0.000400753 0.00297951 0.0480889 0.000518013 -0.00690121 0.0144782 0.0083447 -0.0258995 -0.0310478 -0.034435 0.00904609
internal_weight=0 40.8238 37.2592 1.83201 35.4272 23.166 12.2611 1.16925 3.56461 3.1756 2.94124 0.234369
internal_count=3657 3285 2226 41 2185 1590 595 28 1059 1048 998 50
is_linear=0
shrinkage=0.05


Tree=336
num_leaves=15
num_cat=0
split_feature=1 5 8 13 8 13 13 0 0 5 8 3 3 6
split_gain=1.06824 0.950055 1.00814 1.9683 1.38064 1.14408 0.99769 0.99111 1.40502 0.670301 0.455461 0.360385 0.242708 0.241725
threshold=0.25374421477317816 1.4415782094001772 -5.1706542968749991 0.97851175069808971 -5.2815017700195304 0.98316076397895824 0.97501870989799511 0.20336492359638217 0.13106245547533038 1.5351874232292178 2.4148406982421879 -0.033546058461070054 -0.022362712770700451 0.035933723673224456
decision_type=2 2 2 2 2 2 2 2 2 2 2 2 2 2
left_child=-1 6 3 4 -3 -5 10 8 -4 -9 13 -8 -13 -2
right_child=1 2 7 5 -6 -7 11 9 -10 -11 -12 12 -14 -15
leaf_value=0.063702714969253005 -0.023144853026458068 -0.032899353855564716 0.00035300986224741149 0.026334454782031325 -0.14044205551398656 -0.044845419654838944 0.0090519515071629374 -0.04891468149747754 0.025955347248469398 -0.0054405099852651356 -0.031144885474619983 -0.089068927800995096 -0.039316754596640427 0.033060533542352062
leaf_weight=0.5170600944547904 0.15930164360906818 2.8621297817444433 21.705599719192836 2.3627440941636455 0.25373029464390029 0.63581552144023579 0.26890669635031406 1.2232926324941207 7.0166908602113827 2.7779143042862415 0.45553828752599645 0.29972673929296467 2.0877090470748954 0.943812818499282
leaf_count=15 90 242 1283 114 6 31 48 105 304 855 185 16 341 12
internal_value=0 -0.00255644 -8.33553e-05 -0.0185494 -0.0457516 0.0102813 -0.024814 0.00341304 0.00667587 -0.0196005 0.00675568 -0.042911 -0.0488925 0.0236948
internal_weight=0 43.0529 38.8379 6.11442 3.11586 2.99856 4.215 32.7235 28.7223 4.00121 1.55865 2.65634 2.38744 1.10311
internal_count=3647 3632 2940 393 248 145 692 2547 1587 960 287 405 357 102
is_linear=0
shrinkage=0.05


Tree=337
num_leaves=2
num_cat=0
split_feature=4
split_gain=4.40359
threshold=0.20276797935366633
decision_type=2
left_child=-1
right_child=-2
leaf_value=-0.036852378254069937 0.036515344161454757
leaf_weight=4.9247999472427182 3.3516463288106024
leaf_count=2711 936
internal_value=0
internal_weight=0
internal_count=3647
is_linear=0
shrinkage=0.05


Tree=338
num_leaves=3
num_cat=0
split_feature=1 0
split_gain=4.30304 0.111675
threshold=33.872245788574226 0.28338000178337103
decision_type=2 2
left_child=-1 -2
right_child=1 -3
leaf_value=-0.036882011166370722 -0.014335950423878663 0.03654968049677601
leaf_weight=4.933622038399335 0.061713249655440783 3.3504692506976426
leaf_count=2706 27 914
internal_value=0 0.0352474
internal_weight=0 3.41218
internal_count=3647 941
is_linear=0
shrinkage=0.05


Tree=339
num_leaves=9
num_cat=0
split_feature=1 1 4 13 8 1 6 8
split_gain=1.16976 1.15145 1.0248 0.896119 0.640928 0.402658 0.295399 0.105634
threshold=24.453158378601078 0.25374421477317816 0.043104073032736785 0.9629405438899995 -5.1706542968749991 2.6212643384933476 0.034099992364645011 -5.7038955688476554
decision_type=2 2 2 2 2 2 2 2
left_child=1 -1 3 -3 -5 6 -4 -7
right_child=-2 2 5 4 -6 7 -8 -9
leaf_value=-0.06239131587946728 -0.03542387826709209 -0.038763958413329615 -0.023320318605666055 0.025631595436119516 0.0079544281034803228 0.0073050452688132889 0.027347982387619305 -0.032513195678566635
leaf_weight=0.50061870936769892 1.6481992317130778 0.82732926169410248 0.38923659734427873 6.1893447628244713 28.86437195609324 0.14414325216785107 0.60938696935772896 2.1767717252951115
leaf_count=15 1175 24 36 313 1342 41 9 692
internal_value=0 0.00637996 0.00741474 0.00988448 0.0111397 -0.0187892 0.00727378 -0.0298406
internal_weight=0 39.7012 39.2006 35.881 35.0537 3.31954 0.998624 2.32091
internal_count=3647 2472 2457 1679 1655 778 45 733
is_linear=0
shrinkage=0.05


Tree=340
num_leaves=15
num_cat=0
split_feature=5 12 8 6 9 8 12 5 9 8 5 3 5 6
split_gain=1.00515 1.31259 1.33183 1.55835 1.29281 1.21636 2.33295 1.57945 1.30452 1.17596 1.42763 1.92118 1.8089 0.787048
threshold=1.4923390150070193 -0.054052501916885369 2.9476013183593754 0.019161629490554336 -7.1224594116210929 -4.7429733276367179 -0.056903272867202752 1.6159114837646487 -5.1760787963867179 -4.1950836181640616 1.7078130245208742 -0.02678742632269859 1.6006698012351992 0.029048006981611255
decision_type=2 2 2 2 2 2 2 2 2 2 2 2 2 2
left_child=1 4 3 -3 -1 6 8 -8 -2 -7 12 -12 -11 -10
right_child=5 2 -4 -5 -6 9 7 -9 13 10 11 -13 -14 -15
leaf_value=0.023401030272942283 -0.045312871965524984 -0.044066492059308467 -0.037663968203094922 0.030917451660751716 -0.051617438145181493 0.046863717283058284 0.032421766327186456 -0.05559586391060628 -0.034902422026109901 -0.0036003485065556626 -0.033295232511599333 0.01225830880984545 0.03079164203605271 0.033847090969745454
leaf_weight=0.63896295800805125 0.72483322815969575 0.78704273322364171 1.5888957818388005 3.1513791403849609 3.0890716232242994 1.6906152231967997 0.53424779255874399 3.2180627650814131 0.39950010384200174 7.3634914370486566 4.5677036243723705 4.5128786538261902 7.8103722889791243 2.938774234149605
leaf_count=22 10 270 441 74 208 79 21 277 54 829 121 167 1002 72
internal_value=0 -0.0159795 -0.000386511 0.0152127 -0.0384843 0.00253653 -0.0146376 -0.0425477 0.0115405 0.00774622 0.00483838 -0.0107691 0.0141878 0.0248438
internal_weight=0 9.25535 5.52732 3.93842 3.72803 33.7605 7.81542 3.75231 4.06311 25.9451 24.2544 9.08058 15.1739 3.33827
internal_count=3647 1015 785 344 230 2632 434 298 136 2198 2119 288 1831 126
is_linear=0
shrinkage=0.05


Tree=341
num_leaves=2
num_cat=0
split_feature=4
split_gain=4.16104
threshold=0.20276797935366633
decision_type=2
left_child=-1
right_child=-2
leaf_value=-0.036812238052201823 0.03644485117095831
leaf_weight=4.6911712358123623 3.158216105774045
leaf_count=2711 936
internal_value=0
internal_weight=0
internal_count=3647
is_linear=0
shrinkage=0.05


Tree=342
num_leaves=3
num_cat=0
split_feature=1 0
split_gain=4.05923 0.105489
threshold=33.872245788574226 0.28338000178337103
decision_type=2 2
left_child=-1 -2
right_child=1 -3
leaf_value=-0.03684185676080217 -0.013889166562122624 0.036474470746610678
leaf_weight=4.7007911896216683 0.058669771882705724 3.1493228115141392
leaf_count=2706 27 914
internal_value=0 0.0351614
internal_weight=0 3.20799
internal_count=3647 941
is_linear=0
shrinkage=0.05


Tree=343
num_leaves=9
num_cat=0
split_feature=1 1 4 13 5 12 1 5
split_gain=1.07346 1.0283 0.940855 0.843851 0.906329 0.400105 0.245393 0.158742
threshold=24.453158378601078 0.25374421477317816 0.043104073032736785 0.96323886513710033 1.7898970842361452 -0.067112147808074937 2.9196276664733891 1.815183222293854
decision_type=2 2 2 2 2 2 2 2
left_child=1 -1 3 -3 -5 6 -4 -7
right_child=-2 2 5 4 -6 7 -8 -9
leaf_value=-0.059275044240234054 -0.035273026155212821 -0.036654136841257942 0.025731604159207139 0.0075024842878497477 0.031421639906103749 -0.032192726565385403 -0.023277409105215002 0.019004317788280444
leaf_weight=0.49395023740362276 1.5357058868976299 0.87226653518155117 0.6127235101303089 30.231794750550762 4.4813849364873013 2.194623696734197 0.3051731408922933 0.098646340426057466
leaf_count=15 1175 30 13 1275 374 619 131 15
internal_value=0 0.00607982 0.00706216 0.00941226 0.0106718 -0.018479 0.00875152 -0.0292884
internal_weight=0 39.2906 38.7966 35.5854 34.7132 3.21117 0.917897 2.29327
internal_count=3647 2472 2457 1679 1649 778 144 634
is_linear=0
shrinkage=0.05


Tree=344
num_leaves=15
num_cat=0
split_feature=5 12 8 6 9 8 12 5 9 8 5 12 5 5
split_gain=0.940628 1.24883 1.27824 1.4583 1.23523 1.14207 2.23209 1.526 1.24146 1.06445 1.30483 1.89558 1.73237 0.746735
threshold=1.4923390150070193 -0.054052501916885369 2.9476013183593754 0.019161629490554336 -7.1224594116210929 -4.7429733276367179 -0.056903272867202752 1.6159114837646487 -5.1760787963867179 -4.1950836181640616 1.7078130245208742 0.011858314275741579 1.6006698012351992 1.3904049396514895
decision_type=2 2 2 2 2 2 2 2 2 2 2 2 2 2
left_child=1 4 3 -3 -1 6 8 -8 -2 -7 12 -12 -11 -5
right_child=5 2 -4 13 -6 9 7 -9 -10 10 11 -13 -14 -15
leaf_value=0.02296774707092376 -0.044511426265648649 -0.042756959047179348 -0.037495414677393056 -0.030684418923675801 -0.050872806808417284 0.04529918729245086 0.032156846813551354 -0.055455934982775783 0.024626680462544223 -0.003443731565472655 0.014008124749519305 -0.031551129024390993 0.030550257611909749 0.039315331967309984
leaf_weight=0.6313420808874074 0.70919912034878541 0.77212425856850897 1.5273344371234996 0.36460399348288808 3.003066448844038 1.6500253904378031 0.52095368655864094 3.08622179023223 3.2555506780045107 7.31062675901922 4.2402167562395316 4.7388989648316056 7.551005260553211 2.7392671337584034
leaf_count=22 10 270 441 13 208 79 21 277 126 829 134 154 1002 61
internal_value=0 -0.01554 -0.00017014 0.015111 -0.0377742 0.00257852 -0.0143523 -0.0422767 0.0114687 0.00764417 0.00485973 -0.0101193 0.0139169 0.0303916
internal_weight=0 9.03774 5.40333 3.876 3.63441 33.0627 7.57193 3.60718 3.96475 25.4908 23.8407 8.97912 14.8616 3.10387
internal_count=3647 1015 785 344 230 2632 434 298 136 2198 2119 288 1831 74
is_linear=0
shrinkage=0.05


Tree=345
num_leaves=3
num_cat=0
split_feature=7 10
split_gain=3.88287 0.00495527
threshold=5.3550145626068124 4.3984756469726571
decision_type=2 2
left_child=-1 -2
right_child=1 -3
leaf_value=-0.036763643962542905 0.036313866628877006 0.003713490117154228
leaf_weight=4.4309655908145942 2.9388876589946453 0.035931624472141155
leaf_count=2702 930 15
internal_value=0 0.0360537
internal_weight=0 2.97482
internal_count=3647 945
is_linear=0
shrinkage=0.05


Tree=346
num_leaves=3
num_cat=0
split_feature=1 2
split_gain=3.84564 0.0997577
threshold=33.872245788574226 0.28338000178337103
decision_type=2 2
left_child=-1 -2
right_child=1 -3
leaf_value=-0.03679358338648666 -0.013452784039129582 0.036409754736317433
leaf_weight=4.4528554554563016 0.055804987088777458 2.9923989521339536
leaf_count=2706 27 914
internal_value=0 0.0350986
internal_weight=0 3.0482
internal_count=3647 941
is_linear=0
shrinkage=0.05


Tree=347
num_leaves=7
num_cat=0
split_feature=1 1 5 5 8 8
split_gain=0.983203 0.940423 0.846932 0.871209 0.815033 0.730422
threshold=24.453158378601078 0.25374421477317816 1.8204647898674013 1.4415782094001772 -1.0331039428710935 -5.1706542968749991
decision_type=2 2 2 2 2 2
left_child=1 -1 3 4 -3 -5
right_child=-2 2 -4 5 -6 -7
leaf_value=-0.056639296870211679 -0.035110533132169865 -0.01374870665200071 0.036539136936686416 0.018446907460730983 0.035217511072857408 -0.001727956669812662
leaf_weight=0.49547585169784625 1.4301689736894321 1.0330712092691099 2.1448804499814278 5.3268736436730242 3.7303369589499189 25.811908896721437
leaf_count=15 1175 82 367 88 502 1418
internal_value=0 0.00576954 0.00672862 0.00485112 0.0245336 0.00177134
internal_weight=0 38.5425 38.0471 35.9022 4.76341 31.1388
internal_count=3647 2472 2457 2090 584 1506
is_linear=0
shrinkage=0.05


Tree=348
num_leaves=10
num_cat=0
split_feature=5 5 1 6 8 7 4 3 3
split_gain=0.759722 0.74441 0.792513 0.714232 1.09454 0.790569 0.269207 0.0691778 0.0779782
threshold=1.4148662686347964 1.8204647898674013 24.153811454772953 0.043726865202188499 -6.1134948730468741 3.089809894561768 -0.064815785735845552 0.059201661497354514 0.060280375182628639
decision_type=2 2 2 2 2 2 2 2 2
left_child=6 2 3 4 -2 -5 -1 -4 -9
right_child=1 -3 7 5 -6 -7 -8 8 -10
leaf_value=0.01732173390419732 -0.047318083678111772 -0.035508563443570319 -0.035586055561545996 0.012228433172205698 -0.0004508752135455172 -0.033249823113773599 -0.036757588738046014 0.019352851455329383 -0.022635048797966465
leaf_weight=0.20292688068002451 1.2420503987232212 1.2957846536010027 1.3812123363022681 18.266719499020841 17.390410587191585 0.91328730992972751 1.7721816132834636 0.10184550675330672 0.14996799104847014
leaf_count=11 35 385 1031 569 988 30 548 4 95
internal_value=0 0.000379292 0.00164502 0.0031524 -0.00381099 0.00990169 -0.0306344 -0.0314261 -0.00497921
internal_weight=0 40.7413 39.4455 37.8125 18.6325 19.18 1.97511 1.63303 0.251813
internal_count=3696 3137 2752 1622 1023 599 559 1130 99
is_linear=0
shrinkage=0.05


Tree=349
num_leaves=2
num_cat=0
split_feature=4
split_gain=3.71263
threshold=0.20276797935366633
decision_type=2
left_child=-1
right_child=-2
leaf_value=-0.036735632839554826 0.036285719644061923
leaf_weight=4.2957006222277414 2.785101342247799
leaf_count=2772 924
internal_value=0
internal_weight=0
internal_count=3696
is_linear=0
shrinkage=0.05


Tree=350
num_leaves=3
num_cat=0
split_feature=1 2
split_gain=3.75166 0.07994
threshold=33.872245788574226 0.28338000178337103
decision_type=2 2
left_child=-1 -2
right_child=1 -3
leaf_value=-0.036784638267033591 -0.011705480111237268 0.036371822915420772
leaf_weight=4.3163695647672284 0.045280104503035878 2.9135656685102731
leaf_count=2733 23 940
internal_value=0 0.0352775
internal_weight=0 2.95885
internal_count=3696 963
is_linear=0
shrinkage=0.05


Tree=351
num_leaves=11
num_cat=0
split_feature=0 1 5 11 5 8 5 6 5 5
split_gain=0.939266 0.783981 0.730975 0.830172 1.78063 1.3636 0.225421 0.212786 0.0170433 0.000116806
threshold=-0.024486459791660305 33.872245788574226 1.8204647898674013 0.044638963416218765 1.6186023950576784 -1.7576446533203123 1.8204647898674013 0.050902171060442931 1.3442604541778567 1.3155669569969179
decision_type=2 2 2 2 2 2 2 2 2 2
left_child=6 2 3 5 -5 -2 7 8 9 -1
right_child=1 -3 -4 4 -6 -7 -8 -9 -10 -11
leaf_value=-0.0046111412200635291 0.01168815977799427 -0.034373353089697856 0.036291798598085408 0.031623970445697584 -0.035179710522890865 -0.010148424876955569 0.022401848764435964 0.016348369511587354 -0.03713608932450356 -0.00032678056103990641
leaf_weight=0.027288960758596548 15.220751006854696 1.0835863699321624 1.9172864567954082 5.8673231540014958 1.111305982340127 13.305623420164922 0.1419762133155017 0.15617863205261517 1.8175604607095008 0.036994722380768508
leaf_count=25 290 940 368 419 72 657 14 9 880 22
internal_value=0 0.00574134 0.0069914 0.00531168 0.0206392 0.001503 -0.0272954 -0.0316434 -0.0362503 -0.00384527
internal_weight=0 38.5059 37.4223 35.505 6.97863 28.5264 2.18 2.03802 1.88184 0.0642837
internal_count=3696 2746 1806 1438 491 947 950 936 927 47
is_linear=0
shrinkage=0.05


Tree=352
num_leaves=15
num_cat=0
split_feature=1 12 12 3 8 8 8 10 7 10 0 8 3 3
split_gain=0.657852 0.573745 1.16469 1.12708 2.27571 1.36497 0.914611 0.726479 0.315735 0.178648 0.166498 0.0721416 0.0658153 0.0722549
threshold=24.153811454772953 -0.098531961441040025 -0.085830479860305772 0.028913918882608417 -1.8948898315429685 2.0302429199218754 -8.021812438964842 1.6043178439140322 2.6213326454162602 0.88862001895904552 0.22009836882352832 -4.9936599731445304 0.059201661497354514 0.060280375182628639
decision_type=2 2 2 2 2 2 2 2 2 2 2 2 2 2
left_child=1 6 7 4 -4 -5 -1 9 10 -3 -8 -10 -2 -14
right_child=12 2 3 5 -6 -7 8 -9 11 -11 -12 -13 13 -15
leaf_value=-0.046490709828382298 -0.035513845027378831 0.022934247597805737 -0.010215488524870309 0.0070618326276417447 0.019144625165209372 -0.032482192086661553 0.03801898817015481 -0.07860848937533875 -0.028213833986514419 -0.022444549217857122 0.0068687585240694354 0.0075334405676963081 0.018791699390077469 -0.022166162402449664
leaf_weight=0.3893730097333904 1.3619515623431642 0.20208470954093971 12.303010666946644 3.8301345433574152 14.021927965106446 4.8813659645966254 2.4321942913229577 0.65910347196040675 0.19754393951734528 0.74869152245810255 0.57697634957730759 0.20543395314598445 0.097267634409945347 0.14256213983753696
leaf_count=28 1107 16 662 202 922 463 66 14 22 33 9 52 4 96
internal_value=0 0.000243869 -0.00169236 0.000273348 0.00543639 -0.0152133 0.0184739 -0.0419868 0.0269999 -0.0115347 0.0324593 -0.0121156 -0.0314901 -0.00491328
internal_weight=0 40.4478 36.6463 35.0364 26.3249 8.7115 3.80152 1.60988 3.41215 0.950776 3.00917 0.402978 1.60178 0.23983
internal_count=3696 2489 2312 2249 1584 665 177 63 149 49 75 74 1207 100
is_linear=0
shrinkage=0.05


Tree=353
num_leaves=2
num_cat=0
split_feature=4
split_gain=3.49783
threshold=0.20276797935366633
decision_type=2
left_child=-1
right_child=-2
leaf_value=-0.036688762431657578 0.036200172192386727
leaf_weight=4.0826401672675274 2.6172341126948595
leaf_count=2772 924
internal_value=0
internal_weight=0
internal_count=3696
is_linear=0
shrinkage=0.05


Tree=354
num_leaves=3
num_cat=0
split_feature=0 0
split_gain=3.37644 0.100593
threshold=0.54847639799118053 0.28338000178337103
decision_type=2 2
left_child=1 -1
right_child=-2 -3
leaf_value=-0.036675893422257133 0.036196327292593339 -0.0012929162613069701
leaf_weight=4.0332576219225302 2.6095836227759719 0.21896604634821404
leaf_count=2754 932 10
internal_value=0 -0.0349254
internal_weight=0 4.25222
internal_count=3696 2764
is_linear=0
shrinkage=0.05


Tree=355
num_leaves=12
num_cat=0
split_feature=0 1 5 3 8 8 5 4 5 8 8
split_gain=0.881765 0.719685 0.685957 0.773874 1.68951 1.26774 0.211043 0.191568 0.0157918 0.00644819 0.00525608
threshold=-0.024486459791660305 33.872245788574226 1.8204647898674013 0.044638963416218765 0.29211425781250006 -1.7576446533203123 1.8204647898674013 -0.012433104682713745 1.3442604541778567 3.4811706542968754 6.8807601928710946
decision_type=2 2 2 2 2 2 2 2 2 2 2
left_child=6 2 3 5 -5 -2 7 -1 9 -9 -10
right_child=1 -3 -4 4 -6 -7 -8 8 10 -11 -12
leaf_value=0.017230519155707027 0.011300622888612912 -0.034159847005270298 0.036120764901575543 -0.032647130800522943 0.031355854359329999 -0.0098287297108859799 0.021856488699472525 -0.010028816596184794 -0.037009808444378713 0.006089765251662993 -0.0033566390577097248
leaf_weight=0.1291464772075418 15.156722829095086 1.0098671842715692 1.7878849385306228 1.1696850052103389 5.6743599883047864 13.17840152711142 0.13420370360836376 0.03647122671827574 1.7126532713882623 0.02545414719497785 0.032828764058649429
leaf_count=4 290 940 368 49 442 657 14 39 871 8 14
internal_value=0 0.00556211 0.00673647 0.00514494 0.0201048 0.00147355 -0.0272114 -0.031518 -0.035722 -0.00373418 -0.036593
internal_weight=0 37.9769 36.9671 35.1792 6.84404 28.3351 2.07076 1.93655 1.80741 0.0619254 1.74548
internal_count=3696 2746 1806 1438 491 947 950 936 932 47 885
is_linear=0
shrinkage=0.05


Tree=356
num_leaves=10
num_cat=0
split_feature=5 5 1 12 12 2 4 3 3
split_gain=0.704229 0.66506 0.681274 0.711862 1.21059 1.02187 0.265175 0.0632748 0.0678689
threshold=1.4148662686347964 1.8204647898674013 24.153811454772953 -0.098531961441040025 -0.085830479860305772 -0.017362950369715687 -0.064815785735845552 0.059201661497354514 0.060280375182628639
decision_type=2 2 2 2 2 2 2 2 2
left_child=6 2 3 5 -5 -2 -1 -4 -9
right_child=1 -3 7 4 -6 -7 -8 8 -10
leaf_value=0.017345876991792863 -0.04332009215482293 -0.035174601428229098 -0.035228008368865055 -0.040859305200894536 0.0029590075246958628 0.035103835886077593 -0.036615150096699058 0.018465986274788255 -0.021651003357093468
leaf_weight=0.20155136939138163 0.39467605564277652 1.1648026098555408 1.2083870448986989 1.5576401751022775 32.018746603745967 2.9208225291222325 1.6604856642952643 0.094596674549393245 0.1347723423386924
leaf_count=11 57 385 1031 40 1467 58 548 4 95
internal_value=0 0.000501388 0.00167426 0.0030256 0.000810942 0.0247733 -0.0301879 -0.0309422 -0.0045227
internal_weight=0 39.4944 38.3296 36.8919 33.5764 3.3155 1.86204 1.43776 0.229369
internal_count=3696 3137 2752 1622 1507 115 559 1130 99
is_linear=0
shrinkage=0.05


Tree=357
num_leaves=2
num_cat=0
split_feature=4
split_gain=3.30215
threshold=0.20276797935366633
decision_type=2
left_child=-1
right_child=-2
leaf_value=-0.036638737130937321 0.036116504636201245
leaf_weight=3.8749369732104242 2.469975461717695
leaf_count=2772 924
internal_value=0
internal_weight=0
internal_count=3696
is_linear=0
shrinkage=0.05


Tree=358
num_leaves=3
num_cat=0
split_feature=0 0
split_gain=3.15999 0.096264
threshold=0.54847639799118053 0.28338000178337103
decision_type=2 2
left_child=1 -1
right_child=-2 -3
leaf_value=-0.036625206109331558 0.036093400637593406 -0.0015141728556004287
leaf_weight=3.8272667513811029 2.4317003504838794 0.21471569733694185
leaf_count=2754 932 10
internal_value=0 -0.0348416
internal_weight=0 4.04198
internal_count=3696 2764
is_linear=0
shrinkage=0.05


Tree=359
num_leaves=13
num_cat=0
split_feature=5 0 5 0 5 8 4 4 5 13 8 8
split_gain=0.826967 0.908249 0.768016 0.79992 1.89685 1.43652 0.251365 0.179848 0.0150821 0.0127322 0.00597783 0.00506245
threshold=1.8204647898674013 -0.024486459791660305 1.4148662686347964 0.13220129907131198 1.5460148453712466 -2.0172348022460933 -0.064815785735845552 -0.012433104682713745 1.3442604541778567 0.98570367693901073 3.4811706542968754 6.8807601928710946
decision_type=2 2 2 2 2 2 2 2 2 2 2 2
left_child=1 7 6 5 -5 -4 -3 -1 10 -2 -9 -10
right_child=9 2 3 4 -6 -7 -8 8 11 -11 -12 -13
leaf_value=0.016569911588959839 0.036129921848402378 -0.014860842161805776 0.023408708128470415 0.021935240208678528 -0.020870511352479158 -0.0029892142626937986 0.03672822046159601 -0.0096934120367432736 -0.036848004310179178 0.0028816866937652983 0.0058984576463601886 -0.0032334783882266281
leaf_weight=0.12469194270670425 1.7978236568160344 0.21135019301436875 8.5724803867051396 3.5815401418367392 8.655269541544838 12.653517901431767 2.0383225681725881 0.034828190517144919 1.6209656302235087 0.047661349643021711 0.02452189102768898 0.031641333014704176
leaf_count=4 372 11 156 183 1141 512 372 39 871 13 8 14
internal_value=0 0.0020223 0.00382065 0.00187461 -0.00826563 0.00773181 0.0314554 -0.0313372 -0.0355485 0.0354635 -0.00359246 -0.0364256
internal_weight=0 37.5491 35.7125 33.4628 12.2368 21.226 2.24967 1.83665 1.71196 1.84549 0.0593501 1.65261
internal_count=3696 3311 2375 1992 1324 668 383 936 932 385 47 885
is_linear=0
shrinkage=0.05


Tree=360
num_leaves=15
num_cat=0
split_feature=8 7 8 4 5 9 12 7 7 7 3 8 8 8
split_gain=0.853749 0.754922 0.877519 1.82265 1.13838 0.944635 0.844328 0.944543 0.803397 2.25511 1.13394 0.679928 0.776798 0.577348
threshold=-6.3157806396484366 2.2565898895263676 3.4811706542968754 0.0012446943437680604 1.5553418397903445 -2.2165908813476558 -0.075990945100784288 2.9593267440795903 0.88204282522201549 0.86320757865905773 -0.041941968724131577 -0.59252929687499989 1.315574645996094 -2.7237548828124996
decision_type=2 2 2 2 2 2 2 2 2 2 2 2 2 2
left_child=-1 2 8 4 -4 -5 7 -3 9 -2 -10 13 -13 -8
right_child=1 6 3 5 -6 -7 11 -9 10 -11 -12 12 -14 -15
leaf_value=-0.028454343166730553 0.0033962558343022982 -0.054959440805785811 -0.02677745712233541 -0.10341086472591542 0.035009121260065869 -0.019999756341902639 -0.01188127175302958 0.0080191052740302537 -0.012988630157967819 -0.091704423518016678 0.019997794524157609 -0.051587070313213079 -0.0034901318709305625 0.02990901114879866
leaf_weight=2.7382763527566558 5.5968059926817721 1.7921758802840488 1.277349905110895 0.60997938853688538 1.5308355461456811 0.76671778777381383 1.2783178511599547 0.835054286639206 3.1371678238210796 0.60065265762386832 13.71836365165654 1.0304942614748123 3.3258145979780238 2.0325957703753375
leaf_count=292 392 46 143 34 88 100 152 193 248 13 868 224 587 258
internal_value=0 -1.37821e-05 0.00434722 -0.0164629 0.0069501 -0.0614572 -0.0114833 -0.0353819 0.00817973 -0.00713068 0.0138179 -0.00294414 -0.0157699 0.0138988
internal_weight=0 37.5323 27.2379 4.18488 2.80819 1.3767 10.2945 2.62723 23.053 6.19746 16.8555 7.66722 4.35631 3.31091
internal_count=3638 3346 1886 365 231 134 1460 239 1521 405 1116 1221 811 410
is_linear=0
shrinkage=0.05


Tree=361
num_leaves=2
num_cat=0
split_feature=4
split_gain=3.04944
threshold=0.20276797935366633
decision_type=2
left_child=-1
right_child=-2
leaf_value=-0.036581953034513025 0.035981082373455597
leaf_weight=3.6568692575383466 2.2595291173784062
leaf_count=2736 902
internal_value=0
internal_weight=0
internal_count=3638
is_linear=0
shrinkage=0.05


Tree=362
num_leaves=3
num_cat=0
split_feature=0 0
split_gain=2.91474 0.0673092
threshold=0.54847639799118053 0.28338000178337103
decision_type=2 2
left_child=1 -1
right_child=-2 -3
leaf_value=-0.036563266941055571 0.035944782734661521 -0.0082130330814674992
leaf_weight=3.5978816665010531 2.2077261239755899 0.29318787157535542
leaf_count=2722 902 14
internal_value=0 -0.0346864
internal_weight=0 3.89107
internal_count=3638 2736
is_linear=0
shrinkage=0.05


Tree=363
num_leaves=15
num_cat=0
split_feature=0 0 5 5 6 4 12 5 5 3 7 5 4 5
split_gain=0.804838 0.912641 0.861705 1.13765 1.15934 1.12616 0.663252 0.560955 2.00994 1.55412 0.54813 0.35726 0.17265 0.121182
threshold=0.13488920032978061 -0.027481148950755593 1.7995837926864626 1.4598696827888491 0.060667989775538451 -0.024434403516352173 -0.11869218945503233 1.6848669052124026 1.6871035695075991 0.033548738807439811 3.0640741586685185 1.6255262494087221 0.0095269298180937784 1.8204647898674013
decision_type=2 2 2 2 2 2 2 2 2 2 2 2 2 2
left_child=1 12 3 10 5 -5 11 9 -9 -8 -2 -3 -1 -14
right_child=2 6 -4 4 -6 -7 7 8 -10 -11 -12 -13 13 -15
leaf_value=0.01595074941132962 0.039462509289308528 0.020912937855584599 0.03165734345328336 0.022233205862834639 -0.03872727401613258 -0.023932518611451795 -0.006627343250738724 0.10856450122096922 0.016890233278184123 0.028533964865855195 -0.018390493751858285 -0.035878503896494843 -0.035392049119406514 0.015766844318124626
leaf_weight=0.15436146710999565 1.3818008074304078 0.29952184087597078 1.2694298162823532 2.3889105996931881 3.7420313584152609 2.7162611850653779 8.0271825649542752 0.54238885222002764 9.9835877392906678 5.034572613425552 0.49747969768941391 0.96862518787384033 1.3169227275648152 0.070517337531782576
leaf_count=15 118 12 150 142 442 639 415 6 402 330 42 24 894 7
internal_value=0 0.00978634 -0.00578832 -0.0104713 -0.0179783 -0.00231765 0.0121301 0.0140454 0.0225913 0.00703919 0.0239924 -0.0219169 -0.0264356 -0.0319067
internal_weight=0 26.3977 11.9959 10.7265 8.8472 5.10517 24.8559 23.5877 10.526 13.0618 1.87928 1.26815 1.5418 1.38744
internal_count=3638 2105 1533 1383 1223 781 1189 1153 408 745 160 36 916 901
is_linear=0
shrinkage=0.05


Tree=364
num_leaves=15
num_cat=0
split_feature=8 6 10 10 10 10 9 3 3 10 10 5 10 13
split_gain=0.813495 0.660205 0.829463 0.851262 0.81576 1.40379 0.904165 0.626345 0.622445 0.603331 0.551889 0.710597 0.484325 0.354824
threshold=-6.3157806396484366 0.028005694970488552 1.2416681051254275 1.4445987939834597 2.5972163677215581 2.7567716836929326 0.74185180664062511 -0.0017541153356432913 0.10384268313646318 0.73742204904556286 0.4072211235761643 1.7515664696693423 1.4156004786491396 0.97851175069808971
decision_type=2 2 2 2 2 2 2 2 2 2 2 2 2 2
left_child=13 2 10 12 8 6 -6 -5 9 -3 -2 -12 -4 -1
right_child=1 4 3 7 5 -7 -8 -9 -10 -11 11 -13 -14 -15
leaf_value=-0.043840563157674692 -0.018661424339428936 -0.0025846369692078598 -0.018928450866487593 -0.036209979445681474 -0.024387618204350245 0.0064909647565876433 -0.12731600993613162 0.009945016814621465 -0.038076711891623309 0.014008536754565905 0.022782974380586716 -0.027067859469974503 -0.095535462816423486 -0.0071419250425239613
leaf_weight=1.4590221908874803 2.2846283297403698 8.3703980029386091 0.39338104505441185 1.4325461560219999 0.57577658927766551 1.5332297282875513 0.30929978645872325 1.3470729821419802 0.65060358861228351 15.605628394929225 3.0664757239283067 0.83232755420613092 0.53991497971583158 1.2199683929793534
leaf_count=196 235 610 82 203 26 140 5 311 98 1045 555 25 11 96
internal_value=0 6.42241e-05 -0.0109211 -0.0292626 0.00410941 -0.0230273 -0.0696301 -0.0142735 0.00685655 0.00822893 0.000382763 0.0117299 -0.0682026 -0.027987
internal_weight=0 36.9413 9.89635 3.71292 27.0449 2.41831 0.885076 2.77962 24.6266 23.976 6.18343 3.8988 0.933296 2.67899
internal_count=3638 3346 1422 607 1924 171 31 514 1753 1655 815 580 93 292
is_linear=0
shrinkage=0.05


Tree=365
num_leaves=2
num_cat=0
split_feature=4
split_gain=2.87799
threshold=0.20276797935366633
decision_type=2
left_child=-1
right_child=-2
leaf_value=-0.03652901516476588 0.035884284793710274
leaf_weight=3.4776308357540984 2.1296499168965966
leaf_count=2736 902
internal_value=0
internal_weight=0
internal_count=3638
is_linear=0
shrinkage=0.05


Tree=366
num_leaves=3
num_cat=0
split_feature=1 0
split_gain=2.92788 0.0553366
threshold=33.872245788574226 0.28338000178337103
decision_type=2 2
left_child=-1 -2
right_child=1 -3
leaf_value=-0.036626871667389101 -0.0091937106072070771 0.035975338701426988
leaf_weight=3.5711202120292 0.032430793857202267 2.2098584201885387
leaf_count=2705 22 911
internal_value=0 0.0349574
internal_weight=0 2.24229
internal_count=3638 933
is_linear=0
shrinkage=0.05


Tree=367
num_leaves=15
num_cat=0
split_feature=1 5 3 3 5 12 8 3 8 8 5 7 5 5
split_gain=0.959934 0.853544 0.928929 0.577117 0.634112 0.547709 0.871503 1.68127 1.53566 1.38511 1.48104 1.26848 0.489462 0.456446
threshold=12.953468799591066 1.7995837926864626 0.081269212067127242 -0.046915922313928597 1.4773995876312258 -0.11869218945503233 -2.0172348022460933 0.034036988392472274 2.0302429199218754 -2.1709136962890621 1.6848669052124026 2.5370558500289921 1.7483461499214175 1.4800353050231936
decision_type=2 2 2 2 2 2 2 2 2 2 2 2 2 2
left_child=5 2 3 12 -5 13 9 11 -9 10 -7 -8 -2 -1
right_child=1 -3 -4 4 -6 6 7 8 -10 -11 -12 -13 -14 -15
leaf_value=0.031118393389786215 -0.014760022711954705 0.030790878616001455 0.036357652741085766 -0.0033194392470925747 -0.035964812030315638 -0.01332876818614105 -0.017494165724307686 -0.012988440343115207 0.040352980324478316 0.12404290783724686 0.03113530235160604 0.023426121491131879 0.037823687879551378 -0.035126927718571399
leaf_weight=0.25170159171102824 0.95751827926141764 1.1338041546987359 0.75584349629934955 2.2641314432257786 4.3626673779799603 2.4953128076740523 8.0844999540131557 1.8711755013791833 4.3920667421189137 0.23149361007381486 6.87340486375615 2.3705558209330766 0.6671328607480973 1.051871749514248
leaf_count=13 236 123 103 372 1219 147 379 96 342 12 334 211 15 36
internal_value=0 -0.00838127 -0.0135961 -0.0185524 -0.0250263 0.00954074 0.0111288 0.00418356 0.0244633 0.0230558 0.0192768 -0.00808195 0.00777363 -0.0210301
internal_weight=0 10.1411 9.00729 8.25145 6.6268 27.6221 26.3185 16.7183 6.26324 9.60021 9.36872 10.4551 1.62465 1.30357
internal_count=3638 2068 1945 1842 1591 1570 1521 1028 438 493 481 590 251 49
is_linear=0
shrinkage=0.05


Tree=368
num_leaves=15
num_cat=0
split_feature=8 7 8 4 5 9 4 3 4 10 5 5 13 13
split_gain=0.757104 0.646767 0.766911 1.53549 1.06663 0.793471 0.751625 0.828053 0.587704 0.767628 0.759625 0.859631 0.343259 0.399279
threshold=-6.3157806396484366 2.2565898895263676 3.4811706542968754 0.0012446943437680604 1.5553418397903445 -2.2165908813476558 0.028367755934596065 -0.044233769178390496 -0.019922864623367783 1.5105604529380801 1.4874824881553652 1.6798898577690127 0.97851175069808971 0.98281726241111766
decision_type=2 2 2 2 2 2 2 2 2 2 2 2 2 2
left_child=12 2 6 4 -4 -5 7 -2 9 -3 -10 -12 -1 -14
right_child=1 8 3 5 -6 -7 -8 -9 10 -11 11 -13 13 -15
leaf_value=-0.043358272751322702 -0.019267789782997258 -0.028132028141709998 -0.026273668863983336 -0.093449925005129178 0.034827303045816251 -0.017743037991551084 0.033330532134713285 0.0088350864645305258 -0.045416035247391552 0.025550056177934627 0.010355402079716074 -0.02939565406947571 0.015022734014889913 -0.039627067124705651
leaf_weight=1.4006395382457406 3.0052369589975632 0.89272762462496791 1.2271448625542682 0.63573613271000795 1.452484438428655 0.76459336254629284 2.4592535669798954 16.820406800834466 1.8129934067546836 1.9443345848412716 2.8138520062784664 2.4660117750463542 0.75671448110369943 0.45199053813121282
leaf_count=196 275 52 143 34 88 100 187 1059 546 181 610 71 72 24
internal_value=0 6.14849e-05 0.00415904 -0.0155253 0.00690735 -0.056051 0.00781614 0.00449984 -0.0107509 0.00827542 -0.0183705 -0.00841201 -0.0273382 -0.00687976
internal_weight=0 36.2948 26.3649 4.07996 2.67963 1.40033 22.2849 19.8256 9.92992 2.83706 7.09286 5.27986 2.60934 1.20871
internal_count=3638 3346 1886 365 231 134 1521 1334 1460 233 1227 681 292 96
is_linear=0
shrinkage=0.05


Tree=369
num_leaves=2
num_cat=0
split_feature=4
split_gain=2.73792
threshold=0.20276797935366633
decision_type=2
left_child=-1
right_child=-2
leaf_value=-0.036472183063429024 0.035806158958597234
leaf_weight=3.3031204052676912 2.0342849392909557
leaf_count=2736 902
internal_value=0
internal_weight=0
internal_count=3638
is_linear=0
shrinkage=0.05


Tree=370
num_leaves=3
num_cat=0
split_feature=1 7
split_gain=2.77726 0.0526038
threshold=33.872245788574226 29.632671356201175
decision_type=2 2
left_child=-1 -2
right_child=1 -3
leaf_value=-0.036568012874966312 0.035890134909367211 -0.008884924444735879
leaf_weight=3.3925419621227775 2.1016702437773351 0.031005864730104693
leaf_count=2705 911 22
internal_value=0 0.0348704
internal_weight=0 2.13268
internal_count=3638 933
is_linear=0
shrinkage=0.05


Tree=371
num_leaves=15
num_cat=0
split_feature=1 5 6 0 0 12 0 3 3 0 7 3 5 5
split_gain=0.881517 0.795788 0.83547 0.862194 0.765918 0.516159 0.45761 1.23905 1.973 1.15332 1.00601 0.909691 0.427728 0.400516
threshold=12.953468799591066 1.7995837926864626 0.065237961709499373 0.17672900855541232 0.21384600549936297 -0.11869218945503233 0.067268475890159621 -0.041941968724131577 -0.044879142194986336 0.069001838564872756 0.55725353956222545 0.018172502517700199 1.4800353050231936 1.3904049396514895
decision_type=2 2 2 2 2 2 2 2 2 2 2 2 2 2
left_child=5 2 3 -2 -5 12 7 8 -7 -8 -9 -11 -1 -4
right_child=1 -3 13 4 -6 6 9 10 -10 11 -12 -13 -14 -15
leaf_value=0.030419506002888608 -0.0286055237319384 0.030305403269657041 0.025907840219955042 0.024333171695877766 -0.027571990502395047 0.016970302261541958 0.098168337194729588 0.035849839085766784 0.14751325870171422 0.0031328252863884604 -0.010598346998730751 0.0297552139419433 -0.034773944388921126 -0.038214770332851811
leaf_weight=0.24083620560122909 1.852452713646924 1.0894710907014076 0.19633250113111023 2.8913553954334934 0.84152350772637863 2.4318232684745458 0.32780922739766438 1.2464817130239669 0.23487089038826781 7.6677897470071894 8.6355409580864926 5.4513049112865701 1.0188085178961044 2.9443866262445226
leaf_count=13 779 123 30 105 648 178 16 35 13 382 618 279 36 383
internal_value=0 -0.00823328 -0.0133338 -0.00158679 0.0122178 0.00917659 0.0107131 0.00379901 0.0333841 0.0170897 -0.00443909 0.0143365 -0.0209888 -0.0335306
internal_weight=0 9.81552 8.72605 5.58533 3.73288 27.2553 25.9956 12.5487 2.66669 13.4469 9.88202 13.1191 1.25964 3.14072
internal_count=3638 2068 1945 1532 753 1570 1521 844 191 677 653 661 49 413
is_linear=0
shrinkage=0.05


Tree=372
num_leaves=15
num_cat=0
split_feature=5 12 5 12 8 6 8 8 8 3 8 8 1 8
split_gain=0.931994 1.46056 1.45612 2.32674 3.05873 2.23411 1.29842 1.27304 1.24999 0.966195 0.909469 1.54258 0.956517 0.938145
threshold=1.5343727469444277 0.025051981210708622 1.6848669052124026 -0.01395943760871887 1.315574645996094 0.048153894022107131 -2.5363388061523433 -1.0720672607421873 1.1708068847656252 -0.043619574978947633 3.4811706542968754 3.6289443969726567 23.762004852294925 -6.1134948730468741
decision_type=2 2 2 2 2 2 2 2 2 2 2 2 2 2
left_child=1 7 10 5 8 6 -4 -1 -5 -9 12 -12 13 -2
right_child=2 -3 3 4 -6 -7 -8 9 -10 -11 11 -13 -14 -15
leaf_value=0.015764854023181753 -0.023538427405024882 0.02010507488149654 -0.037438578903687764 -0.033849210257154753 0.035576323918095135 0.034402788135361462 0.030635488194502614 0.03169966826820448 -0.1411391575193256 -0.037185711357954204 -0.081631138621968649 0.011827451838698952 -0.032027153257634396 0.03585700910563229
leaf_weight=1.6627414617978491 0.66408321540802617 2.4774988060526075 2.3605404774716594 6.410491286631439 1.6389819884789174 4.9163223424984608 0.8931614174507575 0.47675962431821872 0.19757687143282954 6.5070439344272017 0.46330416080309023 1.9596387609490191 0.58172244986053545 7.1191901447600712
leaf_count=270 15 466 107 376 106 173 59 30 8 521 12 167 612 731
internal_value=0 -0.0131677 0.00394766 -0.00542625 -0.0240214 0.0134077 -0.0183955 -0.0228222 -0.0391133 -0.032102 0.0181317 -0.0085705 0.0258759 0.030555
internal_weight=0 11.124 27.205 16.4171 8.24705 8.17002 3.2537 8.64655 6.60807 6.9838 10.7879 2.42294 8.365 7.78327
internal_count=3653 1287 2366 829 490 339 166 821 384 551 1537 179 1358 746
is_linear=0
shrinkage=0.05


Tree=373
num_leaves=2
num_cat=0
split_feature=4
split_gain=2.58803
threshold=0.20276797935366633
decision_type=2
left_child=-1
right_child=-2
leaf_value=-0.036414307223934038 0.035703928399309158
leaf_weight=3.1470329542644322 1.9205379472114144
leaf_count=2753 900
internal_value=0
internal_weight=0
internal_count=3653
is_linear=0
shrinkage=0.05


Tree=374
num_leaves=3
num_cat=0
split_feature=0 8
split_gain=2.51622 0.10229
threshold=0.28338000178337103 -6.3157806396484366
decision_type=2 2
left_child=-1 -2
right_child=1 -3
leaf_value=-0.036402966148730863 -0.011225981345525222 0.03577540023583408
leaf_weight=3.118867782963207 0.078586714109406208 1.967686459305696
leaf_count=2748 7 898
internal_value=0 0.0335314
internal_weight=0 2.04627
internal_count=3653 905
is_linear=0
shrinkage=0.05


Tree=375
num_leaves=13
num_cat=0
split_feature=1 3 5 0 5 3 5 3 10 5 3 13
split_gain=0.861471 0.700164 0.912339 1.59941 1.257 2.55555 2.29344 0.673355 0.526745 0.375837 0.207646 0.00357495
threshold=0.25374421477317816 -0.089281730353832231 1.4923390150070193 0.036552390083670623 1.6848669052124026 0.034036988392472274 1.6871035695075991 0.021569206379354004 1.3925122618675234 1.6919204592704775 -0.10155444964766501 0.98372241854667675
decision_type=2 2 2 2 2 2 2 2 2 2 2 2
left_child=-1 9 3 7 5 -4 -6 -3 -5 10 -2 -11
right_child=1 2 4 8 6 -7 -8 -9 -10 11 -12 -13
leaf_value=-0.063011273940021428 -0.027925512300461683 -0.033776683296521635 -0.034243901330664975 0.015863804689714038 0.098235591412791992 0.014653516658429823 0.0033026350943448062 0.018565896592639738 0.045977094412258709 0.035544130839072187 0.024323917664731201 0.061661328726025047
leaf_weight=0.37978492747060855 0.2582603600458242 1.6784935939940608 6.5581054394133407 3.1619082411052659 0.56623242655768891 4.3884065939346328 14.327601932571268 0.85996399464784179 2.8698220791993663 0.81453008943935834 0.30524478666484256 0.42339836992323399
leaf_count=14 25 341 1414 219 12 369 590 209 224 206 17 13
internal_value=0 0.00444871 0.00280811 0.016844 -0.00189403 -0.014686 0.00754289 -0.0160128 0.0307075 0.0339913 -0.000222249 0.0484178
internal_weight=0 36.212 34.4105 8.57019 25.8403 10.9465 14.8938 2.53846 6.03173 1.80143 0.563505 1.23793
internal_count=3653 3639 3378 993 2385 1783 602 550 443 261 42 219
is_linear=0
shrinkage=0.05


Tree=376
num_leaves=15
num_cat=0
split_feature=6 7 4 6 1 7 10 7 12 7 3 7 0 3
split_gain=0.863385 1.4449 1.35409 0.846104 0.730554 0.87245 1.10921 0.894977 0.730352 1.66946 1.24809 0.68887 0.466486 0.341884
threshold=0.043726865202188499 2.5370558500289921 0.039020920172333724 0.099161725491285338 16.705840110778812 1.5404669642448428 1.4156004786491396 2.2263786792755131 -0.011512875556945799 0.91578468680381786 0.048964161425828941 0.8519117832183839 0.038355499505996711 -0.056932063773274415
decision_type=2 2 2 2 2 2 2 2 2 2 2 2 2 2
left_child=4 3 -3 8 5 6 11 13 10 -10 -2 -1 -9 -7
right_child=1 2 -4 -5 -6 7 -8 12 9 -11 -12 -13 -14 -15
leaf_value=0.010142743054796404 0.034581281064751161 -0.0061684056868906148 -0.083746106692094424 -0.019813821361677589 -0.038150978115197895 -0.021577952368698906 -0.073352448247835586 -0.020784413925058989 -0.045242210273819784 0.017167259234799441 -0.026503628334404755 -0.019147629172448281 0.013526722097938496 0.032575892958156209
leaf_weight=2.8574824426032173 6.7096142458030954 2.5176119549723803 0.63134665254619893 1.6819334207102645 1.7823220564750943 0.25452539313118938 0.6522178422019359 2.4651217866630764 1.2548813190660455 5.0345092922798358 0.87890183558920387 6.2606126216705889 1.526811870455276 2.8676803929556618
leaf_count=162 415 246 14 133 955 31 13 427 140 530 86 236 141 124
internal_value=0 0.00657605 -0.0238211 0.0128406 -0.00858258 -0.00525509 -0.0148902 0.00800037 0.0169116 0.00420191 0.0272537 -0.00995799 -0.00765142 0.0276286
internal_weight=0 18.7088 3.14896 15.5598 18.6668 16.8845 9.77031 7.11414 13.8779 6.28939 7.58852 9.1181 3.99193 3.12221
internal_count=3653 1564 260 1304 2089 1134 411 723 1171 670 501 398 568 155
is_linear=0
shrinkage=0.05


Tree=377
num_leaves=3
num_cat=0
split_feature=7 5
split_gain=2.43977 0.00615695
threshold=5.3550145626068124 1.2076438665390017
decision_type=2 2
left_child=-1 -2
right_child=1 -3
leaf_value=-0.03634250289007581 -0.0014023644203917159 0.035489240343947535
leaf_weight=2.9640254971163813 0.0038819659384897722 1.8374252474168313
leaf_count=2745 4 904
internal_value=0 0.0353432
internal_weight=0 1.84131
internal_count=3653 908
is_linear=0
shrinkage=0.05


Tree=378
num_leaves=3
num_cat=0
split_feature=0 8
split_gain=2.37073 0.0997892
threshold=0.28338000178337103 -6.3157806396484366
decision_type=2 2
left_child=-1 -2
right_child=1 -3
leaf_value=-0.036333336550065765 -0.011044020049535924 0.035675766331413353
leaf_weight=2.9444119425024837 0.077628897270187625 1.8631612346507607
leaf_count=2748 7 898
internal_value=0 0.0333574
internal_weight=0 1.94079
internal_count=3653 905
is_linear=0
shrinkage=0.05


Tree=379
num_leaves=11
num_cat=0
split_feature=1 5 5 0 8 5 11 11 11 13
split_gain=0.784917 0.6597 0.794553 1.43268 1.10679 1.03089 2.49418 1.93366 0.623829 0.000483951
threshold=0.25374421477317816 1.8204647898674013 1.4863550662994387 0.036552390083670623 -1.0331039428710935 1.6848669052124026 0.034036988392472274 0.0070076696574687966 0.021569206379354004 0.98528638482093822
decision_type=2 2 2 2 2 2 2 2 2 2
left_child=-1 2 3 8 -5 6 -4 -7 -2 -3
right_child=1 9 5 4 -6 7 -8 -9 -10 -11
leaf_value=-0.060034834523336571 -0.033247430102986732 0.035692285539485363 -0.031419833954424867 -0.015231241931818754 0.04099205527836472 0.016449389479426167 0.015724053727905418 -0.029039103043235009 0.018320183709592937 0.005615887562870704
leaf_weight=0.38120206701569159 1.5596805567620315 1.4971403630916018 6.9004536894499342 1.0266835031216031 4.4761535831494257 11.59786747820908 4.6015927930711769 2.823368110053706 0.82751803437713523 0.042514806147664674
leaf_count=14 326 370 1485 43 383 265 374 171 204 18
internal_value=0 0.00427465 0.0027642 0.0165503 0.0304177 -0.00147922 -0.0125861 0.00740507 -0.0153537 0.0352549
internal_weight=0 35.353 33.8133 7.89004 5.50284 25.9233 11.502 14.4212 2.3872 1.53966
internal_count=3653 3639 3251 956 426 2295 1859 436 530 388
is_linear=0
shrinkage=0.05


Tree=380
num_leaves=15
num_cat=0
split_feature=6 7 4 6 1 7 10 7 5 3 10 0 5 5
split_gain=0.814544 1.35384 1.21694 0.782568 0.672961 0.790786 1.01569 0.843834 0.704956 0.660465 0.775695 0.417999 0.384374 0.705461
threshold=0.043726865202188499 2.5370558500289921 0.039020920172333724 0.099161725491285338 16.705840110778812 1.5404669642448428 1.4156004786491396 2.1604375839233403 1.6958131194114687 -0.063348520547151552 0.76656156778335582 0.038355499505996711 1.7483461499214175 1.547989070415497
decision_type=2 2 2 2 2 2 2 2 2 2 2 2 2 2
left_child=4 3 12 9 5 6 8 -7 -1 -2 -11 -9 13 -3
right_child=1 2 -4 -5 -6 7 -8 11 -10 10 -12 -13 -14 -15
leaf_value=0.0026151921018016475 -0.020828694336684953 -0.028505592688914245 -0.079105189270355411 -0.019046205464968657 -0.037333649983262641 0.029306862077330603 -0.070359576076551272 -0.019087763168360663 -0.025307254803863172 0.0034070120255429749 0.029196415359158647 0.011992524213302587 -0.036530907768395342 0.030806909019911941
leaf_weight=5.1411005287955085 1.0071500767953683 0.77340229044784781 0.64400276300148096 1.6481489203288209 1.7137150405615091 2.6454955937224431 0.64998463276424523 2.4782877340039704 3.9109710312623065 4.6298340277571715 7.9119745637581218 1.7751605776138601 0.63821991751319718 1.0819837264716623
leaf_count=237 193 90 14 133 955 139 13 435 161 381 597 149 24 132
internal_value=0 0.00647547 -0.0229509 0.0126612 -0.00839249 -0.00519926 -0.0143407 0.00767773 -0.00959348 0.0166295 0.0197785 -0.006139 -0.00595751 0.00588959
internal_weight=0 18.3347 3.13761 15.1971 18.3147 16.601 9.70206 6.89894 9.05207 13.549 12.5418 4.25345 2.49361 1.85539
internal_count=3653 1564 260 1304 2089 1134 411 723 398 1171 978 584 246 222
is_linear=0
shrinkage=0.05


Tree=381
num_leaves=2
num_cat=0
split_feature=4
split_gain=2.3112
threshold=0.20276797935366633
decision_type=2
left_child=-1
right_child=-2
leaf_value=-0.036281050569558999 0.035497061226990555
leaf_weight=2.8234527727181558 1.7234208887675775
leaf_count=2753 900
internal_value=0
internal_weight=0
internal_count=3653
is_linear=0
shrinkage=0.05


Tree=382
num_leaves=3
num_cat=0
split_feature=0 8
split_gain=2.23817 0.0991571
threshold=0.28338000178337103 -6.3157806396484366
decision_type=2 2
left_child=-1 -2
right_child=1 -3
leaf_value=-0.036268228238051189 -0.011025088921541091 0.035570203518609164
leaf_weight=2.7971385522687342 0.077745546121150144 1.7652988836634902
leaf_count=2748 7 898
internal_value=0 0.0331384
internal_weight=0 1.84304
internal_count=3653 905
is_linear=0
shrinkage=0.05


Tree=383
num_leaves=12
num_cat=0
split_feature=1 3 5 0 8 5 3 5 3 5 8
split_gain=0.717596 0.65223 0.754518 1.34092 1.14568 1.07198 2.24833 1.9667 0.587882 0.325188 0.254688
threshold=0.25374421477317816 -0.089281730353832231 1.4923390150070193 0.036552390083670623 -1.0331039428710935 1.6848669052124026 0.034036988392472274 1.6871035695075991 0.021569206379354004 1.6919204592704775 -6.1134948730468741
decision_type=2 2 2 2 2 2 2 2 2 2 2
left_child=-1 9 3 8 -5 6 -4 -7 -3 10 -2
right_child=1 2 5 4 -6 7 -8 -9 -10 -11 -12
leaf_value=-0.057195670594634644 0.030544848440638345 -0.032772675125135188 -0.033708514707441385 -0.016329851655417487 0.039252245567547944 0.089266983717822559 0.013133298969350411 0.0028570059240712606 0.017536694159584389 0.047370753486365672 -0.028244637924454186
leaf_weight=0.38340097642503579 0.26250629127025604 1.5578248387610059 5.9742872288334201 1.0919462007004765 4.6574710452114232 0.59161449084058304 4.3565848100115545 13.93594405724434 0.81543405278353009 1.1611383636482058 0.27465479867532749
leaf_count=14 2 341 1414 50 393 12 369 590 209 219 40
internal_value=0 0.00416467 0.00255774 0.0156883 0.0285972 -0.00177841 -0.0140185 0.00696214 -0.0154766 0.0334937 0.000770152
internal_weight=0 34.6794 32.9811 8.12268 5.74942 24.8584 10.3309 14.5276 2.37326 1.6983 0.537161
internal_count=3653 3639 3378 993 443 2385 1783 602 550 261 42
is_linear=0
shrinkage=0.05


Tree=384
num_leaves=15
num_cat=0
split_feature=5 8 12 5 4 0 12 8 12 12 10 8 12 8
split_gain=0.777472 1.36335 1.8277 1.90137 1.1534 2.97268 1.0035 0.975503 2.1668 1.4481 1.97593 0.911318 0.734812 0.729874
threshold=1.503061890602112 -1.665077209472656 -0.012279599905014036 1.6748442053794863 -0.025996895506978032 0.033400749787688262 -0.038828551769256585 3.4811706542968754 0.027514547109603885 0.085924535989761366 2.7077127695083623 -0.97798156738281239 -0.038100361824035638 2.9476013183593754
decision_type=2 2 2 2 2 2 2 2 2 2 2 2 2 2
left_child=6 2 4 -4 5 -2 11 9 12 -3 -11 -1 -9 -8
right_child=1 7 3 -5 -6 -7 13 8 -10 10 -12 -13 -14 -15
leaf_value=-0.0011307680434038756 -0.20207194504736378 0.029508225397070095 0.029593988743665818 -0.046731695855039994 0.012444056886898827 -0.0075710402556583636 0.013731193793758445 0.010148829509457679 0.0332705101113673 0.011800637412412947 -0.14569988247033203 -0.048532831735629181 -0.053990576911808287 -0.029097117390075547
leaf_weight=1.585915673029376 0.1232686905132131 8.2036469447193632 0.94022778637008819 4.0910242881800514 8.266741157989598 1.7115218502003697 3.4047311516769678 0.55790993559639934 1.8317191624082623 0.59801558754406947 0.18907868367386982 2.7355095992097631 1.6848340917495086 1.2893081686052026
leaf_count=141 4 1112 141 289 484 124 361 32 173 193 9 163 51 427
internal_value=0 0.00233027 -0.00786359 -0.0321694 0.00443902 -0.0304071 -0.0144614 0.0141074 -0.00608891 0.0232263 -0.038194 -0.0315558 -0.038283 0.00160601
internal_weight=0 28.198 15.1328 5.03125 10.1015 1.83479 9.01546 13.0652 4.07446 8.99074 0.787094 4.32143 2.24274 4.69404
internal_count=3704 2612 1042 430 612 128 1092 1570 256 1314 202 304 83 788
is_linear=0
shrinkage=0.05


Tree=385
num_leaves=2
num_cat=0
split_feature=4
split_gain=2.22638
threshold=0.20276797935366633
decision_type=2
left_child=-1
right_child=-2
leaf_value=-0.036252850992564943 0.035408043179787463
leaf_weight=2.7582629438547883 1.6501492366660384
leaf_count=2786 918
internal_value=0
internal_weight=0
internal_count=3704
is_linear=0
shrinkage=0.05


Tree=386
num_leaves=3
num_cat=0
split_feature=1 0
split_gain=2.29845 0.0446139
threshold=33.872245788574226 -1.0000000180025095e-35
decision_type=2 2
left_child=-1 -2
right_child=1 -3
leaf_value=-0.036381931669857807 -0.0079468856520804494 0.035539465307985275
leaf_weight=2.8613181173277553 0.026860911922995112 1.7417101552709933
leaf_count=2752 24 928
internal_value=0 0.0344891
internal_weight=0 1.76857
internal_count=3704 952
is_linear=0
shrinkage=0.05


Tree=387
num_leaves=15
num_cat=0
split_feature=0 0 4 3 3 5 12 5 6 6 3 5 3 0
split_gain=0.730434 1.02484 1.24944 1.69308 0.911309 0.859184 1.29228 1.10356 0.76617 1.05485 0.74901 0.739101 0.716548 1.28944
threshold=0.13488920032978061 0.049433080479502685 -0.024516952224075791 -0.031984942033886903 -0.043619574978947633 1.4773995876312258 -0.0012230575084686277 1.7995837926864626 0.041567172855138786 0.031304454430937774 -0.056932063773274415 1.7515664696693423 -0.012897301465272902 0.1252703703939915
decision_type=2 2 2 2 2 2 2 2 2 2 2 2 2 2
left_child=1 2 3 -1 11 6 -2 10 9 -4 -7 -3 13 -6
right_child=5 4 8 -5 12 7 -8 -9 -10 -11 -12 -13 -14 -15
leaf_value=0.11326150853806072 0.04625795405563269 -0.024841181673836466 -0.0095111052869118907 -0.016699062124579816 0.019324829500450703 0.014558640705011186 -0.02290692693990394 0.033358514470925221 -0.025792949590101769 0.032393077321839298 -0.028778693828946478 0.033453081094679517 0.017043690038238423 0.093889765727164953
leaf_weight=0.42534774541854858 1.5203526254626925 1.8406888488680118 5.1659197265689745 0.4364412697032084 1.6481553628109389 1.1310146015603093 1.0768725500674898 0.95187229523435224 3.4896309504983947 2.001682230271399 5.9113006975676399 0.65959511743858446 8.4627027373062429 0.85792350815609086
leaf_count=15 102 51 1137 33 85 128 100 150 161 63 1105 145 418 11
internal_value=0 0.00888133 -0.00206974 0.0525517 0.0181931 -0.00673353 0.0177945 -0.0148238 -0.00693412 0.00247609 -0.0217122 -0.00876758 0.0243624 0.0474744
internal_weight=0 24.9881 11.519 0.861789 13.4691 10.5914 2.59723 7.99419 10.6572 7.1676 7.04232 2.50028 10.9688 2.50608
internal_count=3704 2119 1409 48 710 1585 202 1383 1361 1200 1233 196 514 96
is_linear=0
shrinkage=0.05


Tree=388
num_leaves=14
num_cat=0
split_feature=1 13 0 1 8 8 3 5 1 5 3 8 5
split_gain=0.732169 0.709713 0.668266 0.93882 0.739374 2.28659 1.20369 0.609411 0.356306 0.347321 0.323197 0.065416 0.0503934
threshold=0.25374421477317816 0.96521848440170299 0.13488920032978061 18.538494110107425 -2.0172348022460933 -2.0660629272460933 -0.027055639773607251 1.4598696827888491 18.646009445190433 1.5460148453712466 -0.033546058461070054 -0.35157775878906244 1.7515664696693423
decision_type=2 2 2 2 2 2 2 2 2 2 2 2 2
left_child=-1 9 4 7 5 -3 -6 -4 -5 11 12 -2 -11
right_child=1 2 3 8 6 -7 -8 -9 -10 10 -12 -13 -14
leaf_value=0.052812253046894443 0.012189504515211199 -0.015911216338727784 -0.018486864843991781 -0.049433630118084486 0.024112371024686705 -0.16686782801484568 -0.0097848498885782093 0.021437349936050783 -0.0078096079083533115 0.012461856754505389 0.042978815766455028 -0.030101414212772317 -0.025241423127657276
leaf_weight=0.50564636581111599 0.064866480126511306 8.3966042711836035 1.0422371159511366 0.56988666401593979 3.2694421394262436 0.16044902062276278 11.666727926582102 6.377166355290683 2.4453135760850273 0.058512409043032565 1.4326865044422445 0.22069351663230818 0.17594484862638637
leaf_count=16 11 644 133 8 255 6 1095 415 971 7 75 42 26
internal_value=0 -0.00262805 -0.00434345 0.00614585 -0.00900862 -0.0206366 -0.00225393 0.0156577 -0.0170111 0.0259363 0.0344529 -0.0198249 -0.0149193
internal_weight=0 35.8805 33.9278 10.4346 23.4932 8.55705 14.9362 7.4194 3.0152 1.9527 1.66714 0.28556 0.234457
internal_count=3704 3688 3527 1527 2000 650 1350 548 979 161 108 53 33
is_linear=0
shrinkage=0.05


Tree=389
num_leaves=2
num_cat=0
split_feature=4
split_gain=2.12145
threshold=0.20276797935366633
decision_type=2
left_child=-1
right_child=-2
leaf_value=-0.036180729972385882 0.035320734410445712
leaf_weight=2.614332760538673 1.5832214521942658
leaf_count=2786 918
internal_value=0
internal_weight=0
internal_count=3704
is_linear=0
shrinkage=0.05


Tree=390
num_leaves=3
num_cat=0
split_feature=1 2
split_gain=2.19157 0.0425023
threshold=33.872245788574226 -1.0000000180025095e-35
decision_type=2 2
left_child=-1 -2
right_child=1 -3
leaf_value=-0.036311272955759047 -0.0076790661032361584 0.035456860300703955
leaf_weight=2.714136256108759 0.025723989063408337 1.6719529723050068
leaf_count=2752 24 928
internal_value=0 0.0344124
internal_weight=0 1.69768
internal_count=3704 952
is_linear=0
shrinkage=0.05


Tree=391
num_leaves=15
num_cat=0
split_feature=1 0 6 5 12 5 11 5 5 8 8 0 8 4
split_gain=0.748592 0.793573 0.826376 0.787857 1.21221 1.03297 0.722344 0.649328 0.498248 0.702174 0.42833 0.415043 0.0822174 0.00336051
threshold=0.25374421477317816 0.13488920032978061 0.007249644026160241 1.4773995876312258 -0.0012230575084686277 1.7995837926864626 -0.027546986937522885 1.7681607007980349 1.4415782094001772 -1.665077209472656 1.554954528808594 0.13220129907131198 9.4397583007812518 0.015958184376358989
decision_type=2 2 2 2 2 2 2 2 2 2 2 2 2 2
left_child=-1 2 7 4 -3 6 -5 12 11 -10 -6 -4 -2 -7
right_child=1 3 8 5 10 13 -8 -9 9 -11 -12 -13 -14 -15
leaf_value=-0.0520681969652389 -0.032935543570166335 0.045458456062760472 0.019449903859851295 -0.0016325855551392117 -0.039517549866583679 0.034511339140382888 -0.034623187189913793 0.037244215949174896 0.01938249220633349 0.00057274681681768495 0.02654639280251336 0.068035360429457611 0.012309841909649195 0.0081769070705698076
leaf_weight=0.48492873460054298 1.754616083781005 1.4608144062221984 1.5725649013766116 2.8017330683942419 0.79615944693796137 0.82441111555090163 4.005894804635318 0.33841323957312841 10.121077011921447 9.6542536456254275 0.25830895721446723 0.59248462319374073 0.057112354435957857 0.086945113609544933
leaf_count=16 976 102 250 350 20 125 883 23 414 428 80 2 10 25
internal_value=0 0.00499947 0.00994278 -0.00662023 0.0172257 -0.0145115 -0.0212658 -0.0190301 0.0128556 0.0102487 -0.0224365 0.0351624 -0.0309399 0.0330559
internal_weight=0 34.3248 24.0905 10.2343 2.51528 7.71898 6.80763 2.15014 21.9404 19.7753 1.05447 2.16505 1.81173 0.911356
internal_count=3704 3688 2103 1585 202 1383 1233 1009 1094 842 100 252 986 150
is_linear=0
shrinkage=0.05


Tree=392
num_leaves=15
num_cat=0
split_feature=1 13 0 1 8 8 4 5 5 1 3 8 12 4
split_gain=0.665166 0.68245 0.623181 0.854091 0.766354 1.91753 1.44748 0.544087 0.334203 0.330343 0.307239 0.114287 0.0750262 0.0662455
threshold=0.36504799127578741 0.96521848440170299 0.13488920032978061 18.538494110107425 -2.0172348022460933 -2.0660629272460933 -0.0057476798538118592 1.4598696827888491 1.5460148453712466 18.646009445190433 -0.033546058461070054 -2.5062789916992183 -0.025518745183944699 -0.027905491180717942
decision_type=2 2 2 2 2 2 2 2 2 2 2 2 2 2
left_child=11 8 4 7 5 -3 -6 -4 13 -5 -10 -1 -13 -2
right_child=1 2 3 9 6 -7 -8 -9 10 -11 -12 12 -14 -15
leaf_value=0.049946547086543336 0.013354317800564936 -0.016391228180593749 -0.017803952777817534 -0.047757170933666278 0.019042404532235227 -0.14931385165395006 -0.013653742661004482 0.020568856420377854 -0.014625158579544405 -0.0074569192136135082 0.042580049996707531 -0.011149755429646392 0.02614411934935711 -0.029867394606997794
leaf_weight=0.58352293280768208 0.056855648814234883 8.1242099387600302 1.0037795996322509 0.56593594263540614 5.1391582642390832 0.18323289035470125 9.4680765694938636 6.1863729997130577 0.22744450694881369 2.3757363596814685 1.3877102321712298 0.15647920512128621 0.22279471281217311 0.21968314962577906
leaf_count=9 4 638 133 8 297 6 1043 415 33 971 75 13 11 48
internal_value=0 -0.00278204 -0.00448259 0.00580417 -0.00903638 -0.0210641 -0.00209923 0.0150411 0.0256588 -0.0165253 0.0341414 0.0373723 0.0116416 -0.0197945
internal_weight=0 34.9382 33.0465 10.1318 22.9147 8.30744 14.6072 7.19015 1.89169 2.94167 1.61515 0.962797 0.379274 0.276539
internal_count=3704 3671 3511 1527 1984 644 1340 548 160 979 108 33 24 52
is_linear=0
shrinkage=0.05


Tree=393
num_leaves=2
num_cat=0
split_feature=4
split_gain=2.00706
threshold=0.20276797935366633
decision_type=2
left_child=-1
right_child=-2
leaf_value=-0.036114421636940237 0.035197069764410671
leaf_weight=2.4940092906326758 1.4965962403221054
leaf_count=2786 918
internal_value=0
internal_weight=0
internal_count=3704
is_linear=0
shrinkage=0.05


Tree=394
num_leaves=3
num_cat=0
split_feature=1 0
split_gain=2.07952 0.040461
threshold=33.872245788574226 -1.0000000180025095e-35
decision_type=2 2
left_child=-1 -2
right_child=1 -3
leaf_value=-0.036245737090934087 -0.0074201581939361237 0.035346977046078816
leaf_weight=2.590791078080656 0.024644007440656535 1.587326849228702
leaf_count=2752 24 928
internal_value=0 0.0342979
internal_weight=0 1.61197
internal_count=3704 952
is_linear=0
shrinkage=0.05


Tree=395
num_leaves=12
num_cat=0
split_feature=1 13 6 0 5 5 3 8 3 8 12
split_gain=0.67449 0.700029 0.732653 0.850692 0.670536 0.621477 0.572313 0.364234 0.375473 0.0907679 0.0258094
threshold=0.25374421477317816 0.96521848440170299 0.0087417168542742747 0.13488920032978061 1.7681607007980349 1.4773995876312258 -0.044879142194986336 4.2553253173828134 -0.051334412768483155 5.9175796508789071 -0.050231665372848504
decision_type=2 2 2 2 2 2 2 2 2 2 2
left_child=-1 7 4 6 9 -5 -4 8 10 -3 -2
right_child=1 2 3 5 -6 -7 -8 -9 -10 -11 -12
leaf_value=-0.049943968192961263 -0.0045289791323315717 -0.033549855369463435 -0.0046835605672203642 0.017691087077524141 0.037071483658888862 -0.011625431501005737 0.017933021198081607 0.024082555239362945 -0.043191359882179453 0.0084217943179025756 0.02457594638104954
leaf_weight=0.47290532814804365 0.066965093195904046 1.8872657174069893 3.291510749259035 2.3533422598848102 0.34739120019366954 6.7961559411487542 17.251012261258442 0.25755526969442133 1.3405952479224641 0.099566623219288775 0.18237828376004461
leaf_count=16 13 1006 262 186 34 1226 766 25 103 47 20
internal_value=0 0.00478811 0.00653973 0.00867693 -0.0198857 -0.00397519 0.0143041 -0.0243528 -0.0331596 -0.0311437 0.0177004
internal_weight=0 33.8737 32.0262 29.692 2.33422 9.1495 20.5425 1.84749 1.58994 1.98683 0.249343
internal_count=3704 3688 3527 2440 1087 1412 1028 161 136 1053 33
is_linear=0
shrinkage=0.05


Tree=396
num_leaves=15
num_cat=0
split_feature=6 3 8 0 0 8 10 7 5 7 7 7 7 5
split_gain=0.703433 0.780057 1.19135 1.1676 1.01177 0.930652 1.75427 1.69036 0.907811 0.777601 0.757758 0.699941 0.680076 0.728898
threshold=0.077119011431932463 -0.040677879005670541 0.067169189453125014 0.0085416110232472437 0.066294614225626006 0.067169189453125014 0.76656156778335582 1.4145770668983462 1.6097788810729983 0.55725353956222545 3.28652036190033 0.73608362674713146 1.9570474028587344 1.5304722189903261
decision_type=2 2 2 2 2 2 2 2 2 2 2 2 2 2
left_child=1 2 3 -1 9 6 -6 -7 -5 -3 -11 -2 -13 -14
right_child=11 4 -4 8 5 7 -8 -9 -10 10 -12 12 13 -15
leaf_value=-0.10556167989418537 -0.026888836437645315 -0.032069229160426052 0.025573326107409595 0.032640200551222229 -0.017586797849482343 0.016627836444117649 0.02771945011596574 -0.036404108658944341 -0.029462667456779602 0.024767816935428618 -0.020278191436196795 0.037992055877328172 -0.037025563346277046 0.022455310185038123
leaf_weight=0.36155765403236984 0.74100360620650363 0.73210552075761537 1.152269519108813 0.59753446845570568 4.3284269075083994 2.0940311111917245 4.031801443110453 4.8169923644745722 4.1840767603716813 6.9896900050807744 0.99844339079572808 2.8635635513346642 0.72206576696771696 1.2791317757219074
leaf_count=103 54 28 193 51 216 330 353 401 361 346 825 244 42 134
internal_value=0 -0.00327053 -0.0187869 -0.0290236 0.000862105 -0.00688736 0.00433197 -0.0203275 -0.0211923 0.0143575 0.0189564 0.0158628 0.0227852 0.000252896
internal_weight=0 30.2869 6.29544 5.14317 23.9915 15.2713 8.36023 6.91102 4.78161 8.72024 7.98813 5.60576 4.86476 2.0012
internal_count=3681 3207 708 515 2499 1300 569 731 412 1199 1171 474 420 176
is_linear=0
shrinkage=0.05


Tree=397
num_leaves=2
num_cat=0
split_feature=4
split_gain=1.89957
threshold=0.20276797935366633
decision_type=2
left_child=-1
right_child=-2
leaf_value=-0.036035389443107246 0.035077922472130728
leaf_weight=2.3652072457480249 1.4210732009960336
leaf_count=2761 920
internal_value=0
internal_weight=0
internal_count=3681
is_linear=0
shrinkage=0.05


Tree=398
num_leaves=3
num_cat=0
split_feature=1 4
split_gain=1.94414 0.0129416
threshold=35.923706054687507 0.071907676756382002
decision_type=2 2
left_child=-1 -2
right_child=1 -3
leaf_value=-0.03618186306932928 0.035111909624522264 -0.0010111120983094732
leaf_weight=2.4807518731249734 1.4400818545836953 0.019596605212427565
leaf_count=2757 909 15
internal_value=0 0.0345932
internal_weight=0 1.45968
internal_count=3681 924
is_linear=0
shrinkage=0.05


Tree=399
num_leaves=15
num_cat=0
split_feature=2 9 2 7 2 8 5 3 3 8 9 1 10 5
split_gain=0.843829 0.779026 0.901257 0.676196 0.633189 0.823142 0.795153 0.63107 0.95472 0.55546 1.47548 1.20778 0.433839 0.406285
threshold=0.006411684677004815 -3.0787124633789058 0.13488920032978061 0.57725629210472118 0.20336492359638217 -4.5878295898437491 1.5343727469444277 0.022229869849979881 -0.056932063773274415 -1.8948898315429685 -2.4904632568359371 9.1603965759277362 0.70399025082588207 1.4102246165275576
decision_type=2 2 2 2 2 2 2 2 2 2 2 2 2 2
left_child=3 7 9 -1 5 -4 -6 8 -2 10 -3 -11 -9 -5
right_child=1 2 4 13 6 -7 -8 12 -10 11 -12 -13 -14 -15
leaf_value=0.039368213481101977 0.023950510894774193 0.087733783009501354 0.032246161866086628 0.01838771716166163 0.042990543739819226 -0.022850328132282396 -0.0069218453306775438 -0.025630772377428841 -0.032639725942742434 -0.0040123622481643894 0.01759325552257654 0.03206142788061668 0.022199201533044461 -0.031775526577010542
leaf_weight=0.35600618494208847 0.86575881176395331 0.80480568576604117 0.70874417229788367 0.39450180073617991 1.24279888876481 4.3716068792273273 1.9100335358816662 0.5374813430826183 3.4394739563867942 6.3092843224876578 4.9089881023974149 3.5527327140443958 1.8255517185316419 3.1697991643741261
leaf_count=9 95 23 74 196 77 333 708 62 312 407 262 111 157 855
internal_value=0 0.00525316 0.00947834 -0.0191166 -0.00387418 -0.0146899 0.0134696 -0.00974998 -0.0209744 0.016516 0.0288119 0.00917439 0.0107212 -0.0258731
internal_weight=0 30.4773 23.809 3.92031 8.23318 5.08035 3.15283 6.66827 4.30523 15.5758 5.71379 9.86202 2.36303 3.5643
internal_count=3681 2621 1995 1060 1192 407 785 626 407 803 285 518 219 1051
is_linear=0
shrinkage=0.05


Tree=400
num_leaves=15
num_cat=0
split_feature=6 3 1 1 8 0 0 3 4 10 8 8 12 9
split_gain=0.641137 0.699801 1.55239 1.23947 0.822286 0.806769 1.31809 0.967487 0.754835 0.614334 0.583482 0.515615 0.47908 0.475092
threshold=0.077119011431932463 -0.040677879005670541 0.7250756323337556 4.4029936790466317 0.067169189453125014 0.13488920032978061 0.18897616118192676 -0.012897301465272902 0.015958184376358989 0.45661474764347082 1.7089843750000002 -6.3157806396484366 -0.020123004913330075 5.6113815307617196
decision_type=2 2 2 2 2 2 2 2 2 2 2 2 2 2
left_child=1 2 -1 11 8 7 -7 -5 -4 -2 -11 -3 -12 -13
right_child=9 3 4 5 -6 6 -8 -9 -10 10 12 13 -14 -15
leaf_value=-0.12031378094951842 -0.021790077011804992 -0.037982182594931753 -0.034513206771773469 -0.042695186384625404 0.02529268703348464 0.028789032737990591 -0.016665567683930363 -0.0066570664203854744 0.0066830625447438273 0.033051216606105056 -0.035781683941297014 0.024934185914005969 0.022490224006460079 -0.020660755423170096
leaf_weight=0.25092568909167567 0.85173892570310172 0.30148380552418519 3.1824927685083821 2.3653158232627955 1.1234989145887082 3.2734977615473317 2.9343719376192894 7.8243012815364601 1.6385610105207886 3.3744142342184205 0.59799026914697606 6.3026439485256587 0.61809508418082237 0.55263882348663163
leaf_count=11 79 8 300 269 192 274 699 889 205 250 36 329 109 31
internal_value=0 -0.00313216 -0.0179408 0.000822345 -0.0117006 -0.00675615 0.0073797 -0.0153562 -0.0206603 0.0153855 0.0226007 0.0180399 -0.0067056 0.0210143
internal_weight=0 29.7497 6.19548 23.5543 5.94455 16.3975 6.20787 10.1896 4.82105 5.44224 4.5905 7.15677 1.21609 6.85528
internal_count=3681 3207 708 2499 697 2131 973 1158 505 474 395 368 145 360
is_linear=0
shrinkage=0.05


Tree=401
num_leaves=2
num_cat=0
split_feature=4
split_gain=1.79151
threshold=0.20276797935366633
decision_type=2
left_child=-1
right_child=-2
leaf_value=-0.035961120284767417 0.034933365626372913
leaf_weight=2.2539869218016979 1.3383056857855988
leaf_count=2761 920
internal_value=0
internal_weight=0
internal_count=3681
is_linear=0
shrinkage=0.05


Tree=402
num_leaves=3
num_cat=0
split_feature=1 4
split_gain=1.85886 0.012367
threshold=35.923706054687507 0.071907676756382002
decision_type=2 2
left_child=-1 -2
right_child=1 -3
leaf_value=-0.036106590893626854 0.035019677512558176 -0.00094871876268695057
leaf_weight=2.363958956120769 1.3849489581771193 0.019003681605681666
leaf_count=2757 909 15
internal_value=0 0.0345021
internal_weight=0 1.40395
internal_count=3681 924
is_linear=0
shrinkage=0.05


Tree=403
num_leaves=15
num_cat=0
split_feature=0 9 0 3 3 0 8 5 8 8 9 1 10 5
split_gain=0.759498 0.723275 0.823317 0.587052 0.953844 0.582485 0.761562 0.732538 0.5694 0.495624 1.24618 1.06606 0.387509 0.379728
threshold=0.006411684677004815 -3.0787124633789058 0.13488920032978061 0.013889674562960865 -0.056932063773274415 0.20336492359638217 -4.5878295898437491 1.5343727469444277 -7.4434967041015616 -1.8948898315429685 -2.4904632568359371 9.1603965759277362 0.70399025082588207 1.4102246165275576
decision_type=2 2 2 2 2 2 2 2 2 2 2 2 2 2
left_child=8 3 9 4 -2 6 -4 -7 -1 10 -3 -11 -5 -10
right_child=1 2 5 12 -6 7 -8 -9 13 11 -12 -13 -14 -15
leaf_value=0.037061756055277145 0.02282965074963246 0.080305337022867365 0.031738368986134295 -0.020811772820455675 -0.035155275403839691 0.041682239253896407 -0.02225502128810759 -0.0067312234104827664 0.018381749278949401 -0.0036996420525682821 0.01682555970605816 0.030267928654502164 0.019650226866390744 -0.030543300871242036
leaf_weight=0.32818332218448665 0.84669066537753712 0.84224009502213437 0.67747205361956719 0.74119827130925875 2.9650947951013249 1.2094124662398829 4.2694225746672583 1.8804844059341119 0.3862592006917106 6.2204406306264008 4.8475185818388118 3.556967917655129 1.9402436059317549 3.0575781150255352
leaf_count=27 95 23 74 69 285 77 333 708 195 407 262 111 177 838
internal_value=0 0.00502845 0.00910438 -0.00963977 -0.0220211 -0.0038489 -0.0143783 0.0129309 -0.0185008 0.0158164 0.027447 0.00883891 0.00811968 -0.024692
internal_weight=0 29.9972 23.504 6.49323 3.81179 8.03679 4.94689 3.0899 3.77202 15.4672 5.68976 9.77741 2.68144 3.44384
internal_count=3681 2621 1995 626 380 1192 407 785 1060 803 285 518 246 1033
is_linear=0
shrinkage=0.05


Tree=404
num_leaves=15
num_cat=0
split_feature=6 7 11 8 6 7 5 8 1 5 7 5 6 1
split_gain=0.58257 0.628383 0.62835 1.54855 1.16254 1.6924 0.92492 1.2703 0.796558 0.637702 0.604944 0.638959 0.576148 1.04055
threshold=0.077119011431932463 0.73608362674713146 -0.020180620253086087 1.442039489746094 0.060000568628311164 1.9570474028587344 1.5121980309486391 0.067169189453125014 3.4650888442993169 1.7078130245208742 1.9570474028587344 1.5304722189903261 0.031304454430937774 7.22723412513733
decision_type=2 2 2 2 2 2 2 2 2 2 2 2 2 2
left_child=2 -2 3 4 9 -6 7 -4 -9 -1 -3 -12 13 -8
right_child=1 10 6 -5 5 -7 12 8 -10 -11 11 -13 -14 -15
leaf_value=0.0046485642218438107 -0.026281780105075155 0.036495599837815668 0.019202807726275421 0.030240127245435136 -0.020249073392240385 -0.11966463230483107 0.030767496328521732 0.0081894455277471967 -0.042123960759830298 -0.024912877661214736 -0.036235225079941896 0.020997824542487525 0.019481520507605151 -0.015799680770105975
leaf_weight=3.3719506718625798 0.71206801262451236 2.6902743391983677 1.9159600957646059 1.6871234592690587 1.3354307330155277 0.56976136419689272 1.6105346335389166 1.017886348825414 2.9778211411758093 3.8073004424222745 0.67237402469618235 1.2229474646737797 7.1287349188933149 3.9181916084489785
leaf_count=427 54 244 249 257 106 25 142 92 505 318 42 134 648 438
internal_value=0 0.0148735 -0.00299538 -0.012544 -0.0207324 -0.0544651 0.00258107 -0.0136041 -0.0294199 -0.0111553 0.0216887 -0.000104308 0.0101877 -0.0019289
internal_weight=0 5.29766 29.3407 10.7716 9.08444 1.90519 18.5691 5.91167 3.99571 7.17925 4.5856 1.89532 12.6575 5.52873
internal_count=3681 474 3207 1133 876 131 2074 846 597 745 420 176 1228 580
is_linear=0
shrinkage=0.05


Tree=405
num_leaves=2
num_cat=0
split_feature=4
split_gain=1.6988
threshold=0.20276797935366633
decision_type=2
left_child=-1
right_child=-2
leaf_value=-0.035886740075184054 0.034800575930149368
leaf_weight=2.1520359176502102 1.2696824612212365
leaf_count=2761 920
internal_value=0
internal_weight=0
internal_count=3681
is_linear=0
shrinkage=0.05


Tree=406
num_leaves=3
num_cat=0
split_feature=1 4
split_gain=1.77069 0.01176
threshold=35.923706054687507 0.071907676756382002
decision_type=2 2
left_child=-1 -2
right_child=1 -3
leaf_value=-0.036029565839251869 0.034908588741609479 -0.00086298459597926964
leaf_weight=2.2559075575554748 1.3234509002650154 0.018512781476601847
leaf_count=2757 909 15
internal_value=0 0.0343895
internal_weight=0 1.34196
internal_count=3681 924
is_linear=0
shrinkage=0.05


Tree=407
num_leaves=15
num_cat=0
split_feature=0 9 0 7 3 3 0 3 10 3 9 10 10 4
split_gain=0.677888 0.660444 0.713 0.57412 0.548983 0.88181 0.526385 0.641563 0.419844 0.414126 0.489359 0.371577 0.305565 0.241724
threshold=0.006411684677004815 -3.0787124633789058 0.13488920032978061 0.57725629210472118 0.013889674562960865 -0.056932063773274415 0.20336492359638217 -0.046915922313928597 1.6999863982200625 -0.11046824231743811 -2.2165908813476558 0.70399025082588207 1.9031507372856142 -0.018301215954124924
decision_type=2 2 2 2 2 2 2 2 2 2 2 2 2 2
left_child=3 4 9 -1 5 -2 7 -4 -8 -3 -11 -6 13 -5
right_child=1 2 6 12 11 -7 8 -9 -10 10 -12 -13 -14 -15
leaf_value=0.037472291743239343 0.021972099647637324 0.051542082761642863 0.024884506916112558 0.016578910354862992 -0.020584992458908463 -0.034445756767087714 0.020250085109672238 -0.021911346320151195 -0.028313623214526119 0.03017154482865686 0.0080985914040441667 0.019229558501873002 0.0050333407160284751 -0.035875374401948261
leaf_weight=0.33348663477227036 0.82726111021474968 0.64624520693905552 0.80412573111243535 0.18332037859363559 0.73413930513197589 2.8739995030919117 2.5946803177939732 4.0030453802319235 0.44232747625210311 3.1494620922603636 11.645425766066184 1.9129288351105058 0.6803277670405804 2.4482833033252973
leaf_count=9 95 78 89 13 69 285 616 318 169 90 635 177 244 794
internal_value=0 0.00480609 0.0086992 -0.0177689 -0.00938705 -0.0215896 -0.0035488 -0.0137359 0.0124999 0.014904 0.0129684 0.00783999 -0.0242666 -0.0317482
internal_weight=0 29.6336 23.2853 3.64542 6.34833 3.70126 7.84418 4.80717 3.03701 15.4411 14.7949 2.64707 3.31193 2.6316
internal_count=3681 2621 1995 1060 626 380 1192 407 785 803 725 246 1051 807
is_linear=0
shrinkage=0.05


Tree=408
num_leaves=15
num_cat=0
split_feature=6 5 12 8 8 12 8 9 0 13 7 7 7 9
split_gain=1.00908 1.19417 1.15949 1.11431 1.10284 2.76978 0.578614 0.575748 0.591214 0.532149 0.771533 0.914609 0.450339 0.685802
threshold=0.041567172855138786 1.5147325992584231 -0.038828551769256585 2.9476013183593754 -4.7429733276367179 -0.068830519914627061 -6.1134948730468741 7.3484039306640634 0.20336492359638217 0.97895362973213207 0.7491266429424287 1.438106417655945 2.2105420827865605 -0.22943115234374997
decision_type=2 2 2 2 2 2 2 2 2 2 2 2 2 2
left_child=6 2 -2 -4 5 -3 -1 8 -6 12 -11 -12 13 -8
right_child=1 4 3 -5 7 -7 9 -9 -10 10 11 -13 -14 -15
leaf_value=-0.042600660664533614 -0.035823510865529158 0.032374502196962612 0.034104745295368853 -0.032771373937045621 0.035765303787498849 -0.051952156178123758 0.030152445561684345 -0.015711336788331625 -0.0015758416652192819 0.030255197195216205 -0.041219020647526729 -0.0013118884429264149 -0.013837632344596696 -0.0038962086758269777
leaf_weight=1.027127928231496 2.3865924131241627 2.0813465042156172 1.7317973318567994 0.8505784444278105 7.1040232230443454 1.6603136658959563 2.441196884639794 0.67944436921970996 1.2332407934591172 0.7029447159729888 2.9490685319178738 2.7262408723618137 2.7170533577445894 3.4905974728462734
leaf_count=150 87 55 56 206 469 179 236 49 533 44 125 506 747 220
internal_value=0 0.00923961 -0.0113943 0.0116767 0.017302 -0.00542268 -0.00801389 0.026688 0.0302886 -0.00538384 -0.0162226 -0.0224035 0.00270347 0.0103839
internal_weight=0 17.7273 4.96897 2.58238 12.7584 3.74166 16.0542 9.01671 8.33726 15.0271 6.37825 5.67531 8.64885 5.93179
internal_count=3662 1634 349 262 1285 234 2028 1051 1002 1878 675 631 1203 456
is_linear=0
shrinkage=0.05


Tree=409
num_leaves=3
num_cat=0
split_feature=7 5
split_gain=1.58282 0.00333349
threshold=5.3550145626068124 1.2491707205772402
decision_type=2 2
left_child=-1 -2
right_child=1 -3
leaf_value=-0.035774489756569709 -7.7395609619000435e-05 0.034506538901563938
leaf_weight=2.0127125696599255 0.0065558443311600758 1.1990162648726252
leaf_count=2733 8 921
internal_value=0 0.0343269
internal_weight=0 1.20557
internal_count=3662 929
is_linear=0
shrinkage=0.05


Tree=410
num_leaves=3
num_cat=0
split_feature=0 0
split_gain=1.59168 0.0479498
threshold=0.54847639799118053 0.28338000178337103
decision_type=2 2
left_child=1 -1
right_child=-2 -3
leaf_value=-0.035755365545321098 0.034788986155436366 -0.0041639681291539277
leaf_weight=1.9918950595019858 1.2636016344185916 0.15746676176786412
leaf_count=2733 917 12
internal_value=0 -0.0337289
internal_weight=0 2.14936
internal_count=3662 2745
is_linear=0
shrinkage=0.05


Tree=411
num_leaves=15
num_cat=0
split_feature=6 5 8 12 12 8 9 5 5 8 8 3 3 13
split_gain=0.781909 1.34198 1.36015 2.65105 1.05599 1.26881 0.678269 0.678596 0.655226 1.31278 1.30933 1.39362 1.27555 0.895637
threshold=0.041567172855138786 1.5147325992584231 -4.7429733276367179 -0.068830519914627061 -0.038828551769256585 2.9476013183593754 7.6176452636718759 1.82738733291626 1.6848669052124026 -1.0331039428710935 -1.665077209472656 -0.05218133516609668 -0.022994195111095902 0.98082563281059276
decision_type=2 2 2 2 2 2 2 2 2 2 2 2 2 2
left_child=8 4 3 -3 -2 -6 7 -4 9 -1 -10 -12 -11 -14
right_child=1 2 6 -5 5 -7 -8 -9 10 12 11 -13 13 -15
leaf_value=-0.027121157311283513 0.03713354774930383 -0.029500631073692718 -0.034967951951221148 0.051194117126270644 -0.033861574758875898 0.034177677064994708 0.021113934638675825 0.029843614963011113 0.038436054560504113 -0.033939757099315668 0.041705573863753495 -0.032969484530989031 0.034356397876273002 -0.01860162710504103
leaf_weight=2.8891334174259073 2.5074097584292758 2.084605044103228 7.095525420038026 1.8093184915778699 1.6445497845707024 1.031449063302716 0.59759146245778527 0.35420294571667899 3.9634362910292111 1.0716844915586961 0.86345453566173125 1.6844059093564272 3.9724166050145904 0.92489053632016283
leaf_count=572 87 55 964 179 56 206 47 40 217 277 18 111 611 222
internal_value=0 -0.00659582 -0.0157816 0.00833733 0.014464 -0.00734975 -0.0274113 -0.031532 0.0088915 1.50578e-06 0.0208027 -0.00704324 0.0133601 0.0241828
internal_weight=0 17.1247 11.9412 3.89392 5.18341 2.676 8.04732 7.44973 15.3694 8.85813 6.5113 2.54786 5.96899 4.89731
internal_count=3662 1634 1285 234 349 262 1051 1004 2028 1682 346 129 1110 833
is_linear=0
shrinkage=0.05


Tree=412
num_leaves=15
num_cat=0
split_feature=6 5 12 8 8 12 8 12 5 5 8 13 8 7
split_gain=0.899976 1.07592 1.04066 1.02076 1.00417 2.05976 0.555212 0.554508 1.33485 0.504111 1.00419 0.982211 0.855796 0.92442
threshold=0.041567172855138786 1.5147325992584231 -0.038828551769256585 2.4148406982421879 -5.1706542968749991 -0.068830519914627061 -6.1134948730468741 -0.0089838504791259748 1.7515664696693423 1.7294188737869265 -1.519264221191406 0.98180207610130321 2.0302429199218754 2.2565898895263676
decision_type=2 2 2 2 2 2 2 2 2 2 2 2 2 2
left_child=6 2 -2 -4 5 -3 -1 -6 -9 12 -11 -12 13 -8
right_child=1 4 3 -5 7 -7 9 8 -10 10 11 -13 -14 -15
leaf_value=-0.042079144827745017 -0.034607587957652633 0.027726796475429666 0.038013096300356847 -0.024558870381928912 0.035870810636055413 -0.056899682251294603 0.02346893854527142 0.032536185706687391 -0.021939581229892962 -0.046387823257822314 0.026055963652030747 -0.04151035738867536 -0.019274881768288732 -0.013497004542749198
leaf_weight=0.9899339022958874 2.2931314149464015 1.5431504592997956 1.4117164827766857 1.0555904148495754 4.9421919330779929 1.1824883507069905 4.685155721352201 2.7776576522155629 1.7574129787972195 1.8144188210571881 1.4720015271450386 0.71809917123755429 3.5061957234865986 2.5347663282445865
leaf_count=150 87 51 49 213 471 161 421 537 65 70 62 13 553 759
internal_value=0 0.00894287 -0.0110557 0.011329 0.0167709 -0.00970183 -0.00761266 0.0244062 0.0114081 -0.00502832 -0.0199305 0.00305682 0.000668021 0.0104839
internal_weight=0 16.9633 4.76044 2.46731 12.2029 2.72564 15.7206 9.47726 4.53507 14.7306 4.00452 2.1901 10.7261 7.21992
internal_count=3662 1634 349 262 1285 212 2028 1073 602 1878 145 75 1733 1180
is_linear=0
shrinkage=0.05


Tree=413
num_leaves=2
num_cat=0
split_feature=4
split_gain=1.51218
threshold=0.20276797935366633
decision_type=2
left_child=-1
right_child=-2
leaf_value=-0.035681844989844495 0.034521347868759648
leaf_weight=1.9104151770879982 1.144570523232687
leaf_count=2742 920
internal_value=0
internal_weight=0
internal_count=3662
is_linear=0
shrinkage=0.05


Tree=414
num_leaves=3
num_cat=0
split_feature=1 0
split_gain=1.60755 0.027116
threshold=33.872245788574226 -1.0000000180025095e-35
decision_type=2 2
left_child=-1 -2
right_child=1 -3
leaf_value=-0.035774158751759676 -0.0054761730077283266 0.034824371948483118
leaf_weight=1.9605912462138806 0.017088194144889823 1.2681932365521784
leaf_count=2715 22 925
internal_value=0 0.0339319
internal_weight=0 1.28528
internal_count=3662 947
is_linear=0
shrinkage=0.05


Tree=415
num_leaves=15
num_cat=0
split_feature=5 6 5 3 13 0 5 5 10 10 5 13 3 0
split_gain=0.696939 0.940022 0.827282 1.58492 0.931177 0.764079 0.686722 0.644906 0.633256 1.37103 0.859205 0.577067 0.5891 0.454771
threshold=1.4598696827888491 0.041567172855138786 1.6848669052124026 0.034036988392472274 0.98109033703804027 -0.016664955765008923 1.6186023950576784 1.82738733291626 0.54285767674446117 0.51599588990211498 1.5147325992584231 0.97501870989799511 0.014460912905633451 0.082651421427726759
decision_type=2 2 2 2 2 2 2 2 2 2 2 2 2 2
left_child=5 2 3 -2 13 -1 -5 8 9 -3 -10 12 -7 -4
right_child=1 7 4 6 -6 11 -8 -9 10 -11 -12 -13 -14 -15
leaf_value=-0.028652675502946187 -0.026306063191204446 -0.010106132089008457 0.017714563041033311 0.033467098551426759 0.044492242020342215 -0.033758734412810999 -0.031302148836306186 0.033104735610709791 0.0053117119706568641 0.069340601139910904 -0.02847790080367887 0.040989332715118267 0.026219451270019234 -0.016243919676998422
leaf_weight=0.6520057831367011 3.693071195593804 2.8359324566263218 2.5451201403629966 2.3396901723463093 2.332022981980117 0.59230471216142466 0.40951577760279168 0.68213374190963882 2.4670699453272373 0.56679945084033523 7.4612243591109291 2.482040120230522 0.90234731568489224 1.4774535243050193
leaf_count=349 953 271 109 151 78 11 66 215 80 11 792 239 178 159
internal_value=0 -0.00237367 0.00739396 -0.00520925 0.0200538 0.0184403 0.0230592 -0.0112827 -0.0137835 0.00472927 -0.0201123 0.026675 0.00182464 0.00515045
internal_weight=0 26.81 12.7969 6.44228 6.3546 4.6287 2.74921 14.0132 13.331 3.40273 9.92829 3.97669 1.49465 4.02257
internal_count=3662 2885 1516 1170 346 777 217 1369 1154 282 872 428 189 268
is_linear=0
shrinkage=0.05


Tree=416
num_leaves=15
num_cat=0
split_feature=6 5 12 8 8 12 8 9 0 13 3 3 5 1
split_gain=0.804192 0.957891 0.969013 0.973573 0.964205 2.35198 0.536376 0.495125 0.593815 0.46061 0.640029 0.757994 0.747952 0.43898
threshold=0.041567172855138786 1.5147325992584231 -0.038828551769256585 3.3099975585937504 -4.7429733276367179 -0.068830519914627061 -6.1134948730468741 7.3484039306640634 0.20336492359638217 0.97895362973213207 0.032661179080605514 0.055536242201924331 1.6848669052124026 16.705840110778812
decision_type=2 2 2 2 2 2 2 2 2 2 2 2 2 2
left_child=6 2 -2 -4 5 -3 -1 8 -6 13 12 -12 -11 -8
right_child=1 4 3 -5 7 -7 9 -9 -10 10 11 -13 -14 -15
leaf_value=-0.041629523539178412 -0.033663306895972148 0.030389227475608752 0.031219999011976404 -0.035471330720836823 0.034830089598240743 -0.049784794710383773 0.0067234474055143075 -0.014739800830867209 -0.0034282746205348993 0.012884006784227837 -0.067279643265672692 0.0054168701837851866 -0.026366045967681846 -0.031978823592818624
leaf_weight=0.95987239907845179 2.2168050192703959 1.9395993631915192 1.7052981318265694 0.69099661169457238 6.4353970086085575 1.5603133492113563 7.514715456942211 0.64854484921670508 1.1804719681676941 2.503629593353252 0.94384350170730591 0.52485247797449119 2.1806268942164024 0.71142117615090672
leaf_count=150 87 55 68 194 469 179 616 49 533 473 50 83 69 587
internal_value=0 0.00860821 -0.0105424 0.0113383 0.0161432 -0.00574361 -0.00727405 0.02537 0.0289324 -0.00470898 -0.0149418 -0.0426116 -0.00555696 0.00303248
internal_weight=0 16.3774 4.6131 2.39629 11.7643 3.49991 15.339 8.26441 7.61587 14.3791 6.15295 1.4687 4.68426 8.22614
internal_count=3662 1634 349 262 1285 234 2028 1051 1002 1878 675 133 542 1203
is_linear=0
shrinkage=0.05


Tree=417
num_leaves=2
num_cat=0
split_feature=4
split_gain=1.4264
threshold=0.20276797935366633
decision_type=2
left_child=-1
right_child=-2
leaf_value=-0.035578153392607219 0.034366249225397487
leaf_weight=1.8065675090911102 1.0843429813394321
leaf_count=2742 920
internal_value=0
internal_weight=0
internal_count=3662
is_linear=0
shrinkage=0.05


Tree=418
num_leaves=3
num_cat=0
split_feature=1 0
split_gain=1.53431 0.0259226
threshold=33.872245788574226 -1.0000000180025095e-35
decision_type=2 2
left_child=-1 -2
right_child=1 -3
leaf_value=-0.035672051244269275 -0.0052919745431507445 0.034729383222900936
leaf_weight=1.8549087431747469 0.016419488762039802 1.2232475299388166
leaf_count=2715 22 925
internal_value=0 0.0338438
internal_weight=0 1.23967
internal_count=3662 947
is_linear=0
shrinkage=0.05


Tree=419
num_leaves=15
num_cat=0
split_feature=5 6 8 12 5 3 8 3 8 8 5 10 0 5
split_gain=0.653495 0.824335 0.817089 1.76662 0.75484 1.47334 1.19788 1.23968 0.913373 0.824482 0.714363 0.804393 0.711227 0.615632
threshold=1.4598696827888491 0.041567172855138786 -5.1706542968749991 -0.068830519914627061 1.6848669052124026 0.034036988392472274 -1.665077209472656 -0.05218133516609668 0.29211425781250006 -6.8237228393554679 1.5147325992584231 1.3509117960929873 -0.016664955765008923 1.7483461499214175
decision_type=2 2 2 2 2 2 2 2 2 2 2 2 2 2
left_child=12 4 3 -3 5 9 -6 -8 -7 -2 11 -4 -1 -12
right_child=1 2 10 -5 6 8 7 -9 -10 -11 13 -13 -14 -15
leaf_value=-0.028126403800467666 0.036863597290127441 -0.023202125007591955 -0.025735763020364812 0.053940909560567352 0.036649365264138568 -0.032481003825431357 0.039101177316511887 -0.032572434735778422 0.036012072671868088 -0.034341140875684628 -0.037516015730798963 0.029117170857530628 0.026311496939534107 -0.0099825903194518516
leaf_weight=0.6237515025131869 0.3804797624470696 1.5100556184770542 1.0667599879088805 1.2861045421159349 3.7357645335723646 0.53345377364894409 0.82961603422882069 1.6279429241258183 2.2002659303252585 3.2062315681250757 4.1454404745018092 1.4708615059498695 3.8200370076810968 4.0798106140282471
leaf_count=349 11 51 41 161 217 119 18 111 98 942 969 43 428 104
internal_value=0 -0.00232287 -0.0108261 0.0129175 0.00690347 -0.00522791 0.0191702 -0.00779424 0.0219719 -0.0259927 -0.0170568 0.00595672 0.0182195 -0.0241431
internal_weight=0 26.0728 13.559 2.79616 12.5138 6.32043 6.19332 2.45756 2.73372 3.58671 10.7629 2.53762 4.44379 8.22525
internal_count=3662 2885 1369 212 1516 1170 346 129 217 953 1157 84 777 1073
is_linear=0
shrinkage=0.05


Tree=420
num_leaves=15
num_cat=0
split_feature=3 8 8 8 1 1 3 8 4 3 9 7 12 8
split_gain=0.451065 1.42182 1.28775 0.886621 0.734388 1.29781 0.498969 0.610437 1.31681 0.446262 0.401972 0.350031 0.513718 0.22448
threshold=-0.020180620253086087 1.442039489746094 1.2526702880859377 4.6584548950195321 0.36504799127578741 0.7250756323337556 0.098771378397941603 -5.1032333374023429 -0.019333280622959133 -0.0095678153447806818 -6.5231933593749991 0.41235706210136419 0.027514547109603885 6.5184173583984384
decision_type=2 2 2 2 2 2 2 2 2 2 2 2 2 2
left_child=1 2 4 6 -1 -6 7 8 -2 -9 -8 -5 -13 -14
right_child=3 -3 -4 11 5 -7 10 9 -10 -11 -12 12 13 -15
leaf_value=0.041839140449833515 -0.058902184013621628 0.030994865278028923 -0.11061879026378814 0.026579625685652843 -0.10786333201177689 -0.011979913266894503 0.026495524806648893 0.035522869648989652 0.017809320547882753 0.010129719971131962 -0.038321625975196914 -0.045483900963355785 0.025006974968002228 -0.027346818147347875
leaf_weight=0.49087992664135605 0.85321993334218893 1.8086717056576151 0.24958450914709907 0.22986904342542347 0.26997578609734674 9.0640388581232383 0.23910869052633643 1.97983249186655 1.2736097575398222 11.384358715004048 0.86773220883333013 1.5213009003782647 0.44021277868887398 0.23246242357708979
leaf_count=12 9 285 10 18 11 973 7 239 75 1559 33 239 71 137
internal_value=0 -0.00871898 -0.0160834 0.00365412 -0.0125915 -0.0158672 0.00781124 0.0101681 -0.0142282 0.0141275 -0.0232841 -0.0239943 -0.0302208 0.00571689
internal_weight=0 11.8832 10.0745 19.0217 9.82489 9.33401 16.5979 15.491 2.12683 13.3642 1.10684 2.42385 2.19398 0.672675
internal_count=3678 1291 1006 2387 996 984 1922 1882 84 1798 40 465 447 208
is_linear=0
shrinkage=0.05


Tree=421
num_leaves=2
num_cat=0
split_feature=4
split_gain=1.3486
threshold=0.20276797935366633
decision_type=2
left_child=-1
right_child=-2
leaf_value=-0.035522171198005138 0.034165997353353642
leaf_weight=1.7540597176994199 1.014553175831679
leaf_count=2768 910
internal_value=0
internal_weight=0
internal_count=3678
is_linear=0
shrinkage=0.05


Tree=422
num_leaves=3
num_cat=0
split_feature=1 6
split_gain=1.48105 0.00960579
threshold=35.923706054687507 -0.033942431211471551
decision_type=2 2
left_child=-1 -2
right_child=1 -3
leaf_value=-0.035679334296915645 -0.0012552147616521564 0.034521806271983556
leaf_weight=1.8404346202441959 0.012060639448464028 1.1436211130931038
leaf_count=2744 12 922
internal_value=0 0.0340782
internal_weight=0 1.15568
internal_count=3678 934
is_linear=0
shrinkage=0.05


Tree=423
num_leaves=15
num_cat=0
split_feature=5 10 10 4 5 11 8 4 12 8 11 9 5 6
split_gain=0.48641 0.466376 1.13551 0.767311 0.942226 0.864443 0.641474 0.882987 1.08193 0.713444 0.837498 0.585367 0.57009 0.0816379
threshold=1.82738733291626 1.6847410202026369 1.7174602746963503 0.015610007569193842 1.5365313291549685 -0.02678742632269859 -5.1706542968749991 0.015958184376358989 -0.069421350955963121 4.5967788696289071 -0.068993955850601182 -2.6031188964843746 1.6186023950576784 0.040085041895508773
decision_type=2 2 2 2 2 2 2 2 2 2 2 2 2 2
left_child=1 6 11 4 -4 -5 7 8 -1 10 -8 -3 -11 -9
right_child=-2 2 3 5 -6 -7 9 13 -10 12 -12 -13 -14 -15
leaf_value=-0.013558295413871114 0.034829085870634512 0.12614390707672271 0.021564145806924419 0.055736785072877527 -0.027021173178195308 0.0015542463504562881 0.022830714754382538 -0.034391920981829478 0.051045371632769246 0.030239212237561205 -0.014009473651195509 0.015933273389884022 -0.03141364271055002 -0.002908739670548791
leaf_weight=0.9096332433400679 1.0526833002222691 0.21761555719422176 1.5815961565822365 1.2406207123422066 2.3685478822444566 1.645738142338814 1.6458664051606415 0.57819696972728696 1.8855982357636194 1.9331518456456245 13.710243655368677 0.247756428521824 0.37404438861994993 0.32420720858499408
leaf_count=17 372 3 153 102 289 350 82 50 26 273 1881 35 35 10
internal_value=0 0.00169258 0.0125104 0.00677493 -0.007516 0.0259296 -0.00204637 0.0166178 0.0302797 -0.00602508 -0.00993878 0.0806658 0.0193542 -0.0244995
internal_weight=0 28.6628 7.30187 6.8365 3.95014 2.88636 21.3609 3.69764 2.79523 17.6633 15.3561 0.465372 2.3072 0.902404
internal_count=3678 3306 932 894 442 452 2374 103 43 2271 1963 38 308 60
is_linear=0
shrinkage=0.05


Tree=424
num_leaves=15
num_cat=0
split_feature=1 11 8 8 0 8 5 13 5 12 6 1 6 6
split_gain=0.4139 0.544372 1.49151 1.02202 0.830475 0.798656 0.523595 0.485 0.709575 0.389819 0.257291 0.095574 0.0298577 0.026183
threshold=0.25374421477317816 -0.020180620253086087 1.442039489746094 1.2526702880859377 0.031049089506268505 4.6584548950195321 1.6186023950576784 0.96839940547943126 1.7767128348350527 0.027514547109603885 0.10311388969421388 18.538494110107425 0.081490393728017821 -1.0000000180025095e-35
decision_type=2 2 2 2 2 2 2 2 2 2 2 2 2 2
left_child=-1 2 3 4 -2 7 9 10 -9 -7 -3 13 -13 -4
right_child=1 5 11 -5 -6 6 -8 8 -10 -11 -12 12 -14 -15
leaf_value=0.0417825753073248 -0.039143764343425418 0.034877073023285958 0.007680183688996492 -0.09995792829913322 -0.0056586005585130142 -0.046034349700744402 0.028578968825156738 0.0093902304322056995 -0.018757265305209291 0.0022812728312536336 -0.024201941117162857 -0.017278725563426581 0.012322452835221272 0.036190088072667215
leaf_weight=0.45266980858287098 2.4635920165310381 1.8459884934709467 0.15063812831067491 0.27153472416102964 6.8274351381114684 1.4363674672349582 0.33311256181332272 11.586426960682727 2.6727709051629054 0.56070666442974459 0.13382986187934864 0.085370610730023944 0.064007358480012044 1.4548074931371944
leaf_count=17 270 210 48 9 720 242 29 1643 59 193 1 148 13 76
internal_value=0 -0.00188668 -0.0104818 -0.0182856 -0.0148597 0.00337986 -0.0233894 0.0073407 0.00402033 -0.0330071 0.0299119 0.0307369 -0.00473977 0.0341222
internal_weight=0 29.8866 11.3174 9.56256 9.29103 18.5692 2.33019 16.239 14.2592 1.99707 1.97982 1.75482 0.149378 1.60545
internal_count=3678 3661 1284 999 990 2377 464 1913 1702 435 211 285 161 124
is_linear=0
shrinkage=0.05


Tree=425
num_leaves=2
num_cat=0
split_feature=4
split_gain=1.29022
threshold=0.20276797935366633
decision_type=2
left_child=-1
right_child=-2
leaf_value=-0.035423738800182417 0.034051977440253699
leaf_weight=1.6694607080571588 0.97837746317964036
leaf_count=2768 910
internal_value=0
internal_weight=0
internal_count=3678
is_linear=0
shrinkage=0.05


Tree=426
num_leaves=3
num_cat=0
split_feature=1 6
split_gain=1.41427 0.0091171
threshold=35.923706054687507 -0.033942431211471551
decision_type=2 2
left_child=-1 -2
right_child=1 -3
leaf_value=-0.035582837473809914 -0.0011550823384109722 0.034409218496440748
leaf_weight=1.7521300633670764 0.011817683989647887 1.0994602343416768
leaf_count=2744 12 922
internal_value=0 0.0339669
internal_weight=0 1.11128
internal_count=3678 934
is_linear=0
shrinkage=0.05


Tree=427
num_leaves=14
num_cat=0
split_feature=5 10 1 8 8 4 1 5 5 0 8 3 10
split_gain=0.465144 0.419807 1.02846 0.849708 0.991764 0.661288 0.604936 0.565931 0.87534 0.608593 0.293564 0.231318 0.0834051
threshold=1.82738733291626 1.6847410202026369 2.4797496795654301 0.79365539550781261 1.315574645996094 -0.014974377583712338 1.0189357399940493 1.4415782094001772 1.6848669052124026 0.13220129907131198 -2.6907196044921871 -0.016227528452873227 0.52105930447578441
decision_type=2 2 2 2 2 2 2 2 2 2 2 2 2
left_child=1 6 5 10 -5 -3 12 9 -9 -8 -4 -7 -1
right_child=-2 2 3 4 -6 11 7 8 -10 -11 -12 -13 -14
leaf_value=-0.0036185139399865572 0.03468222328176928 0.10579066407095131 -0.00069447784666784845 0.069433982900173288 0.0016726195935191316 0.040212403552507173 -0.0024442747412867826 -0.013229301987798151 0.0089368159162112725 0.050748945129742255 -0.031451855238276233 -0.0008620088365568399 -0.039328301480283365
leaf_weight=0.21540826873389107 1.006295058352406 0.26677382091293123 1.516880878218217 0.67931047425372559 1.7751251002482602 0.97207689913921047 1.0444183156796527 9.2239831366459857 8.4322849049349298 0.98952240636572231 1.4978565544588489 0.49780692200874788 1.0616405496839432
leaf_count=13 372 4 157 39 399 14 339 1597 294 88 275 44 43
internal_value=0 0.00162116 0.0119446 0.00105376 0.0224108 0.0443179 -0.00196657 0.000272686 -0.00265249 0.0246 -0.0164953 0.0271329 -0.0340051
internal_weight=0 28.1731 7.20583 5.46917 2.45444 1.73666 20.9673 19.6902 17.6563 2.03394 3.01474 1.46988 1.27705
internal_count=3678 3306 932 870 438 62 2374 2318 1891 427 432 58 56
is_linear=0
shrinkage=0.05


Tree=428
num_leaves=15
num_cat=0
split_feature=1 3 5 5 1 3 12 7 5 3 3 6 3 12
split_gain=0.381363 0.48259 0.798815 0.785989 1.58597 0.819659 0.71789 0.677959 0.637228 1.26373 0.689676 0.576522 0.405384 0.197252
threshold=0.25374421477317816 -0.020180620253086087 1.5460148453712466 1.6848669052124026 0.7250756323337556 -0.022994195111095902 0.044277280569076545 3.089809894561768 1.7767128348350527 -0.0092058014124631864 -0.012897301465272902 0.040840309113264091 0.015510321129113437 0.089522898197174086
decision_type=2 2 2 2 2 2 2 2 2 2 2 2 2 2
left_child=-1 3 6 4 -2 -6 12 11 10 -10 -4 -5 -3 -8
right_child=1 2 8 7 5 -7 13 -9 9 -11 -12 -13 -14 -15
leaf_value=0.040642831751438097 -0.091086267747163663 0.0047438030718759024 -0.025168777920693587 -0.030700521862814981 0.022039931709322915 -0.043774450180994684 0.030929222124278878 -0.082082921349123442 0.029917964167312017 -0.031051475934913083 0.025287902880685709 -0.00057959205086387168 -0.023269740545272956 -0.01999506518484763
leaf_weight=0.43861659770482475 0.28836422099266368 1.7246758894762049 0.67371568619274125 3.2484236720774788 3.840364171366673 0.44366023322800163 1.1362786151876205 0.3299520072469021 1.3522473560879009 1.954537552577676 6.5647093517181858 3.030153076237184 4.7089213736908277 0.1538799873960669
leaf_count=17 5 274 111 207 700 53 176 21 20 44 1098 298 558 96
internal_value=0 -0.00181398 0.00319176 -0.00994884 0.00592251 0.0143811 -0.00895806 -0.0208547 0.0120913 -0.00597283 0.0203127 -0.0164006 -0.0158024 0.023854
internal_weight=0 29.4499 18.269 11.1809 4.57239 4.28402 7.72376 6.60853 10.5452 3.30678 7.23843 6.27858 6.4336 1.29016
internal_count=3678 3661 2377 1284 758 753 1104 526 1273 64 1209 505 832 272
is_linear=0
shrinkage=0.05


Tree=429
num_leaves=2
num_cat=0
split_feature=4
split_gain=1.22992
threshold=0.20276797935366633
decision_type=2
left_child=-1
right_child=-2
leaf_value=-0.035325860262164999 0.033912925340801724
leaf_weight=1.5925794170034353 0.93729089433327306
leaf_count=2768 910
internal_value=0
internal_weight=0
internal_count=3678
is_linear=0
shrinkage=0.05


Tree=430
num_leaves=3
num_cat=0
split_feature=1 6
split_gain=1.35123 0.0086902
threshold=35.923706054687507 -0.033942431211471551
decision_type=2 2
left_child=-1 -2
right_child=1 -3
leaf_value=-0.035487376443054074 -0.0010829345673645456 0.034291732020313964
leaf_weight=1.6719584053134897 0.011514347279444448 1.0565502793760966
leaf_count=2744 12 922
internal_value=0 0.0338503
internal_weight=0 1.06806
internal_count=3678 934
is_linear=0
shrinkage=0.05


Tree=431
num_leaves=10
num_cat=0
split_feature=5 5 0 8 13 10 4 5 8
split_gain=0.441105 0.392958 0.424276 0.464528 0.918486 0.645872 0.051998 0.0378851 0.00262105
threshold=1.82738733291626 1.3775355219841006 -0.024486459791660305 -5.1706542968749991 0.97851175069808971 1.7065226435661318 0.47098866105079656 1.8204647898674013 6.8807601928710946
decision_type=2 2 2 2 2 2 2 2 2
left_child=1 6 7 4 -4 -5 -1 8 -3
right_child=-2 2 3 5 -6 -7 -8 -9 -10
leaf_value=0.034414337879288041 0.034488884585924404 -0.034351964925005973 0.038334086682124249 -0.0064433451557494269 -0.0085098232986068039 0.012845081207774915 -0.0092933897362481241 0.007462456112489981 -0.0015966780265285882
leaf_weight=0.88260371214710787 0.95557340275263314 0.82562547596172109 2.1753246846201462 16.148783035867375 1.881618022220209 5.8225501239357973 0.032935418683337048 0.024271136149764061 0.016231016488745809
leaf_count=348 372 815 42 1497 42 454 93 1 14
internal_value=0 0.00155011 0.000395753 0.00159744 0.0169257 -0.00129674 0.0320817 -0.0321441 -0.033957
internal_weight=0 27.8099 26.8944 26.0283 4.05694 21.9713 0.915539 0.866128 0.841856
internal_count=3678 3306 2865 2035 84 1951 441 830 829
is_linear=0
shrinkage=0.05


Tree=432
num_leaves=15
num_cat=0
split_feature=6 5 5 1 6 3 6 1 12 1 10 3 5 5
split_gain=0.475754 0.658823 0.532095 0.457486 0.435812 0.729714 0.612446 0.531627 0.428261 0.366768 0.313324 0.31141 0.286965 0.370487
threshold=0.077119011431932463 1.4598696827888491 1.7767128348350527 0.36504799127578741 0.072765171527862563 -0.018787139095365998 0.065237961709499373 16.705840110778812 -0.098531961441040025 19.322565078735355 1.9521405100822451 0.10494993627071382 1.7483461499214175 1.5223085880279543
decision_type=2 2 2 2 2 2 2 2 2 2 2 2 2 2
left_child=4 -2 11 -4 6 -6 7 8 -1 -8 -5 -3 13 -7
right_child=1 2 3 10 5 12 9 -9 -10 -11 -12 -13 -14 -15
leaf_value=0.020206331296302185 -0.035047578462379513 0.035738535634934031 0.041576504751188924 -0.033284580509898756 -0.069066731839716747 -0.030165250902981541 0.029539919491465061 -0.027495587427250237 -0.0048018400975388242 -0.023667964816345474 0.025621006449827722 -0.025756682026158141 -0.03618763730847576 0.031202881560194858
leaf_weight=1.8003925097437008 0.54141349121346038 2.6703012471843981 0.29353809356689442 0.88217632043233585 0.57672419356822513 0.27986596376285755 1.9636546367837575 2.2653549739770815 17.251163113454826 0.306739063176792 0.21254707523621619 0.15258143370738242 0.37543626129627228 0.62179865167126991
leaf_count=112 75 312 1 68 30 17 138 1250 1495 80 17 5 2 80
internal_value=0 0.0127148 0.019526 -0.0055915 -0.00436557 -0.0270652 -0.00247478 -0.005134 -0.00234537 0.0216561 -0.0206605 0.0316471 -0.00445971 0.0110451
internal_weight=0 4.75256 4.21114 1.38826 25.4411 1.85383 23.5873 21.3169 19.0516 2.27039 1.09472 2.82288 1.2771 0.901665
internal_count=3682 478 403 86 3204 129 3075 2857 1607 218 85 317 99 97
is_linear=0
shrinkage=0.05


Tree=433
num_leaves=2
num_cat=0
split_feature=4
split_gain=1.17976
threshold=0.20276797935366633
decision_type=2
left_child=-1
right_child=-2
leaf_value=-0.035226012756449127 0.033799041492221085
leaf_weight=1.5210932958070773 0.90589029219700012
leaf_count=2770 912
internal_value=0
internal_weight=0
internal_count=3682
is_linear=0
shrinkage=0.05


Tree=434
num_leaves=3
num_cat=0
split_feature=1 0
split_gain=1.27699 0.0218145
threshold=33.872245788574226 -1.0000000180025095e-35
decision_type=2 2
left_child=-1 -2
right_child=1 -3
leaf_value=-0.035384101558056061 -0.0046588186931464277 0.034202463350065021
leaf_weight=1.5945291348616595 0.014178288547555096 1.0161493654595684
leaf_count=2759 24 899
internal_value=0 0.0333028
internal_weight=0 1.03033
internal_count=3682 923
is_linear=0
shrinkage=0.05


Tree=435
num_leaves=15
num_cat=0
split_feature=6 5 5 13 6 3 6 4 3 8 3 10 10 1
split_gain=0.418659 0.693488 0.645278 0.510953 0.441276 0.701441 0.583376 0.501247 0.737327 0.661951 0.345328 0.335136 0.295192 0.289135
threshold=0.077997677028179183 1.4598696827888491 1.7767128348350527 0.98636072874069225 0.072765171527862563 -0.00070833112113177765 0.065237961709499373 -0.019333280622959133 -0.043619574978947633 2.6548080444335942 0.10494993627071382 1.9521405100822451 2.7077127695083623 19.322565078735355
decision_type=2 2 2 2 2 2 2 2 2 2 2 2 2 2
left_child=4 -2 10 11 6 12 7 8 -1 -9 -3 -4 -6 -8
right_child=1 2 3 -5 5 -7 13 9 -10 -11 -12 -13 -14 -15
leaf_value=0.052090532118286008 0.035563918740525634 -0.038392376078706353 0.037222166752239383 -0.041074453431644675 0.029750733215957861 0.0017322650704944275 -0.02736363076989444 -0.0035477434903658164 0.0082498959099410185 0.020464140733308808 0.025874565841415904 -0.023799741975244537 0.098186029866268287 0.019737013307356867
leaf_weight=1.2427660885732619 0.60169907007366319 2.3181045359524441 0.88068436947651185 0.30287716409657139 0.51563685011933569 1.1068023964180598 1.887865642725955 12.077339945855785 3.5338457887992361 3.6566819386498528 0.160314418200869 0.21688881161389872 0.2682751280372031 0.31484988472948305
leaf_count=87 73 309 58 5 42 96 138 1848 321 601 5 17 2 80
internal_value=0 -0.010639 -0.0185198 0.00827309 0.00582729 0.0284147 0.00383074 0.00648206 0.0204905 0.00212676 -0.033393 0.0241833 0.0616296 -0.0200664
internal_weight=0 4.48057 3.87887 1.40045 24.6041 1.89071 22.7133 20.5106 4.77661 15.734 2.47842 1.09757 0.783912 2.20272
internal_count=3682 467 394 80 3215 140 3075 2857 408 2449 314 75 44 218
is_linear=0
shrinkage=0.05


Tree=436
num_leaves=15
num_cat=0
split_feature=6 5 5 6 6 3 6 1 8 3 1 3 10 5
split_gain=0.428812 0.607427 0.482853 0.427377 0.394766 0.630695 0.541593 0.490049 0.549784 0.379411 0.333786 0.292113 0.191816 0.184024
threshold=0.077119011431932463 1.4598696827888491 1.7767128348350527 0.095941126346588149 0.072765171527862563 0.0022575426846742634 0.065237961709499373 16.705840110778812 -6.3157806396484366 -0.032198214903473847 19.322565078735355 0.10494993627071382 2.7077127695083623 1.5223085880279543
decision_type=2 2 2 2 2 2 2 2 2 2 2 2 2 2
left_child=4 -2 11 9 6 12 7 8 -1 -4 -8 -3 -6 -7
right_child=1 2 3 -5 5 13 10 -9 -10 -11 -12 -13 -14 -15
leaf_value=-0.039089787724120278 -0.034524459995773193 0.035246619107454323 -0.027360384986032701 -0.035260845706090907 -0.02791021932350107 -0.029877468739828966 0.028420713095324936 -0.026553688504291181 -0.00019387868940643982 0.039416756497401229 -0.023002852086396283 -0.025203273871064066 -0.086128765146430586 0.011918499545277829
leaf_weight=0.85646875503881759 0.51102548417111293 2.5144234901526952 0.23546308866934851 0.55945844613597728 0.45818202130612817 0.2725090266758341 1.8986755981168237 2.2090584026882416 18.135254375534718 0.53381819088826865 0.29696759567013931 0.14669912526733231 0.29251483202097006 0.79885909499716945
leaf_count=182 75 312 44 36 38 17 138 1250 1425 6 80 5 2 72
internal_value=0 0.0124733 0.0191898 -0.00521327 -0.00412219 -0.0259109 -0.00232228 -0.00479971 -0.00214353 0.0181813 0.0207665 0.0311221 -0.0580533 -0.000355631
internal_weight=0 4.50089 3.98986 1.32874 25.2185 1.82206 23.3964 21.2008 18.9917 0.769281 2.19564 2.66112 0.750697 1.07137
internal_count=3682 478 403 86 3204 129 3075 2857 1607 50 218 317 40 89
is_linear=0
shrinkage=0.05


Tree=437
num_leaves=2
num_cat=0
split_feature=4
split_gain=1.12373
threshold=0.20276797935366633
decision_type=2
left_child=-1
right_child=-2
leaf_value=-0.035126217076297678 0.033642608752160449
leaf_weight=1.4550982089567699 0.8656899042543954
leaf_count=2770 912
internal_value=0
internal_weight=0
internal_count=3682
is_linear=0
shrinkage=0.05


Tree=438
num_leaves=3
num_cat=0
split_feature=0 0
split_gain=1.12186 0.0314174
threshold=0.54847639799118053 0.28338000178337103
decision_type=2 2
left_child=1 -1
right_child=-2 -3
leaf_value=-0.035090219292687831 0.033823493906182937 -0.0067453207176440258
leaf_weight=1.4331464519636941 0.91218202916206781 0.16233778069727112
leaf_count=2778 890 14
internal_value=0 -0.0327741
internal_weight=0 1.59548
internal_count=3682 2792
is_linear=0
shrinkage=0.05


Tree=439
num_leaves=14
num_cat=0
split_feature=5 6 5 6 6 3 6 12 5 1 5 10 6
split_gain=0.397407 0.410627 0.695737 0.633223 0.454924 0.610028 0.587255 0.523041 0.387012 0.308038 0.18143 0.174349 0.170965
threshold=1.82738733291626 0.077119011431932463 1.4598696827888491 0.099161725491285338 0.072765171527862563 -0.00070833112113177765 0.065237961709499373 -0.098531961441040025 1.7767128348350527 19.322565078735355 1.5223085880279543 0.25845870375633245 0.073711678385734572
decision_type=2 2 2 2 2 2 2 2 2 2 2 2 2
left_child=1 4 -3 11 6 12 7 -1 -5 -8 -7 -4 -6
right_child=-2 2 3 8 5 10 9 -9 -10 -11 -12 -13 -14
leaf_value=-0.020222509765419987 0.034240980918202282 0.035068836106731997 0.014931646210662609 -0.016794810062489295 0.087225459290504015 0.030375523570526482 -0.030630330369746384 0.0077499727324695199 0.035898709576237246 0.01907113849698271 -0.011014074810029273 -0.038153632913844424 0.029350097870092552
leaf_weight=1.7440753583796453 0.89240141829941322 0.56974258870468375 0.11455543377087529 0.64982069794496033 0.29188607627293106 0.2893772363895537 1.7057698310818517 18.120195020514078 0.55939423525705934 0.30583992299216323 0.73036048779613338 2.2599868522811448 0.42924513851176016
leaf_count=267 380 75 9 116 6 17 112 2319 6 80 74 204 17
internal_value=0 0.00202608 -0.0122894 -0.020566 0.00458496 0.0284636 0.00256384 0.00520501 0.00846179 -0.0225285 0.0023951 -0.0350927 0.0605455
internal_weight=0 27.7702 4.1535 3.58376 23.6167 1.74087 21.8759 19.8643 1.20921 2.01161 1.01974 2.37454 0.721131
internal_count=3682 3302 410 335 2892 114 2778 2586 122 192 91 213 23
is_linear=0
shrinkage=0.05


Tree=440
num_leaves=15
num_cat=0
split_feature=6 6 3 6 3 6 7 7 8 1 10 10 3 7
split_gain=0.382368 0.428662 0.425149 0.357184 0.54709 0.479659 0.47528 1.13193 0.307332 0.304763 0.283219 0.18201 0.223418 0.160984
threshold=0.077119011431932463 0.084730889648199095 -0.0087123923003673536 0.072765171527862563 0.0022575426846742634 0.065237961709499373 0.8519117832183839 1.0069709420204165 -5.4154586791992179 19.322565078735355 0.92063838243484508 0.16899351030588153 0.065317574888467803 0.86320757865905773
decision_type=2 2 2 2 2 2 2 2 2 2 2 2 2 2
left_child=3 -2 10 5 -5 6 8 -8 -1 13 -3 -6 -13 -7
right_child=1 2 -4 4 11 9 7 -9 -10 -11 -12 12 -14 -15
leaf_value=-0.032779432232261568 0.034396396556785357 -0.013934673062624317 -0.017218277853009764 -0.054412149750113305 -0.032738313497912307 -0.0081275014329717666 -0.038382375078765338 -0.0026078361701475121 0.016036302734947938 -0.022341673655109417 0.032358318771660198 0.030326212094975147 -0.017280273024499023 0.03290761202267161
leaf_weight=0.26224542273848817 1.3458544298482582 0.39649490673036791 1.4785896942848922 0.75498619813879386 0.22292178688803665 0.23768989605014157 2.4984934015519711 14.953842428454662 3.3754215192457329 0.28789020684780542 1.0557101547892669 0.48270696710096672 0.34139939335000236 1.5913448452774899
leaf_count=58 129 77 192 40 3 32 120 2374 305 80 80 58 28 106
internal_value=0 0.0121166 0.00108808 -0.00390052 -0.0247368 -0.00218339 -0.00448965 -0.00791885 0.0117342 0.0199589 0.0196355 -0.000460426 0.0108687 0.0274301
internal_weight=0 4.27665 2.93079 25.0089 1.80201 23.2069 21.09 17.4523 3.63767 2.11692 1.45221 1.04703 0.824106 1.82903
internal_count=3682 478 349 3204 129 3075 2857 2494 363 218 157 89 86 138
is_linear=0
shrinkage=0.05


Tree=441
num_leaves=3
num_cat=0
split_feature=7 10
split_gain=1.06181 0.00275433
threshold=5.3550145626068124 4.5399832725524911
decision_type=2 2
left_child=-1 -2
right_child=1 -3
leaf_value=-0.035013480145712247 0.033423163433455604 0.00047580220645792611
leaf_weight=1.3864373751348469 0.82345003000227723 0.0093188936298247427
leaf_count=2760 908 14
internal_value=0 0.033145
internal_weight=0 0.832769
internal_count=3682 922
is_linear=0
shrinkage=0.05


Tree=442
num_leaves=3
num_cat=0
split_feature=0 0
split_gain=1.06701 0.031668
threshold=0.54847639799118053 0.28338000178337103
decision_type=2 2
left_child=1 -1
right_child=-2 -3
leaf_value=-0.034983677869309719 0.033670761062649518 -0.0063892101390808174
leaf_weight=1.3699066365370529 0.87244241609005246 0.15777672780677665
leaf_count=2778 890 14
internal_value=0 -0.0326045
internal_weight=0 1.52768
internal_count=3682 2792
is_linear=0
shrinkage=0.05


Tree=443
num_leaves=13
num_cat=0
split_feature=5 8 0 0 5 8 5 5 5 12 0 0
split_gain=0.379522 0.354497 0.344885 0.521467 0.544112 0.424516 0.40942 0.40645 0.158787 0.05456 0.0113236 0.00151459
threshold=1.82738733291626 5.7985687255859384 0.13488920032978061 0.20336492359638217 1.5343727469444277 -6.3157806396484366 1.815183222293854 1.4598696827888491 1.5597794651985171 -0.084186553955078111 -0.024486459791660305 -0.051040053367614739
decision_type=2 2 2 2 2 2 2 2 2 2 2 2
left_child=1 2 5 7 -5 9 -7 -4 10 -1 11 -3
right_child=-2 8 3 4 -6 6 -8 -9 -10 -11 -12 -13
leaf_value=0.011765682609279713 0.034073462224759841 -0.0039809694660077359 0.012702610452592231 0.035359169311651659 -0.0081219095053975485 0.0040643486640729726 -0.030381697623284 -0.025686765453505084 -0.018551826051364823 0.039499520282110706 0.03565454310479188 0.0042352726569179844
leaf_weight=0.3611720882327063 0.85271510359598224 0.011866859102156013 0.77793568896595289 1.035640207162942 1.8877031175361478 16.986729540469248 0.80901680188253422 3.7000215378357098 0.096399205256602727 0.79327397546149814 0.94953716592863091 0.012714806827716529
leaf_count=26 380 19 45 104 868 1566 12 283 31 26 313 9
internal_value=0 0.00195848 0.00075958 -0.0083248 0.00794199 0.0043327 0.00233737 -0.0188858 0.028884 0.0324525 0.0348684 0.000257176
internal_weight=0 27.422 26.3515 7.4013 2.92334 18.9502 17.7957 4.47796 1.07052 1.15445 0.974119 0.0245817
internal_count=3682 3302 2930 1300 972 1630 1578 328 372 52 341 28
is_linear=0
shrinkage=0.05


Tree=444
num_leaves=15
num_cat=0
split_feature=5 5 12 12 5 12 6 12 4 3 13 6 0 7
split_gain=0.413898 0.550476 1.26931 1.16566 1.04569 1.01718 0.8149 0.654652 0.64802 0.530059 0.529815 0.341921 0.331981 0.30995
threshold=1.4415782094001772 1.6848669052124026 -0.02761021256446838 -0.034167528152465813 1.503061890602112 -0.01395943760871887 0.034099992364645011 -0.032095700502395623 -0.025996895506978032 0.039454894140362747 0.97501870989799511 0.060667989775538451 0.28338000178337103 4.6716187000274667
decision_type=2 2 2 2 2 2 2 2 2 2 2 2 2 2
left_child=10 2 3 4 -2 6 7 -3 -8 11 -1 -7 13 -4
right_child=1 5 12 -5 -6 9 8 -9 -10 -11 -12 -13 -14 -15
leaf_value=0.012926518519856493 -0.023672334945863623 -0.031032367766930538 0.02821250629951555 -0.066415856608783491 0.017921562689146093 -0.015229090603631991 -0.020217585123072274 0.031806341283948117 0.029946996857676413 0.029289981278383798 -0.03460740371113951 -0.040946050853881283 -0.026442285469643386 -0.025345089393837866
leaf_weight=0.7943390987929918 2.5462787519063568 1.6610624376480703 5.9953265042277044 0.6408356231404494 3.4224606401403435 4.1012354973354359 0.71662303995981336 0.45369438662601158 3.3589960489771329 0.42041787892230775 1.7511729964171534 1.9518370760051764 0.23870035362779152 0.208250965544721
leaf_count=291 127 87 514 47 605 296 47 24 189 47 391 134 459 440
internal_value=0 0.00092044 0.00809597 -0.00726109 7.98192e-05 -0.00648041 0.0079546 -0.0167237 0.0208535 -0.0201951 -0.0198463 -0.0240523 0.023722 0.0260411
internal_weight=0 25.7157 13.0519 6.60958 5.96874 12.6639 6.19038 2.11476 4.07562 6.47349 2.54551 6.05307 6.44228 6.20358
internal_count=3698 3016 2192 779 732 824 347 111 236 477 682 430 1413 954
is_linear=0
shrinkage=0.05


Tree=445
num_leaves=2
num_cat=0
split_feature=4
split_gain=1.02204
threshold=0.20276797935366633
decision_type=2
left_child=-1
right_child=-2
leaf_value=-0.034891477721641605 0.033351548351512668
leaf_weight=1.3186935875564816 0.79885247600032006
leaf_count=2774 924
internal_value=0
internal_weight=0
internal_count=3698
is_linear=0
shrinkage=0.05


Tree=446
num_leaves=3
num_cat=0
split_feature=1 2
split_gain=1.14549 0.0161288
threshold=33.872245788574226 0.28338000178337103
decision_type=2 2
left_child=-1 -2
right_child=1 -3
leaf_value=-0.035060349330476769 -0.0036125711455072965 0.033953100082488648
leaf_weight=1.3827775422469133 0.010655735793989041 0.94048946909606457
leaf_count=2742 21 935
internal_value=0 0.0332286
internal_weight=0 0.951145
internal_count=3698 956
is_linear=0
shrinkage=0.05


Tree=447
num_leaves=15
num_cat=0
split_feature=8 13 13 3 3 8 6 3 4 10 13 3 0 10
split_gain=0.362979 0.596577 0.708031 0.371627 0.479935 1.22359 0.713066 0.65742 0.427446 0.418242 0.356103 0.298314 0.0952446 0.0617335
threshold=-5.1706542968749991 0.97851175069808971 0.98319664597511303 0.075256917625665679 -0.022362712770700451 1.315574645996094 0.077119011431932463 -0.012284094467759131 -0.025521330535411831 0.98752436041831981 0.96504661440849315 0.022929726168513302 -0.024486459791660305 0.34692655503749853
decision_type=2 2 2 2 2 2 2 2 2 2 2 2 2 2
left_child=1 10 13 4 5 6 -2 -6 -9 -5 -1 -12 -11 -3
right_child=3 2 -4 9 7 -7 -8 8 -10 12 11 -13 -14 -15
leaf_value=-0.019789374852679321 0.02266007845715964 0.011641459976795587 0.037320177095100909 -0.014430143020605093 -0.037772569414358872 -0.034443571573575131 -0.023561223454055764 -0.023473396202792471 0.00088277322298185943 -0.011183709214940406 0.044532247701083341 -0.021928446219764943 0.036953747973246617 -0.030461328462797029
leaf_weight=0.22723670990672307 5.8633450235502167 0.043543445819523074 0.52851108880713571 0.56304268827079695 1.506491202453623 1.338298048416618 0.88684875683975395 2.1109043671458538 9.6895887505815903 0.067084025766234734 1.8598659809795206 0.12583608417480707 1.3450461619067935 1.0824461649172006
leaf_count=22 539 13 31 148 228 270 90 279 1484 20 223 10 227 114
internal_value=0 0.0163727 -0.00620785 1.55549e-05 -0.00193521 0.00761293 0.0163322 -0.00775243 -0.00363476 0.0202217 0.0327934 0.0394711 0.0340786 -0.0280164
internal_weight=0 3.86744 1.6545 23.3706 21.3955 8.08849 6.75019 13.307 11.8005 1.97517 2.21294 1.9857 1.41213 1.12599
internal_count=3698 413 158 3285 2890 899 629 1991 1763 395 255 233 247 127
is_linear=0
shrinkage=0.05


Tree=448
num_leaves=15
num_cat=0
split_feature=5 5 12 5 12 10 6 12 4 13 3 1 13 3
split_gain=0.400021 0.509389 1.18946 1.08093 0.929208 0.787449 0.748767 0.614107 0.591442 0.497027 0.492881 0.361156 0.342258 0.283308
threshold=1.4415782094001772 1.6848669052124026 -0.02761021256446838 1.6186023950576784 -0.01395943760871887 0.92063838243484508 0.034099992364645011 -0.032095700502395623 -0.025996895506978032 0.97501870989799511 0.039454894140362747 23.762004852294925 0.97845676541328441 -0.033546058461070054
decision_type=2 2 2 2 2 2 2 2 2 2 2 2 2 2
left_child=9 2 3 5 6 -2 7 -3 -8 -1 12 -4 -6 -11
right_child=1 4 11 -5 10 -7 8 -9 -10 13 -12 -13 -14 -15
leaf_value=0.012310282485908635 0.0079764820292011207 -0.030117225216051865 0.025976690824519151 0.031677948932370407 -0.032589567774576847 -0.03190521113481197 -0.019437919183247061 0.03152493192548949 0.029223438245125535 0.015131939036549427 0.029034789433862698 -0.027090535817490637 -0.0078644984551502605 -0.041293741072859103
leaf_weight=0.78390588371258063 1.9039619883988077 1.6193417487083936 5.9812761257926459 1.3323661680042276 3.6098429691337497 3.2670473647594918 0.69328860883251797 0.43937239939987183 3.2553446341771632 0.20576865835755609 0.40647604316472996 0.25981475578737434 2.3768824841827154 1.5122820810211119
leaf_count=291 250 87 840 258 271 271 47 24 189 41 47 573 159 350
internal_value=0 0.000964032 0.00795335 -0.00697634 -0.00622529 -0.0173481 0.00783592 -0.0161106 0.0204105 -0.0196272 -0.019355 0.0233751 -0.0230636 -0.0340751
internal_weight=0 25.145 12.7445 6.50338 12.4005 5.17101 6.00735 2.05871 3.94863 2.50196 6.3932 6.24109 5.98673 1.71805
internal_count=3698 3016 2192 779 824 521 347 111 236 682 477 1413 430 391
is_linear=0
shrinkage=0.05


Tree=449
num_leaves=2
num_cat=0
split_feature=4
split_gain=0.969319
threshold=0.20276797935366633
decision_type=2
left_child=-1
right_child=-2
leaf_value=-0.034762426038982691 0.033172650544748834
leaf_weight=1.2533667448369672 0.7621316238073631
leaf_count=2774 924
internal_value=0
internal_weight=0
internal_count=3698
is_linear=0
shrinkage=0.05


Tree=450
num_leaves=3
num_cat=0
split_feature=1 0
split_gain=1.08705 0.0154346
threshold=33.872245788574226 -1.0000000180025095e-35
decision_type=2 2
left_child=-1 -2
right_child=1 -3
leaf_value=-0.034931814067730639 -0.0034937815636701475 0.033797603320960684
leaf_weight=1.3137477646596383 0.010269534657709301 0.89834653894649807
leaf_count=2742 21 935
internal_value=0 0.0330715
internal_weight=0 0.908616
internal_count=3698 956
is_linear=0
shrinkage=0.05


Tree=451
num_leaves=15
num_cat=0
split_feature=5 5 12 10 12 8 8 9 8 5 3 0 3 8
split_gain=0.382563 0.620856 1.43993 1.13867 0.949133 1.58884 0.840194 0.758193 0.699452 0.654674 0.615765 0.531449 0.501642 0.448117
threshold=1.4415782094001772 1.6848669052124026 -0.02761021256446838 0.96935695409774791 -0.01395943760871887 1.315574645996094 5.1415863037109384 3.1503143310546879 2.0302429199218754 1.618214547634125 -0.019796309992671009 0.010149832814931871 -0.05619342997670173 -1.0331039428710935
decision_type=2 2 2 2 2 2 2 2 2 2 2 2 2 2
left_child=11 2 3 8 7 -6 -4 10 -2 -5 -3 -1 -9 -13
right_child=1 4 6 9 5 -7 -8 12 -10 -11 -12 13 -14 -15
leaf_value=-0.015438268167884487 -0.036391106881410611 0.0049902197379951031 -0.03641967339871887 0.033895431620905234 0.031704987288387228 -0.035411042104198993 0.010486064536905553 -0.026662379167572487 0.016133307326431784 -0.029915540590179802 -0.034527596290521066 -0.010518945077948341 0.030413737290668305 0.044527379201449814
leaf_weight=0.72419595370593315 1.5679795134055923 1.6047392957698323 4.3154191119829184 3.1925013841973855 5.4391529308195441 0.9627103264647302 1.169237504727789 0.41277297711349126 0.94800862243573636 0.37972807108599216 2.3657466949080117 0.43280662101460654 1.6110331254021728 1.5585861592262511
leaf_count=294 338 155 1334 261 382 95 79 41 43 137 101 11 50 377
internal_value=0 0.000236146 -0.00805638 0.00863862 0.00798045 0.0212227 -0.0264114 -0.00627835 -0.0167401 0.0264824 -0.0188256 0.0197201 0.0180653 0.0326328
internal_weight=0 23.969 11.5729 6.08822 12.3962 6.40186 5.48466 5.99429 2.51599 3.57223 3.97049 2.71559 2.02381 1.99139
internal_count=3698 3016 2192 779 824 477 1413 347 381 398 256 682 91 388
is_linear=0
shrinkage=0.05


Tree=452
num_leaves=15
num_cat=0
split_feature=5 13 5 12 12 5 12 8 8 9 13 3 9 0
split_gain=0.358934 0.467829 0.449857 1.06823 1.0477 0.94111 0.814996 1.50502 0.699427 0.658011 0.57934 0.529114 0.457474 0.332815
threshold=1.4415782094001772 0.97501870989799511 1.6848669052124026 -0.02761021256446838 -0.034167528152465813 1.503061890602112 -0.01395943760871887 1.315574645996094 5.7266311645507821 3.1503143310546879 0.97986841201782238 -0.018787139095365998 0.64700317382812511 0.28338000178337103
decision_type=2 2 2 2 2 2 2 2 2 2 2 2 2 2
left_child=1 -1 3 4 5 -2 9 12 13 11 -11 -4 -8 -5
right_child=2 -3 6 8 -6 -7 7 -9 -10 10 -12 -13 -14 -15
leaf_value=0.012337837116228694 -0.02229979364668418 -0.033247535406383831 -0.0036675758217661887 0.030491847230501336 -0.062235035614529172 0.018029630847689992 -0.013859626075956291 0.034496361783372925 -0.02928736899552576 0.0068727624390610116 -0.046272170421401429 0.033588520921392855 -0.043887534916687065 -0.025346414314756573
leaf_weight=0.76592397555942016 2.4390641080244677 1.6503991286372182 1.5246752530511001 5.2515820830594739 0.648048917370036 3.2620712613570504 2.6753940870403294 1.0375136158836538 0.50946273282170285 1.1712501066649563 0.78296313350438129 2.3637861546594654 2.5694367881296785 0.20824779002577987
leaf_count=291 127 391 156 904 47 605 221 95 57 77 14 100 161 452
internal_value=0 -0.0188818 0.000947476 0.00764655 -0.00659906 0.000688882 -0.00586536 -0.0182348 0.0226578 0.00751794 -0.015636 0.0192546 -0.0291162 0.0279445
internal_weight=0 2.41632 24.4435 12.3185 6.34918 5.70114 12.125 6.28234 5.96929 5.84267 1.95421 3.88846 5.24483 5.45983
internal_count=3698 682 3016 2192 779 732 824 477 1413 347 91 256 382 1356
is_linear=0
shrinkage=0.05


Tree=453
num_leaves=2
num_cat=0
split_feature=4
split_gain=0.920995
threshold=0.20276797935366633
decision_type=2
left_child=-1
right_child=-2
leaf_value=-0.034621427147516495 0.033005386071595616
leaf_weight=1.1885452676942803 0.73038447555154573
leaf_count=2774 924
internal_value=0
internal_weight=0
internal_count=3698
is_linear=0
shrinkage=0.05


Tree=454
num_leaves=3
num_cat=0
split_feature=1 0
split_gain=1.02746 0.0147624
threshold=33.872245788574226 -1.0000000180025095e-35
decision_type=2 2
left_child=-1 -2
right_child=1 -3
leaf_value=-0.034791454113831569 -0.0033794281476876645 0.033621368684126247
leaf_weight=1.2452831089540271 0.0099002825445495546 0.85445640760008235
leaf_count=2742 21 935
internal_value=0 0.0328911
internal_weight=0 0.864357
internal_count=3698 956
is_linear=0
shrinkage=0.05


Tree=455
num_leaves=15
num_cat=0
split_feature=3 5 8 12 12 13 5 9 8 0 8 5 5 4
split_gain=0.351365 0.39022 0.514425 1.08732 0.926413 1.11447 0.693266 0.641702 0.623649 0.493391 0.434641 0.222826 0.210273 0.045079
threshold=-0.11046824231743811 1.4415782094001772 -1.665077209472656 -0.050231665372848504 -0.028693765401840206 0.97663608193397533 1.503061890602112 3.1503143310546879 5.1415863037109384 0.010149832814931871 -1.0331039428710935 1.4067251086235049 1.6919204592704775 0.42714795470237737
decision_type=2 2 2 2 2 2 2 2 2 2 2 2 2 2
left_child=12 9 4 6 7 -6 -4 -3 -5 11 -11 13 -1 -2
right_child=1 2 3 8 5 -7 -8 -9 -10 10 -12 -13 -14 -15
leaf_value=-0.019229402078378924 0.026207746932203121 -0.018053137209941617 0.041884293100387444 -0.024414484786823017 0.044381337202235638 -0.0017491178682373918 -0.0086877155175593967 0.014274164524922384 0.0083669224725414579 -0.010766626981765802 0.043953400403211391 -0.03355557370943487 0.043595067956126929 -0.011418651881812947
leaf_weight=0.10203975785407493 0.20723837171681525 4.1073199777310947 1.3926191222708486 6.6303292361844672 2.587845320638742 2.5385262004856486 1.188335384314996 2.3263001044251723 1.7951405233470721 0.42660313218948465 1.481287244416307 0.45538858883082867 0.64800489976187237 0.04376672423677519
leaf_count=16 34 400 40 1420 266 231 278 132 94 11 377 102 143 154
internal_value=0 0.0011006 -0.00104927 -0.00874597 0.00629101 0.0219416 0.0191442 -0.00632451 -0.0174138 0.0190132 0.0317912 -0.0151613 0.0337914 0.018263
internal_weight=0 25.1807 22.5664 11.0064 11.56 5.12637 2.58095 6.43362 8.42547 2.61428 1.90789 0.706394 0.750045 0.251005
internal_count=3698 3539 2861 1832 1029 497 318 532 1514 678 388 290 159 188
is_linear=0
shrinkage=0.05


Tree=456
num_leaves=13
num_cat=0
split_feature=5 8 12 5 5 5 9 9 0 8 9 5
split_gain=0.284645 0.300971 0.851755 0.705473 0.411387 1.57648 1.01445 0.757847 0.734861 0.425408 0.328931 0.354022
threshold=1.3904049396514895 -4.7429733276367179 -0.056903272867202752 1.6159114837646487 1.6006698012351992 1.5937870144844057 0.74185180664062511 1.371849060058594 0.13220129907131198 -1.699440002441406 -5.1760787963867179 1.7995837926864626
decision_type=2 2 2 2 2 2 2 2 2 2 2 2
left_child=-1 2 10 -4 5 7 9 -3 -8 -6 -2 -12
right_child=1 4 3 -5 6 -7 8 -9 -10 -11 11 -13
leaf_value=-0.032973300706253351 -0.030727550053267168 -0.010727010991922546 0.0282424379366524 -0.045706212446897286 0.0070701034880477969 -0.071479599884780587 -0.017039989711122874 0.019309474067406782 0.025394187609279029 0.034317031312061125 0.026300691375646935 -0.028639549654591402
leaf_weight=0.62814011907903733 0.34043062824639525 5.859511025599204 0.31501459344872573 1.8829226902307707 2.6855090316385084 0.74744447032571848 4.3851396552927326 3.1426851367432391 1.2258252319297751 3.1368806210957629 1.5913966590524067 0.268624221018399
leaf_count=480 14 746 32 285 250 58 210 545 372 524 77 72
internal_value=0 -0.0012612 -0.0130083 -0.0343399 0.00122761 -0.00628329 0.00763139 -0.000144272 -0.00748708 0.0220813 0.00886535 0.0173099
internal_weight=0 25.5814 4.39839 2.19794 21.183 9.74964 11.4334 9.0022 5.61096 5.82239 2.20045 1.86002
internal_count=3665 3185 480 317 2705 1349 1356 1291 582 774 163 149
is_linear=0
shrinkage=0.05


Tree=457
num_leaves=2
num_cat=0
split_feature=4
split_gain=0.864226
threshold=0.20276797935366633
decision_type=2
left_child=-1
right_child=-2
leaf_value=-0.034464953885453765 0.032766401959346679
leaf_weight=1.1230089876989948 0.68880294429254729
leaf_count=2761 904
internal_value=0
internal_weight=0
internal_count=3665
is_linear=0
shrinkage=0.05


Tree=458
num_leaves=3
num_cat=0
split_feature=1 6
split_gain=0.95794 0.0160719
threshold=33.872245788574226 -0.040272245183587067
decision_type=2 2
left_child=-1 -2
right_child=1 -3
leaf_value=-0.034639197242061374 -0.0036772191386580341 0.0333839083439363
leaf_weight=1.1768161431682527 0.010867672797758132 0.80026988300960522
leaf_count=2722 24 919
internal_value=0 0.0325383
internal_weight=0 0.811138
internal_count=3665 943
is_linear=0
shrinkage=0.05


Tree=459
num_leaves=15
num_cat=0
split_feature=4 4 8 12 5 5 5 5 3 10 6 7 7 5
split_gain=0.48555 0.422017 0.465049 0.93929 0.874758 1.63015 1.24688 0.684969 0.365273 0.427459 0.327832 0.267125 0.314512 0.165274
threshold=0.043104073032736785 0.039020920172333724 -4.7429733276367179 -0.069421350955963121 1.6006698012351992 1.5937870144844057 1.7146476507186892 1.6159114837646487 0.024756243452429775 0.34692655503749853 0.051174577325582511 2.5370558500289921 2.0046691894531254 1.4718365073204043
decision_type=2 2 2 2 2 2 2 2 2 2 2 2 2 2
left_child=1 2 3 10 5 -4 -6 -5 11 -10 -1 12 -3 -2
right_child=13 8 4 7 6 -7 -8 -9 9 -11 -12 -13 -14 -15
leaf_value=0.031290970131523779 0.010186734716462413 -0.027092418186965617 0.004106717084227462 -0.029367856971148378 -0.036872433095462891 0.079650052937142279 0.0024577099108065176 0.044819592659123143 0.038877694094286958 -0.031112969249463624 -0.024628663333045434 0.060594277083509555 0.039948837253374656 -0.027492351747334578
leaf_weight=0.2389544897887389 0.30117912832065385 0.21923410345334449 8.2248860779218376 0.28724382750807409 3.0144762138806964 0.6835164759395419 5.6771139412012417 2.3095322352019139 0.2763164656353182 0.41940968282870017 1.1746859203558413 0.71444645736482926 0.30048386030830443 1.4918124972900839
leaf_count=20 396 21 910 16 939 40 274 288 2 24 46 9 3 677
internal_value=0 0.0053705 0.00330668 0.0184493 -0.000228518 0.0107228 -0.0114473 0.0358286 0.0271792 -0.00192285 -0.0137335 0.0424991 0.0118603 -0.0209594
internal_weight=0 23.5403 21.6104 4.01042 17.6 8.9084 8.69159 2.59678 1.92989 0.695726 1.41364 1.23416 0.519718 1.79299
internal_count=3665 2592 2533 370 2163 950 1213 304 59 26 66 33 24 1073
is_linear=0
shrinkage=0.05


Tree=460
num_leaves=13
num_cat=0
split_feature=1 10 10 12 8 8 5 10 8 5 9 1
split_gain=0.330268 0.246728 0.69304 0.382286 0.721053 0.646218 0.147953 0.0942223 0.0776802 0.0366047 0.02193 0.0150788
threshold=0.36504799127578741 2.7567716836929326 2.5972163677215581 0.044277280569076545 -1.1624069213867185 2.5210037231445317 1.4433003067970278 2.7077127695083623 -2.5703582763671871 1.547989070415497 0.74185180664062511 15.358086109161379
decision_type=2 2 2 2 2 2 2 2 2 2 2 2
left_child=10 2 3 5 -5 -2 -3 9 -8 -4 -1 -10
right_child=1 6 7 4 -6 -7 8 -9 11 -11 -12 -13
leaf_value=0.036828349371192969 -0.0011068239310066624 -0.020875571343571309 -0.03178180184698659 -0.022604468606011008 0.024519986965248042 -0.025163455437286854 -0.01361326948780792 -0.066861563677789948 0.032482938600337748 -0.0013558918786111499 0.010238071928299727 0.0048585683639219713
leaf_weight=0.43713226876571099 16.06739433328768 0.11905283753003348 0.2984146894159484 1.0321141782987981 2.845234624852309 3.2812294830364399 0.055683442151348572 0.32940664577472489 0.76984211636590771 0.14375323768763337 0.2078793830878567 0.093677782788290642
leaf_count=17 1900 89 21 221 733 451 37 10 57 31 14 84
internal_value=0 -0.00300573 -0.0040691 -0.00241583 0.011723 -0.00529487 0.0197704 -0.0478486 0.0265665 -0.0239646 0.0307831 0.0303014
internal_weight=0 25.0358 23.9975 23.226 3.87735 19.3486 1.03826 0.771575 0.919203 0.442168 0.645012 0.86352
internal_count=3665 3634 3367 3305 954 2351 267 62 178 52 31 141
is_linear=0
shrinkage=0.05


Tree=461
num_leaves=2
num_cat=0
split_feature=4
split_gain=0.823177
threshold=0.20276797935366633
decision_type=2
left_child=-1
right_child=-2
leaf_value=-0.034328244510940922 0.032588070866342682
leaf_weight=1.071334407875838 0.6604322937782855
leaf_count=2761 904
internal_value=0
internal_weight=0
internal_count=3665
is_linear=0
shrinkage=0.05


Tree=462
num_leaves=3
num_cat=0
split_feature=1 4
split_gain=0.918135 0.0154069
threshold=33.872245788574226 0.84820985794067394
decision_type=2 2
left_child=-1 -2
right_child=1 -3
leaf_value=-0.03450711314300519 0.033258939814146196 -0.0035581880210050123
leaf_weight=1.1231890218114129 0.77425182284787308 0.010479173244675621
leaf_count=2722 919 24
internal_value=0 0.0324207
internal_weight=0 0.784731
internal_count=3665 943
is_linear=0
shrinkage=0.05


Tree=463
num_leaves=15
num_cat=0
split_feature=4 4 8 12 5 5 5 5 3 10 0 7 7 5
split_gain=0.446418 0.404643 0.429127 0.870407 0.777428 1.35121 1.20348 0.637901 0.340349 0.403867 0.271686 0.249322 0.298257 0.155949
threshold=0.043104073032736785 0.039020920172333724 -4.7429733276367179 -0.069421350955963121 1.6006698012351992 1.5937870144844057 1.7146476507186892 1.6159114837646487 0.024756243452429775 0.34692655503749853 -0.012591708917170761 2.5370558500289921 2.0046691894531254 1.4718365073204043
decision_type=2 2 2 2 2 2 2 2 2 2 2 2 2 2
left_child=1 2 3 10 5 -4 -6 -5 11 -10 -1 12 -3 -2
right_child=13 8 4 7 6 -7 -8 -9 9 -11 -12 -13 -14 -15
leaf_value=0.030242806376507492 0.010062025000272945 -0.026847787367406326 0.0038217968051284298 -0.028889916154286311 -0.036784966094696767 0.071152847050382315 0.0025263864324262617 0.044261998457857006 0.038013754721250709 -0.030821455503842982 -0.022944763263604846 0.059093805519216391 0.039068698805620306 -0.026942734157123484
leaf_weight=0.20592704135924589 0.29380880438838985 0.21295646487851516 8.1732333245308837 0.27276651945431796 2.8671514571760763 0.7215280229138451 5.6282565669098403 2.1838845482270699 0.26974593545310188 0.40329712443053722 1.1565505216713063 0.70485177624505013 0.29294366925023496 1.4434283934533594
leaf_count=4 396 21 910 16 939 40 274 288 2 24 62 9 3 677
internal_value=0 0.00513917 0.00310375 0.0180502 -0.000263125 0.0100139 -0.0110146 0.0353275 0.0267439 -0.00188465 -0.0133877 0.0415879 0.0114699 -0.0204773
internal_weight=0 23.0931 21.2093 3.81913 17.3902 8.89476 8.49541 2.45665 1.88379 0.673043 1.36248 1.21075 0.5059 1.73724
internal_count=3665 2592 2533 370 2163 950 1213 304 59 26 66 33 24 1073
is_linear=0
shrinkage=0.05


Tree=464
num_leaves=12
num_cat=0
split_feature=1 3 4 8 5 12 7 7 7 5 5
split_gain=0.30886 0.244993 0.305235 0.551305 1.27719 0.95195 0.388214 0.498669 0.444802 0.232761 0.0129817
threshold=0.36504799127578741 -0.11046824231743811 0.014947440940886738 -1.7576446533203123 1.6006698012351992 -0.031094759702682492 0.98486655950546276 2.3322545289993291 0.86320757865905773 1.6171665787696841 1.7252358794212344
decision_type=2 2 2 2 2 2 2 2 2 2 2
left_child=10 9 3 5 -5 -3 8 -8 -4 -2 -1
right_child=1 2 6 4 -6 -7 7 -9 -10 -11 -12
leaf_value=0.011836754342435436 0.020339026946124994 0.0074454410531168613 0.0052807746878770316 -0.0055869786644693028 0.031812506254209831 -0.030026461866347817 0.0088507949177287597 -0.018640813350053537 -0.04931441256932359 -0.042532790050505927 0.035839049238035096
leaf_weight=0.218909041723239 0.12357991901808674 3.8609709127194947 0.53143184482905681 5.4621120205774734 3.7919165415805764 2.8790977830358377 3.3858402574333013 3.0396224520591204 1.0249695510137824 0.57088121389824664 0.40693399350857362
leaf_count=20 12 274 55 612 701 304 386 1112 28 150 11
internal_value=0 -0.00286741 -0.00195381 0.0020365 0.00991404 -0.00876608 -0.00987587 -0.00424072 -0.0314795 -0.0301929 0.0302309
internal_weight=0 24.6704 23.976 15.9941 9.25403 6.74007 7.98186 6.42546 1.5564 0.694461 0.625843
internal_count=3665 3634 3472 1891 1313 578 1581 1498 83 162 31
is_linear=0
shrinkage=0.05


Tree=465
num_leaves=2
num_cat=0
split_feature=4
split_gain=0.786538
threshold=0.20276797935366633
decision_type=2
left_child=-1
right_child=-2
leaf_value=-0.03419735809865658 0.032415581327539848
leaf_weight=1.0257637654431162 0.63485730526736017
leaf_count=2761 904
internal_value=0
internal_weight=0
internal_count=3665
is_linear=0
shrinkage=0.05


Tree=466
num_leaves=3
num_cat=0
split_feature=1 0
split_gain=0.87684 0.0147516
threshold=33.872245788574226 0.28338000178337103
decision_type=2 2
left_child=-1 -2
right_child=1 -3
leaf_value=-0.034384176693806889 -0.0034435339779437888 0.03309731792073381
leaf_weight=1.0767049039932315 0.010107515176059789 0.74286174337612465
leaf_count=2722 24 919
internal_value=0 0.0322606
internal_weight=0 0.752969
internal_count=3665 943
is_linear=0
shrinkage=0.05


Tree=467
num_leaves=15
num_cat=0
split_feature=4 4 8 5 9 5 5 4 3 10 7 7 5 3
split_gain=0.409018 0.377528 0.407437 0.709323 1.28052 1.16644 0.555962 0.362373 0.307705 0.378073 0.221334 0.286214 0.151713 0.151129
threshold=0.043104073032736785 0.039020920172333724 -4.7429733276367179 1.6006698012351992 1.0715942382812502 1.7146476507186892 1.6159114837646487 -0.019922864623367783 0.024756243452429775 0.34692655503749853 2.5370558500289921 2.0046691894531254 1.4718365073204043 -0.11046824231743811
decision_type=2 2 2 2 2 2 2 2 2 2 2 2 2 2
left_child=1 2 6 4 -4 -5 -1 -8 10 -10 11 -3 -2 -14
right_child=12 8 3 5 -6 -7 7 -9 9 -11 -12 -13 13 -15
leaf_value=-0.031517681439016121 0.010261743256221822 -0.026603058516819142 0.022040106981910997 -0.036724377078037357 -0.018583131434940375 0.0025021334554746885 0.046575851996839168 0.011780610983504636 0.037069941146867784 -0.030432496916204789 0.05665824327502731 0.038457865019838069 0.010290977377723949 -0.032645585458348413
leaf_weight=0.41791457885120609 0.29053362774720781 0.20811530618811847 6.1347918625833717 2.7560374062013562 2.7274330733780516 5.5985604045854416 1.1284997441398448 2.1709135197743308 0.26213280711090181 0.38592325992067344 0.6970437842537649 0.287300058407709 0.19450726924696926 1.2086211816931607
leaf_count=25 396 21 549 939 401 274 100 245 2 24 9 3 15 662
internal_value=0 0.00491314 0.0029425 -0.000332319 0.00947007 -0.0107193 0.0177212 0.0247017 0.0260206 -0.00182288 0.0401228 0.0112492 -0.0198936 -0.0264049
internal_weight=0 22.7747 20.9342 17.2168 8.86222 8.3546 3.71733 3.29941 1.84052 0.648056 1.19246 0.495415 1.69366 1.40313
internal_count=3665 2592 2533 2163 950 1213 370 345 59 26 33 24 1073 677
is_linear=0
shrinkage=0.05


Tree=468
num_leaves=15
num_cat=0
split_feature=8 12 12 8 6 12 6 3 3 3 1 10 8 12
split_gain=0.441484 0.906156 0.587063 0.469906 0.864282 0.766623 0.629657 0.85885 0.450096 0.425642 0.406603 0.389813 0.325876 0.324213
threshold=3.0568466186523442 0.027514547109603885 0.085924535989761366 -1.7576446533203123 0.010292359162122013 -0.045343816280364983 0.064765661954879775 -0.012897301465272902 -0.042970731854438775 -0.0087123923003673536 11.347315311431887 0.032745556905865676 5.7985687255859384 0.098205983638763442
decision_type=2 2 2 2 2 2 2 2 2 2 2 2 2 2
left_child=2 8 3 6 10 -6 7 -1 -2 -8 -5 -10 -3 -4
right_child=1 12 13 4 5 -7 9 -9 11 -11 -12 -13 -14 -15
leaf_value=-0.025750641424904866 0.027127252082533942 0.026279841408732879 -0.045875636763380856 0.0043721140245811824 -0.0037391869818960513 0.031560690552470211 0.027559771107731675 0.012207847259002737 0.024772261417095404 -0.0042303433853334372 -0.042310106432227462 -0.042551220097782408 -0.02160967225250638 0.0036686109088874051
leaf_weight=3.8758454332855763 0.23176568522467311 1.2971680525515692 0.79606938912183867 0.99127521754417258 2.1360296379280088 5.2199515493266473 2.2458288430425455 2.3072391449532059 0.17154273226333261 1.868055034370627 0.75380497191508766 2.3459542234850232 0.39224796456983302 0.50089397404371994
leaf_count=511 15 268 75 136 251 662 169 321 7 119 371 360 170 223
internal_value=0 -0.0137202 0.00349196 0.00571948 0.0139318 0.0213976 -0.0016032 -0.0116174 -0.0310086 0.0133665 -0.016993 -0.0371926 0.0145746 -0.0278485
internal_weight=0 4.43868 20.695 19.398 9.10106 7.35598 10.297 6.18308 2.74926 4.11388 1.74508 2.5175 1.68942 1.29696
internal_count=3658 820 2838 2540 1420 913 1120 832 382 288 507 367 438 298
is_linear=0
shrinkage=0.05


Tree=469
num_leaves=2
num_cat=0
split_feature=4
split_gain=0.761853
threshold=0.20276797935366633
decision_type=2
left_child=-1
right_child=-2
leaf_value=-0.034073032679613723 0.032320225608169932
leaf_weight=0.98576202793628909 0.62148149183485657
leaf_count=2736 922
internal_value=0
internal_weight=0
internal_count=3658
is_linear=0
shrinkage=0.05


Tree=470
num_leaves=3
num_cat=0
split_feature=0 0
split_gain=0.750141 0.027663
threshold=0.54847639799118053 0.28338000178337103
decision_type=2 2
left_child=1 -1
right_child=-2 -3
leaf_value=-0.034022348629067951 0.032519955217589394 -0.0046898598990710964
leaf_weight=0.97037691551668082 0.65010112564777967 0.12482278526294976
leaf_count=2751 892 15
internal_value=0 -0.0313513
internal_weight=0 1.0952
internal_count=3658 2766
is_linear=0
shrinkage=0.05


Tree=471
num_leaves=15
num_cat=0
split_feature=8 12 3 13 4 8 12 12 5 3 9 8 3 5
split_gain=0.469682 0.902003 0.602243 0.70424 0.562739 0.673442 0.750175 0.55922 0.510242 0.498924 0.487085 0.460567 0.459214 0.495636
threshold=3.0568466186523442 0.027514547109603885 -0.020180620253086087 0.97802749276161205 0.018433020450174812 -4.1950836181640616 -0.05559867620468139 -0.054775387048721307 1.503061890602112 -0.022994195111095902 0.68643188476562511 1.315574645996094 -0.012284094467759131 1.6186023950576784
decision_type=2 2 2 2 2 2 2 2 2 2 2 2 2 2
left_child=2 12 3 11 5 6 -4 -7 -3 10 -5 -1 -2 -14
right_child=1 8 4 9 -6 7 -8 -9 -10 -11 -12 -13 13 -15
leaf_value=0.027251637105184762 -0.023172984604638996 0.028687243673813635 -0.020145667255552249 -0.024480765201287974 -0.031061021303713122 0.0081172520830700579 0.045175082000584565 -0.020583168365702027 -0.030215055241759742 0.042325464814419352 0.011881588596468248 -0.029834983239482193 0.044729107972807075 -0.026639541459894528
leaf_weight=3.7299166984303191 0.27650229680875815 0.42334287926496461 0.60521162408986118 2.5768204921769216 2.3947590565803702 2.5089327369205439 1.1519413461355741 4.8743462614511319 1.1991275670588946 0.37194681708933774 1.3293513168464413 0.30736577865900461 2.3635298787994539 0.20446138986153517
leaf_count=568 40 212 20 258 827 206 32 616 226 20 209 82 320 22
internal_value=0 0.0151339 -0.00264178 0.00756297 -0.00999989 -0.00420552 0.0228035 -0.0108523 -0.0140728 -0.00652616 -0.0121182 0.0222894 0.0317053 0.0382613
internal_weight=0 4.46696 19.8506 8.3154 11.5352 9.14043 1.75715 7.38328 1.62247 4.27812 3.90617 4.03728 2.84449 2.56799
internal_count=3658 820 2838 1137 1701 874 52 822 438 487 467 650 382 342
is_linear=0
shrinkage=0.05


Tree=472
num_leaves=15
num_cat=0
split_feature=8 12 12 8 6 12 6 3 3 3 1 10 8 12
split_gain=0.392614 0.80695 0.543207 0.422546 0.793505 0.733198 0.578203 0.781023 0.411364 0.394648 0.372696 0.355606 0.305147 0.295802
threshold=3.0568466186523442 0.027514547109603885 0.085924535989761366 -1.7576446533203123 0.010292359162122013 -0.045343816280364983 0.064765661954879775 -0.012897301465272902 -0.042970731854438775 -0.0087123923003673536 11.347315311431887 0.032745556905865676 5.7985687255859384 0.098205983638763442
decision_type=2 2 2 2 2 2 2 2 2 2 2 2 2 2
left_child=2 8 3 6 10 -6 7 -1 -2 -8 -5 -10 -3 -4
right_child=1 12 13 4 5 -7 9 -9 11 -11 -12 -13 -14 -15
leaf_value=-0.024746817668176959 0.02664162229384073 0.025722471752662426 -0.044556966627528324 0.0040705126929239431 -0.003898296308552221 0.03089110966450961 0.026838633316624901 0.011727800964161914 0.024262986143173338 -0.0040339606098704949 -0.041010855349212026 -0.041024965734583058 -0.021269403175220154 0.0032161723751927642
leaf_weight=3.8173375354162999 0.22196114799589883 1.2375499465561004 0.77740369589446234 0.97953960450831956 2.119527127098995 5.0307095490279563 2.1925324657640886 2.270647730896604 0.1640904072701227 1.8454585216823032 0.73585079539043363 2.261039850236557 0.38127574785903551 0.49360210140730487
leaf_count=511 15 268 75 136 251 662 169 321 7 119 371 360 170 223
internal_value=0 -0.0132178 0.00330568 0.00547349 0.0133796 0.020667 -0.0015117 -0.0111731 -0.0298048 0.0129726 -0.0164618 -0.0358215 0.0140611 -0.0271227
internal_weight=0 4.26592 20.2626 18.9916 8.86563 7.15024 10.126 6.08799 2.64709 4.03799 1.71539 2.42513 1.61883 1.27101
internal_count=3658 820 2838 2540 1420 913 1120 832 382 288 507 367 438 298
is_linear=0
shrinkage=0.05


Tree=473
num_leaves=2
num_cat=0
split_feature=4
split_gain=0.721882
threshold=0.20276797935366633
decision_type=2
left_child=-1
right_child=-2
leaf_value=-0.03391421711758124 0.032102427115236733
leaf_weight=0.93834864789096173 0.59257838339544833
leaf_count=2736 922
internal_value=0
internal_weight=0
internal_count=3658
is_linear=0
shrinkage=0.05


Tree=474
num_leaves=3
num_cat=0
split_feature=1 7
split_gain=0.793892 0.0131555
threshold=33.872245788574226 29.632671356201175
decision_type=2 2
left_child=-1 -2
right_child=1 -3
leaf_value=-0.034128329520376068 0.032710974041253067 -0.0031523774544977728
leaf_weight=0.99035937927328632 0.67579083424061537 0.0091748099075630307
leaf_count=2732 902 24
internal_value=0 0.0318902
internal_weight=0 0.684966
internal_count=3658 926
is_linear=0
shrinkage=0.05


Tree=475
num_leaves=15
num_cat=0
split_feature=8 12 3 6 6 8 13 3 3 10 10 6 8 10
split_gain=0.416513 0.807309 0.531733 0.721649 0.592623 0.606309 0.439556 0.42094 0.40277 0.702409 0.667177 0.471717 0.360554 0.354423
threshold=3.0568466186523442 0.027514547109603885 -0.020180620253086087 0.074356328696012511 0.060000568628311164 -0.089088439941406236 0.98086568713188182 -0.012284094467759131 0.075256917625665679 0.76656156778335582 0.50660228729248058 0.089667595922946944 5.7985687255859384 0.047286394983530051
decision_type=2 2 2 2 2 2 2 2 2 2 2 2 2 2
left_child=2 7 3 4 5 -1 -6 -2 9 10 -4 -11 -3 -9
right_child=1 12 8 -5 6 -7 -8 13 -10 11 -12 -13 -14 -15
leaf_value=0.013124727151815807 -0.022749080857921374 -0.027859656448287803 -0.010841760420510672 -0.025026252673464696 0.053592335852745247 -0.032245336703491771 -0.021142535512680798 -0.02373720128394205 0.017466435611621249 -0.028940497425915965 0.030534145822168009 0.011733854812818453 0.02214828418264099 0.041970114783390931
leaf_weight=4.7193676178430897 0.26653681075549718 1.1281183968822004 2.8302322269300912 1.3478788012725997 1.139750947608263 0.77180107716413182 0.17825489876850031 0.16117558832047452 1.1552348808327231 5.1798700632207328 1.3607352514591182 0.7685791768162743 0.4244125261902808 2.3084308356192196
leaf_count=610 40 268 373 183 76 224 44 8 85 992 192 59 170 334
internal_value=0 0.0145702 -0.00247487 0.00720166 0.0138511 0.00628516 0.0427065 0.0305147 -0.00946518 -0.0126742 0.0029908 -0.023578 -0.0136761 0.0369249
internal_weight=0 4.28867 19.4517 8.15705 6.80917 5.49117 1.31801 2.73614 11.2947 10.1394 4.19097 5.94845 1.55253 2.46961
internal_count=3658 820 2838 1137 954 834 120 382 1701 1616 565 1051 438 342
is_linear=0
shrinkage=0.05


Tree=476
num_leaves=15
num_cat=0
split_feature=8 12 12 5 9 8 5 6 6 5 4 11 5 11
split_gain=0.347103 0.717402 0.49221 0.42767 0.408417 0.380808 0.941742 0.771297 0.511863 0.69882 0.467469 0.370296 0.321631 0.232516
threshold=3.0568466186523442 0.027514547109603885 0.085924535989761366 1.5038489699363711 -1.7535858154296873 -1.7576446533203123 1.4598696827888491 0.0080920280888676661 0.064765661954879775 1.5922738909721377 -0.022646515630185601 -0.0087123923003673536 1.6980305314064028 -0.012284094467759131
decision_type=2 2 2 2 2 2 2 2 2 2 2 2 2 2
left_child=2 4 5 -3 -2 8 10 -8 9 -1 -7 -10 -4 -14
right_child=1 3 12 -5 -6 6 7 -9 11 -11 -12 -13 13 -15
leaf_value=0.028507637752509377 -0.052473318903240945 -0.030318935063312697 0.016074069990544067 0.027096279328341456 -0.011533374633927552 0.019101604220876426 -0.014341894945702033 0.031074435842320631 0.025979555238206775 -0.017707179456165015 -0.026817989118520111 -0.0041584146079826695 -0.048193584184900759 0.01401603008368014
leaf_weight=0.87717611415428631 0.97605716116231667 0.33919871426769521 0.28999305478646309 1.2204516194760797 1.5807913841708785 0.71324944237130727 1.0765865700377615 5.1232203516410664 2.1352129085935307 5.1222468989217305 1.7202583627222354 1.8292476737697141 0.82792702088772785 0.13302604654745664
leaf_count=319 121 213 222 225 261 19 340 888 169 513 173 119 57 19
internal_value=0 -0.0126613 0.00312814 0.013535 -0.0285487 0.00521927 0.012842 0.0230855 -0.00144746 -0.0105935 -0.0131365 0.0123134 -0.0260449 -0.0390724
internal_weight=0 4.1165 19.8481 1.55965 2.55685 18.5972 8.63331 6.19981 9.96388 5.99942 2.43351 3.96446 1.25095 0.960953
internal_count=3658 820 2838 438 382 2540 1420 1228 1120 832 192 288 298 76
is_linear=0
shrinkage=0.05


Tree=477
num_leaves=2
num_cat=0
split_feature=4
split_gain=0.685494
threshold=0.20276797935366633
decision_type=2
left_child=-1
right_child=-2
leaf_value=-0.033754155786982293 0.03188961148503934
leaf_weight=0.89455518306567683 0.56647828931454569
leaf_count=2736 922
internal_value=0
internal_weight=0
internal_count=3658
is_linear=0
shrinkage=0.05


Tree=478
num_leaves=3
num_cat=0
split_feature=1 0
split_gain=0.759018 0.0126118
threshold=33.872245788574226 0.28338000178337103
decision_type=2 2
left_child=-1 -2
right_child=1 -3
leaf_value=-0.033977272089820765 -0.0030521248261861228 0.032556524869599583
leaf_weight=0.945085688643303 0.0088572888926137239 0.65207956472295336
leaf_count=2732 24 902
internal_value=0 0.0317409
internal_weight=0 0.660937
internal_count=3658 926
is_linear=0
shrinkage=0.05


Tree=479
num_leaves=15
num_cat=0
split_feature=8 12 5 3 6 6 8 5 5 8 12 5 3 12
split_gain=0.367732 0.720477 0.467218 0.467037 0.639758 0.556998 0.552435 0.503364 0.409128 0.581903 0.64136 0.560941 0.415145 0.460753
threshold=3.0568466186523442 0.027514547109603885 1.503061890602112 -0.020180620253086087 0.074356328696012511 0.060000568628311164 -0.089088439941406236 1.5937870144844057 1.4598696827888491 -4.1950836181640616 -0.020123004913330075 1.7995837926864626 0.013889674562960865 -0.059383273124694817
decision_type=2 2 2 2 2 2 2 2 2 2 2 2 2 2
left_child=3 -2 -3 4 5 6 -1 -7 12 10 -10 -11 13 -5
right_child=1 2 -4 8 -6 7 -8 -9 9 11 -12 -13 -14 -15
leaf_value=0.012228322054169216 0.029268769808352343 0.028357926817043022 -0.029577306835196094 0.031336381843177184 -0.023924608054506625 -0.024807329242926581 -0.031849897740040677 0.053542807624468225 -0.0090078831360989164 -0.029385603283679108 0.045905585476391231 0.015317450393590493 0.022194226150191836 -0.035855444778188104
leaf_weight=4.6598676173452978 2.6405329739209256 0.40107295094639983 1.0933938738526192 0.27631837513763458 1.3114331143005982 0.18553845814312797 0.73793263313564672 1.1084188066743079 2.037930054502795 4.9298670557473052 0.60907067607331722 0.75184522912604723 1.7145548813568892 0.74876551009947545
leaf_count=610 382 212 226 35 183 27 224 93 94 1307 23 15 140 87
internal_value=0 0.0139608 -0.0132257 -0.00231935 0.00683284 0.0131241 0.00573268 0.0413346 -0.00893894 -0.0144109 0.00483876 -0.0233076 0.00761795 -0.016568
internal_weight=0 4.135 1.49447 19.0715 8.00319 6.69176 5.3978 1.29396 11.0684 8.32871 2.647 5.68171 2.73964 1.02508
internal_count=3658 820 438 2838 1137 954 834 120 1701 1439 117 1322 262 122
is_linear=0
shrinkage=0.05


Tree=480
num_leaves=15
num_cat=0
split_feature=3 5 13 5 10 3 8 1 5 5 3 5 3 6
split_gain=0.363368 0.319572 0.457739 0.378416 0.582295 0.695506 0.694814 0.522086 0.638705 0.474233 0.267627 0.142836 0.136057 0.0466774
threshold=-0.11046824231743811 1.4415782094001772 0.97501870989799511 1.7483461499214175 0.99654817581176769 -0.040677879005670541 0.96942901611328136 2.3100957870483403 1.5424628257751467 1.5304722189903261 -0.033546058461070054 1.6171665787696841 0.040553949773311622 0.035933723673224456
decision_type=2 2 2 2 2 2 2 2 2 2 2 2 2 2
left_child=11 2 12 7 6 -6 -5 9 -9 -3 -4 -1 13 -2
right_child=1 3 10 4 5 -7 -8 8 -10 -11 -12 -13 -14 -15
leaf_value=0.014876669697624282 -0.010063544365855303 0.018602008112529538 0.01596134661940855 -0.030972474078439911 -0.036012327747660701 0.022049604784020162 0.031990535062556155 -0.0040081981121769146 0.020274332886813125 -0.024156926784775441 -0.042074856399598431 -0.043869156176846981 -0.021056728511561429 0.029420536635028468
leaf_weight=0.072455587534934973 0.03657625456981195 0.82770899409661369 0.18047207813651778 2.8984077352943127 0.57693829164054511 2.105273215653142 0.42972005790215906 4.2780444476084067 7.1467175266589038 2.1409981460601557 1.1972404784974056 0.55084186871681595 0.1265675921458751 0.48436535849759821
leaf_count=12 105 36 42 177 101 80 16 655 1684 90 356 150 169 17
internal_value=0 7.8288e-05 -0.018378 0.0019909 -0.00845694 0.00871511 -0.0221468 0.0063819 0.0112258 -0.0120176 -0.0339068 -0.0359276 0.0147786 0.0254741
internal_weight=0 22.429 2.02522 20.4038 6.01034 2.68221 3.32813 14.3935 11.4248 2.96871 1.37771 0.623297 0.647509 0.520942
internal_count=3690 3528 689 2839 374 181 193 2465 2339 126 398 162 291 122
is_linear=0
shrinkage=0.05


Tree=481
num_leaves=2
num_cat=0
split_feature=4
split_gain=0.650207
threshold=0.20276797935366633
decision_type=2
left_child=-1
right_child=-2
leaf_value=-0.033560937481378873 0.031688567025002293
leaf_weight=0.84644729821229703 0.54357548902044073
leaf_count=2763 927
internal_value=0
internal_weight=0
internal_count=3690
is_linear=0
shrinkage=0.05


Tree=482
num_leaves=3
num_cat=0
split_feature=1 4
split_gain=0.729053 0.00398283
threshold=35.923706054687507 0.071907676756382002
decision_type=2 2
left_child=-1 -2
right_child=1 -3
leaf_value=-0.033819284919369412 0.032329879669652666 -0.00031307151740506828
leaf_weight=0.90154932067525806 0.62254645890789106 0.0075342836789786807
leaf_count=2761 915 14
internal_value=0 0.0319501
internal_weight=0 0.630081
internal_count=3690 929
is_linear=0
shrinkage=0.05


Tree=483
num_leaves=14
num_cat=0
split_feature=3 4 8 5 5 12 12 3 3 5 5 4 5
split_gain=0.374075 0.340026 0.304199 0.485203 0.424291 0.67289 0.578062 0.245794 0.163329 0.154985 0.136801 0.0622677 0.0366283
threshold=-0.11046824231743811 0.042956119403243072 4.6584548950195321 1.6186023950576784 1.7483461499214175 -0.010659456253051756 -0.010659456253051756 0.075256917625665679 -0.042970731854438775 1.4680769443511965 1.6919204592704775 0.20276797935366633 1.815183222293854
decision_type=2 2 2 2 2 2 2 2 2 2 2 2 2
left_child=10 2 4 8 5 -2 -6 9 -4 11 -1 -3 -11
right_child=1 7 3 -5 6 -7 -8 -9 -10 12 -12 -13 -14
leaf_value=-0.015007208228926079 0.004146821572160949 0.023063341613891966 -0.019090855255351855 -0.029583294401703139 -0.0028624906409753423 -0.020038178522111542 0.028231021213819842 0.023521616960763891 0.035151525611276761 -0.035645977339052823 0.043763264102966583 -0.016547247477402098 0.0068403286643630729
leaf_weight=0.065441877639389356 7.7700564536862737 0.13904860289767285 0.089531976351281517 0.31709166359360086 3.2105365878232988 4.4417673319112518 2.6702910291496655 0.19720005328417745 1.5871725292672625 1.1794508895254692 0.58872067122138105 0.078948221882455982 0.022251111877267138
leaf_count=17 773 8 2 46 151 902 192 48 378 650 145 361 17
internal_value=0 0.000847572 0.0026606 0.0207037 0.000569391 -0.00474122 0.011492 -0.0205185 0.0313436 -0.0277811 0.0366736 0.00802574 -0.0343942
internal_weight=0 21.7033 20.0864 1.9938 18.0927 12.2118 5.88083 1.6169 1.6767 1.4197 0.654163 0.217997 1.2017
internal_count=3690 3528 2444 426 2018 1675 343 1084 380 1036 162 369 667
is_linear=0
shrinkage=0.05


Tree=484
num_leaves=14
num_cat=0
split_feature=11 5 13 8 5 12 0 0 8 11 5 11 6
split_gain=0.330408 0.307294 0.441824 0.340165 0.526573 0.73891 0.422579 0.485842 0.284474 0.256345 0.133707 0.130125 0.0445576
threshold=-0.11046824231743811 1.4415782094001772 0.97501870989799511 -4.7429733276367179 1.6097788810729983 -0.056903272867202752 0.20336492359638217 0.033400749787688262 -0.21492767333984372 -0.033546058461070054 1.6171665787696841 0.040553949773311622 0.035933723673224456
decision_type=2 2 2 2 2 2 2 2 2 2 2 2 2
left_child=10 2 11 4 -3 -6 7 -5 -8 -4 -1 12 -2
right_child=1 3 9 6 5 -7 8 -9 -10 -11 -12 -13 -14
leaf_value=0.014592975596292272 -0.0098430227012063984 0.031481350856875548 0.015599815206378494 -0.0055589927889990853 0.0029268399072580791 -0.043351561507169095 0.0067636627501544812 0.014337255653328933 -0.030617566225644561 -0.041923178529396761 -0.042788543586853862 -0.020767670969972802 0.029053250638436147
leaf_weight=0.070276820071742629 0.035489930814949555 0.52593800784962441 0.175383850961225 4.382018803342361 1.8349304904986643 1.5081462383022877 0.79378358590474829 9.7985774614789971 1.1806524319108562 1.1589729436382183 0.52615561597485794 0.122712338801648 0.47350698355876375
leaf_count=12 105 66 42 799 93 173 446 756 506 356 150 169 17
internal_value=0 7.74037e-05 -0.0182864 0.00196236 -0.0111733 -0.0186033 0.00515765 0.00819314 -0.0159876 -0.0338021 -0.0349028 0.0146279 0.0251703
internal_weight=0 21.9901 1.96607 20.024 3.86901 3.34308 16.155 14.1806 1.97444 1.33436 0.596432 0.631709 0.508997
internal_count=3690 3528 689 2839 332 266 2507 1555 952 398 162 291 122
is_linear=0
shrinkage=0.05


Tree=485
num_leaves=2
num_cat=0
split_feature=4
split_gain=0.617542
threshold=0.20276797935366633
decision_type=2
left_child=-1
right_child=-2
leaf_value=-0.033385544966370077 0.03146949052348174
leaf_weight=0.8065385359695938 0.52032865001820028
leaf_count=2763 927
internal_value=0
internal_weight=0
internal_count=3690
is_linear=0
shrinkage=0.05


Tree=486
num_leaves=3
num_cat=0
split_feature=1 4
split_gain=0.699614 0.00377976
threshold=35.923706054687507 0.071907676756382002
decision_type=2 2
left_child=-1 -2
right_child=1 -3
leaf_value=-0.033650572329950251 0.032200655142194529 -0.00027206104868314674
leaf_weight=0.85908043901872588 0.60507566190790385 0.0073875802627298972
leaf_count=2761 915 14
internal_value=0 0.0318258
internal_weight=0 0.612463
internal_count=3690 929
is_linear=0
shrinkage=0.05


Tree=487
num_leaves=14
num_cat=0
split_feature=3 4 8 5 12 5 8 8 3 5 5 4 5
split_gain=0.340773 0.318332 0.308462 0.616941 0.635227 0.530391 0.831999 0.713649 0.23259 0.149662 0.128412 0.0585589 0.0351482
threshold=-0.11046824231743811 0.042956119403243072 -4.7429733276367179 1.6159114837646487 -0.072106838226318345 1.5424628257751467 -1.665077209472656 -1.0331039428710935 0.075256917625665679 1.4680769443511965 1.6919204592704775 0.20276797935366633 1.815183222293854
decision_type=2 2 2 2 2 2 2 2 2 2 2 2 2
left_child=10 2 3 -2 -5 7 -7 -4 9 11 -1 -3 -11
right_child=1 8 5 4 -6 6 -8 -9 -10 12 -12 -13 -14
leaf_value=-0.014732071734813374 -0.032769437500139408 0.022736281803261139 -0.020940837899900425 -0.0054139204041075192 0.039676957478724025 0.0061850710697568421 -0.023346968356376008 0.018554573774070653 0.023045438678512206 -0.035477333278566968 0.042718393345242106 -0.016102683827316014 0.0066549754415504529
leaf_weight=0.063514864770698121 0.48514313655324004 0.13486210408154775 1.3640314411168217 1.1976171078276823 2.0345089467155049 4.8726451991242437 4.5105922252987414 5.2695996693655642 0.19050118811719574 1.1266332311424774 0.56175525135768112 0.075232614632113837 0.02152055020269461
leaf_count=17 24 8 86 46 187 439 1106 556 48 650 145 361 17
internal_value=0 0.000798777 0.00254996 0.0153227 0.0233081 -0.000491075 -0.00810769 0.010243 -0.020316 -0.027561 0.035656 0.00812067 -0.0342177
internal_weight=0 21.2829 19.7341 3.71727 3.23213 16.0169 9.38324 6.63363 1.54875 1.35825 0.62527 0.210095 1.14815
internal_count=3690 3528 2444 257 233 2187 1545 642 1084 1036 162 369 667
is_linear=0
shrinkage=0.05


Tree=488
num_leaves=15
num_cat=0
split_feature=6 7 3 12 8 1 6 8 13 1 8 3 7 10
split_gain=0.311281 0.382302 0.375414 0.51638 0.326471 0.339919 0.366736 0.663173 0.491438 0.245345 0.213214 0.189942 0.170444 0.130709
threshold=0.064634952694177641 0.6205488145351411 -0.0095678153447806818 -0.044850319623947137 -6.1134948730468741 16.705840110778812 0.060000568628311164 -1.152931213378906 0.98061105608940136 20.639951705932621 -3.8810043334960933 0.025316474027931694 1.4145770668983462 1.732485890388489
decision_type=2 2 2 2 2 2 2 2 2 2 2 2 2 2
left_child=4 11 9 -4 -1 6 8 -8 -6 -3 -5 -2 -7 -14
right_child=1 2 3 10 5 12 7 -9 -10 -11 -12 -13 13 -15
leaf_value=-0.032710119681551839 -0.031461356848800082 0.032814728731198638 -0.020784382192826436 -0.023056010274962478 0.0089678741168303325 0.0077858118506190553 -0.051510120409376019 0.018721360195146124 -0.013171675210988132 -0.019153843160364517 0.024326283587586879 0.020846015577074044 -0.037616775972129431 0.0037219358527355974
leaf_weight=0.87898575699364379 0.7067074887745538 2.1325404596209414 1.3542402028106155 0.19356025417800982 8.5837688145475095 0.30548215660383071 0.76280441312701441 0.48280895975767524 3.4262735213851547 0.18784007878275577 1.676668396379682 0.14598014116927516 1.0989125968480946 0.20729182590730477
leaf_count=226 64 169 114 11 992 339 18 48 306 99 360 31 596 317
internal_value=0 0.00826782 0.0131045 0.00187276 -0.00472825 -0.00286642 -0.000157549 -0.0249196 0.0025952 0.0279902 0.0185011 -0.0212582 -0.0238353 -0.0312583
internal_weight=0 6.39754 5.54485 3.22447 15.7463 14.8673 13.2557 1.24561 12.01 2.32038 1.87023 0.852688 1.61169 1.3062
internal_count=3690 848 753 485 2842 2616 1364 66 1298 268 371 95 1252 913
is_linear=0
shrinkage=0.05


Tree=489
num_leaves=2
num_cat=0
split_feature=4
split_gain=0.585791
threshold=0.20276797935366633
decision_type=2
left_child=-1
right_child=-2
leaf_value=-0.033212218238591544 0.03122787483079878
leaf_weight=0.77027851923776325 0.49655829768744297
leaf_count=2763 927
internal_value=0
internal_weight=0
internal_count=3690
is_linear=0
shrinkage=0.05


Tree=490
num_leaves=3
num_cat=0
split_feature=1 4
split_gain=0.664641 0.00361859
threshold=35.923706054687507 0.071907676756382002
decision_type=2 2
left_child=-1 -2
right_child=1 -3
leaf_value=-0.033486208065645 0.031988462744894017 -0.00026445629546665818
leaf_weight=0.82087592631796724 0.57812836032826453 0.0071561129880137733
leaf_count=2761 915 14
internal_value=0 0.0316131
internal_weight=0 0.585284
internal_count=3690 929
is_linear=0
shrinkage=0.05


Tree=491
num_leaves=14
num_cat=0
split_feature=3 4 8 5 8 5 5 3 1 5 5 4 5
split_gain=0.31002 0.297604 0.296553 0.437566 0.386943 0.56304 0.342128 0.22312 0.221406 0.146559 0.12067 0.0555172 0.0343138
threshold=-0.11046824231743811 0.042956119403243072 4.6584548950195321 1.6186023950576784 -4.7429733276367179 1.6159114837646487 1.4598696827888491 0.075256917625665679 10.604208469390871 1.4680769443511965 1.6919204592704775 0.20276797935366633 1.815183222293854
decision_type=2 2 2 2 2 2 2 2 2 2 2 2 2
left_child=10 2 4 8 5 -2 -6 9 -4 11 -1 -3 -11
right_child=1 7 3 -5 6 -7 -8 -9 -10 12 -12 -13 -14
leaf_value=-0.01446388435090047 -0.032340806540226835 0.022533027490586166 0.04036808756365462 -0.028893951118827754 0.011523655005384867 0.022463040459432829 -0.007464944553533014 0.022752569920175957 -0.0021570141322677003 -0.035315210260256004 0.041715641863931563 -0.015667191203782526 0.0065625042551792209
leaf_weight=0.061677354155110886 0.45786438250798811 0.13216387236025084 1.2357315785338858 0.29168435998144548 2.9241726185136931 3.1319578790862579 10.971923213182889 0.18620496698713385 0.38436566256859794 1.0807277055428128 0.53587229776894674 0.071739347018592525 0.021157971990760305
leaf_count=17 24 8 204 46 100 233 1661 48 176 650 145 361 17
internal_value=0 0.000784429 0.00247798 0.0206577 0.000384174 0.014786 -0.00341536 -0.0200063 0.0307402 -0.0272885 0.0346747 0.00836017 -0.034032
internal_weight=0 20.8897 19.3977 1.91178 17.4859 3.58982 13.8961 1.49199 1.6201 1.30579 0.59755 0.203903 1.10189
internal_count=3690 3528 2444 426 2018 257 1761 1084 380 1036 162 369 667
is_linear=0
shrinkage=0.05


Tree=492
num_leaves=15
num_cat=0
split_feature=3 0 0 12 10 1 0 10 5 3 5 10 0 6
split_gain=0.259682 0.266629 0.604551 0.357089 0.349494 0.30629 0.271763 0.226735 0.226623 0.184592 0.144514 0.131428 0.0865912 0.0379053
threshold=-0.11046824231743811 0.19859981536865237 0.13306620717048648 -0.098531961441040025 1.732485890388489 0.36504799127578741 -0.017362950369715687 1.1200536489486697 1.8396968841552737 -0.056932063773274415 1.6171665787696841 0.70278832316398632 0.54847639799118053 0.062974087893962874
decision_type=2 2 2 2 2 2 2 2 2 2 2 2 2 2
left_child=10 2 3 6 7 -5 -2 11 9 -4 -1 -3 -6 -9
right_child=1 4 8 5 12 -7 -8 13 -10 -11 -12 -13 -14 -15
leaf_value=0.016045729980602375 -0.025332184209677436 -0.01956213981603749 -0.0075424110753293363 0.028810771069916048 0.028744297572656154 -0.0065676643454656188 0.028745013260694161 -0.041319878035869451 -0.024814743849514161 0.027211580109791578 -0.041076938365681402 0.01554496922508242 -0.015637570657428258 -0.014222747987332482
leaf_weight=0.079759246218602864 0.19950947931647522 0.46326814167696273 0.39255110113299529 0.54261290130671014 0.40844714600461873 13.577657911744607 1.2596037040784782 0.95833194219449047 0.18546901730587695 2.9970914255318339 0.49152475462688017 0.40885020263522165 0.071486234723124653 0.31007397038047202
leaf_count=11 111 336 17 32 33 1791 67 174 75 366 154 235 185 72
internal_value=0 -0.000323725 0.00174798 -0.00253974 -0.0149746 -0.0050151 0.0202003 -0.0235084 0.0199934 0.023086 -0.0318996 -0.00319783 0.0205771 -0.0362192
internal_weight=0 21.775 19.1545 15.5794 2.62046 14.1203 1.45911 2.14052 3.57511 3.38964 0.571284 0.872118 0.479933 1.26841
internal_count=3659 3494 2459 2001 1035 1823 178 817 458 383 165 571 218 246
is_linear=0
shrinkage=0.05


Tree=493
num_leaves=3
num_cat=0
split_feature=7 10
split_gain=0.54397 0.00098199
threshold=5.3550145626068124 4.5399832725524911
decision_type=2 2
left_child=-1 -2
right_child=1 -3
leaf_value=-0.033042473166968053 0.030787403951018324 0.00031204606352872824
leaf_weight=0.73730589977276395 0.46023280629015062 0.0047259173006750635
leaf_count=2743 903 13
internal_value=0 0.0305877
internal_weight=0 0.464959
internal_count=3659 916
is_linear=0
shrinkage=0.05


Tree=494
num_leaves=3
num_cat=0
split_feature=1 0
split_gain=0.642526 0.0108488
threshold=33.872245788574226 0.28338000178337103
decision_type=2 2
left_child=-1 -2
right_child=1 -3
leaf_value=-0.033308340715032976 -0.0027156446955711984 0.032024781542370831
leaf_weight=0.78242007070730324 0.0078049385920166961 0.57912901355302893
leaf_count=2717 25 917
internal_value=0 0.0312347
internal_weight=0 0.586934
internal_count=3659 942
is_linear=0
shrinkage=0.05


Tree=495
num_leaves=13
num_cat=0
split_feature=5 12 2 2 8 1 8 5 8 5 5 12
split_gain=0.286545 0.263514 0.346904 0.516762 0.392359 0.327141 0.313874 0.285515 0.280072 0.22149 0.183181 0.0155568
threshold=1.82738733291626 -0.098531961441040025 0.13306620717048648 0.19859981536865237 -0.13072204589843747 0.36504799127578741 -3.3445053100585933 1.7767128348350527 -8.021812438964842 1.4233784079551699 1.4598696827888491 -0.054052501916885369
decision_type=2 2 2 2 2 2 2 2 2 2 2 2
left_child=1 7 5 10 -5 11 -7 8 -1 -10 -4 -3
right_child=-2 2 3 4 -6 6 -8 -9 9 -11 -12 -13
leaf_value=0.026607684197828465 0.03289728502642604 -0.0082242353703902565 0.0064901443569136312 -0.012958641929385339 0.029544236034291162 0.023060611261103633 0.0044950091932581858 0.027112870147124296 0.020211277464617951 -0.036924866292119517 -0.025357476735694575 -0.033831140941733409
leaf_weight=0.16628447257971846 0.63230719989223771 0.16008217772468925 0.49597996007651035 0.88258169749315163 1.1481132285407509 2.8242860559476002 10.619862177329189 0.23967996954161197 0.12851285573561355 1.339495677835657 2.6926296342280693 0.36444623541319998
leaf_count=9 372 8 114 401 467 163 1505 9 45 281 265 20
internal_value=0 0.0010739 0.00284973 -0.008047 0.0113304 0.00694948 0.00853665 -0.0163324 -0.0238999 -0.0309531 -0.0203569 -0.0285843
internal_weight=0 21.062 19.188 5.2193 2.03069 13.9687 13.4441 1.87397 1.63429 1.46801 3.18861 0.524528
internal_count=3659 3287 2943 1247 868 1696 1668 344 335 326 379 28
is_linear=0
shrinkage=0.05


Tree=496
num_leaves=15
num_cat=0
split_feature=3 8 5 12 3 5 5 9 9 5 12 12 5 1
split_gain=0.247869 0.253561 0.575194 0.449619 0.413471 0.442064 0.333881 0.864594 0.397245 0.315872 0.248954 0.146863 0.137954 0.0445208
threshold=-0.11046824231743811 3.0568466186523442 1.6186023950576784 0.085924535989761366 0.028682071715593341 1.4923390150070193 1.7483461499214175 3.1503143310546879 1.0000000180025095e-35 1.6980305314064028 0.027514547109603885 0.10461005568504335 1.6171665787696841 19.057993888854984
decision_type=2 2 2 2 2 2 2 2 2 2 2 2 2 2
left_child=12 3 4 6 5 -3 8 -8 -2 13 -6 -11 -1 -5
right_child=1 2 -4 9 10 -7 7 -9 -10 11 -12 -13 -14 -15
leaf_value=0.015776313632045451 0.00097383003085495647 -0.031780774300086821 0.029483496316745114 0.024403055797687284 -0.044186269864596596 0.029764127825668313 0.010137853083834091 -0.030902689352883869 0.019508189222166791 -0.050698697312065881 0.001253955782016617 -0.0031222932301908589 -0.040548862855484646 -0.011938537928747439
leaf_weight=0.077515725250125622 6.8279204516802654 0.40888096443086386 0.57724001196038432 0.21849848185956833 1.4591158206167163 0.58587155472196173 3.1324218627487417 2.0345799922797596 4.9281099634463317 0.66123914391209837 0.36694561367767153 0.22358896020887187 0.47831673077962478 0.046688340487889946
leaf_count=11 1003 93 140 57 275 123 248 84 1073 17 171 45 154 165
internal_value=0 -0.000279931 -0.0126061 0.00209422 -0.0219337 0.00387461 0.0042085 -0.00630234 0.00884241 -0.0268661 -0.0354641 -0.0402143 -0.031486 0.0164877
internal_weight=0 21.4711 3.39805 18.073 2.82081 0.994753 16.923 5.167 11.756 1.15001 1.82606 0.884828 0.555832 0.265187
internal_count=3659 3494 802 2692 662 216 2408 332 2076 284 446 62 165 222
is_linear=0
shrinkage=0.05


Tree=497
num_leaves=2
num_cat=0
split_feature=4
split_gain=0.52394
threshold=0.20276797935366633
decision_type=2
left_child=-1
right_child=-2
leaf_value=-0.032885107426543263 0.0306436373527047
leaf_weight=0.70904095156583935 0.44593292180798016
leaf_count=2753 906
internal_value=0
internal_weight=0
internal_count=3659
is_linear=0
shrinkage=0.05


Tree=498
num_leaves=3
num_cat=0
split_feature=1 2
split_gain=0.612162 0.0103984
threshold=33.872245788574226 0.28338000178337103
decision_type=2 2
left_child=-1 -2
right_child=1 -3
leaf_value=-0.033138399781881565 -0.0026324875491035415 0.031823475213829715
leaf_weight=0.74920705630574957 0.0075479682564036912 0.555328217393253
leaf_count=2717 25 917
internal_value=0 0.031034
internal_weight=0 0.562876
internal_count=3659 942
is_linear=0
shrinkage=0.05


Tree=499
num_leaves=14
num_cat=0
split_feature=5 8 5 3 5 3 6 6 8 0 4 6 7
split_gain=0.271979 0.253177 0.576386 0.465744 0.47954 0.403315 0.553922 0.604421 0.370846 0.578717 0.487326 0.27646 0.172252
threshold=1.82738733291626 3.0568466186523442 1.6186023950576784 0.028682071715593341 1.4843961596488955 -0.020180620253086087 0.077119011431932463 0.060000568628311164 -4.1950836181640616 0.20846013724803927 -0.019333280622959133 -0.0071273837238550177 0.6205488145351411
decision_type=2 2 2 2 2 2 2 2 2 2 2 2 2
left_child=1 5 3 4 -3 6 7 -1 10 -10 -7 -5 -8
right_child=-2 2 -4 11 -6 8 12 -9 9 -11 -12 -13 -14
leaf_value=0.0040458844279362095 0.032654639374233969 0.030257873897914934 -0.031983482311624949 -0.020396065726642418 -0.033207479130369838 0.042051327346042888 0.020570927807768657 0.039644569394652239 -0.019319749925695264 0.019611581043815943 -0.0066249849168682875 0.040895260214175673 -0.033667941465121247
leaf_weight=5.4035760246552007 0.60244354778842435 0.43606216265470699 0.50550637398555398 0.14395340331248041 0.57272467813891126 0.66580801656527944 0.10342115653475037 1.4404577946697825 6.3269576330712836 1.0378347025543915 1.4995315223859567 1.7887314302788575 0.87598293037444819
leaf_count=606 372 89 141 51 133 16 5 92 1017 537 112 395 93
internal_value=0 0.00101412 0.0131884 0.0217477 -0.005519 -0.00146579 0.00689888 0.0120013 -0.00833281 -0.0136444 0.00953781 0.0355512 -0.0265654
internal_weight=0 20.8005 3.44698 2.94147 1.00879 17.3536 7.82344 6.84403 9.53013 7.36479 2.16534 1.93268 0.979404
internal_count=3659 3287 809 668 222 2478 796 698 1682 1554 128 446 98
is_linear=0
shrinkage=0.05


Tree=500
num_leaves=11
num_cat=0
split_feature=3 5 13 9 5 8 8 9 3 5
split_gain=0.235847 0.239009 0.248164 0.488839 0.370861 0.287393 0.315035 0.221038 0.149204 0.131506
threshold=-0.11046824231743811 1.3904049396514895 0.98141431808471691 2.7901916503906254 1.7483461499214175 -6.3157806396484366 3.1649475097656254 -5.1760787963867179 0.03988145478069783 1.6171665787696841
decision_type=2 2 2 2 2 2 2 2 2 2
left_child=9 -2 5 7 -5 8 -7 -4 -3 -1
right_child=1 2 3 4 -6 6 -8 -9 -10 -11
leaf_value=0.015492192155001305 -0.031741647208859983 -0.036046846907032547 -0.012025232304280899 0.01585050795380518 -0.037115232635862125 0.0027205961220688941 -0.015967402444697756 0.029521101082453746 0.018008221333488752 -0.040039694851516455
leaf_weight=0.075224599931973724 0.48641556388611462 0.74143017246388865 0.31541451856901481 0.52001543922233373 0.63793423286551842 13.445581277061136 2.6056364048199603 2.2325034397581467 0.087950157932937145 0.4643580492484034
leaf_count=11 487 144 63 147 20 1967 359 304 3 154
internal_value=0 -0.000264886 0.000628691 0.0121658 -0.0139601 -0.00196084 -0.000393155 0.024118 -0.0289938 -0.0310861
internal_weight=0 21.0729 20.5865 3.70587 1.15795 16.8806 16.0512 2.54792 0.82938 0.539583
internal_count=3659 3494 3007 534 167 2473 2326 367 147 165
is_linear=0
shrinkage=0.05


Tree=501
num_leaves=2
num_cat=0
split_feature=4
split_gain=0.500971
threshold=0.20276797935366633
decision_type=2
left_child=-1
right_child=-2
leaf_value=-0.032685627273426804 0.030458146958333449
leaf_weight=0.67579819841921562 0.4316137935675215
leaf_count=2753 906
internal_value=0
internal_weight=0
internal_count=3659
is_linear=0
shrinkage=0.05


Tree=502
num_leaves=3
num_cat=0
split_feature=1 0
split_gain=0.587437 0.00999878
threshold=33.872245788574226 0.28338000178337103
decision_type=2 2
left_child=-1 -2
right_child=1 -3
leaf_value=-0.03294187073999235 -0.0025522306476983498 0.031692605813329167
leaf_weight=0.71359448688235716 0.0073011150670936322 0.54079642353462987
leaf_count=2717 25 917
internal_value=0 0.030913
internal_weight=0 0.548098
internal_count=3659 942
is_linear=0
shrinkage=0.05


Tree=503
num_leaves=11
num_cat=0
split_feature=5 3 8 5 12 3 5 8 5 5
split_gain=0.26159 0.235497 0.285187 0.793354 0.488501 0.463245 0.402519 0.366693 0.046202 0.0310033
threshold=1.82738733291626 -0.11046824231743811 2.4148406982421879 1.6186023950576784 0.085924535989761366 0.032661179080605514 1.7146476507186892 -5.1706542968749991 1.7294188737869265 1.7078130245208742
decision_type=2 2 2 2 2 2 2 2 2 2
left_child=1 8 4 5 7 -4 -6 -3 9 -1
right_child=-2 2 3 -5 6 -7 -8 -9 -10 -11
leaf_value=-0.010410899980545375 0.032469639604389644 0.011099073448061429 -0.0040796321023863309 -0.03353891935792018 -0.025129681741697014 0.034212887336658636 0.045469420312796743 -0.0090522648641538864 0.04038609358544356 0.018850848224785128
leaf_weight=0.086113962373935204 0.58013292690156859 2.6777811374267957 1.1552268029336112 0.70880670460610407 0.19360843570757502 2.269971429494035 0.75222125739674084 12.157393687673897 0.33721751015400514 0.087660692632198334
leaf_count=19 372 131 302 208 201 468 28 1921 8 1
internal_value=0 0.000942171 4.07403e-06 0.0115343 -0.00307 0.0215485 0.029997 -0.00536494 0.0315183 0.00584404
internal_weight=0 20.426 19.915 4.134 15.781 3.4252 0.94583 14.8352 0.510992 0.173775
internal_count=3659 3287 3259 978 2281 770 229 2052 28 20
is_linear=0
shrinkage=0.05


Tree=504
num_leaves=15
num_cat=0
split_feature=6 5 4 0 13 3 10 8 8 5 8 8 5 10
split_gain=0.451975 0.915543 0.623151 0.463128 0.459147 0.408726 0.470287 0.519997 0.275997 0.31249 0.59571 0.323565 0.275079 0.270706
threshold=0.043726865202188499 1.5223085880279543 -0.021044931374490258 0.16897107660770419 0.97895362973213207 0.032661179080605514 0.55262702703475963 0.59059143066406261 -5.7038955688476554 1.7515664696693423 -1.519264221191406 0.41274261474609381 1.82738733291626 0.17734529078006747
decision_type=2 2 2 2 2 2 2 2 2 2 2 2 2 2
left_child=4 2 -2 12 8 6 -6 -8 -1 11 -11 -10 13 -3
right_child=1 3 -4 -5 5 -7 7 -9 9 10 -12 -13 -14 -15
leaf_value=-0.033400255100720179 0.013127401475459936 0.001227237692335564 -0.030784784798214698 -0.0028187740891574232 0.027028110855741711 -0.04064422346399256 -0.025677258968641384 0.023670695842218887 0.024368389164502829 -0.040988202104732294 0.018918226796705344 -0.0027728421601309551 -0.024193957169893632 0.034668092134325035
leaf_weight=0.3841101380821782 1.2781071841382075 0.7236765285488217 1.9054030523075178 1.7512997719168195 0.66797563952059169 1.269701312514371 2.6778990286911726 0.57749256904207857 2.4246558988816123 0.78334643483685795 0.69937171417404875 1.910525771367247 0.17897691995676712 3.8456522024789592
leaf_count=124 153 50 201 642 114 131 286 184 596 45 27 596 170 343
internal_value=0 0.00840082 -0.0132922 0.0190665 -0.00622111 -0.0170422 -0.00858365 -0.0164786 0.00296627 0.00589108 -0.0133214 0.0126143 0.02703 0.0295115
internal_weight=0 9.68312 3.18351 6.49961 11.3951 5.19307 3.92337 3.25539 6.20201 5.8179 1.48272 4.33518 4.74831 4.56933
internal_count=3662 1559 354 1205 2103 715 584 470 1388 1264 72 1192 563 393
is_linear=0
shrinkage=0.05


Tree=505
num_leaves=2
num_cat=0
split_feature=4
split_gain=0.485598
threshold=0.20276797935366633
decision_type=2
left_child=-1
right_child=-2
leaf_value=-0.032465653676326138 0.030400182812927036
leaf_weight=0.64220981447215308 0.42730865551857278
leaf_count=2737 925
internal_value=0
internal_weight=0
internal_count=3662
is_linear=0
shrinkage=0.05


Tree=506
num_leaves=3
num_cat=0
split_feature=1 0
split_gain=0.563025 0.00859068
threshold=33.872245788574226 0.28338000178337103
decision_type=2 2
left_child=-1 -2
right_child=1 -3
leaf_value=-0.032729935575670811 -0.0022300392247073097 0.031545879971025668
leaf_weight=0.678190300877759 0.0063212602835847056 0.52524450171040371
leaf_count=2730 23 909
internal_value=0 0.0308547
internal_weight=0 0.531566
internal_count=3662 932
is_linear=0
shrinkage=0.05


Tree=507
num_leaves=15
num_cat=0
split_feature=3 5 8 5 12 8 12 8 8 13 5 0 8 8
split_gain=0.339924 0.788526 0.781712 0.689397 0.685486 0.788003 0.660986 0.549662 0.379842 0.37346 0.357658 0.457436 0.431744 0.379314
threshold=0.018172502517700199 1.6186023950576784 0.067169189453125014 1.6848669052124026 0.005877166986465455 0.26367187500000006 0.027514547109603885 -2.7237548828124996 -2.5703582763671871 0.97516775131225597 1.4831829071044924 0.13220129907131198 -6.8237228393554679 3.8171234130859379
decision_type=2 2 2 2 2 2 2 2 2 2 2 2 2 2
left_child=3 2 8 10 7 -6 -4 9 -2 -5 11 13 -12 -1
right_child=1 -3 6 4 5 -7 -8 -9 -10 -11 12 -13 -14 -15
leaf_value=-0.028896487115742726 0.022217265930801165 -0.017858071032074641 0.036585113907535362 -0.015623159977531061 0.036839755542875927 -0.029460957887424716 -0.011719884151717784 -0.032103422317456783 -0.030764235450813804 0.016175374510416899 0.017788391028354059 0.037586465184914229 -0.03680628243715358 0.028322141277503245
leaf_weight=1.125238933927905 0.41030228052113671 2.0479061055957573 3.6323047188270721 1.4212263833032923 2.1945600931067024 0.4772042653421521 0.82320521516521683 1.3903716851127681 0.96858239110588218 2.2584558602975449 0.35658614404383238 0.43977874587289978 2.6339928698143913 0.29202027445717238
leaf_count=284 77 360 421 114 231 66 274 99 191 175 13 25 1286 46
internal_value=0 0.00824736 0.017557 -0.00492201 0.00434371 0.0243621 0.0275989 -0.00647256 -0.0145627 0.00380523 -0.0195084 -0.00205099 -0.0299317 -0.0160172
internal_weight=0 7.8823 5.83439 12.5894 7.74182 2.67176 4.45551 5.07005 1.37888 3.67968 4.84762 1.85704 2.99058 1.41726
internal_count=3662 1323 963 2339 685 297 695 388 268 289 1654 355 1299 330
is_linear=0
shrinkage=0.05


Tree=508
num_leaves=15
num_cat=0
split_feature=6 5 4 0 13 3 10 10 5 10 8 7 5 5
split_gain=0.419644 0.840805 0.573007 0.439728 0.424878 0.371708 0.429266 0.497124 0.262015 0.264148 0.259632 0.320449 0.420687 0.257154
threshold=0.043726865202188499 1.5223085880279543 -0.021044931374490258 0.16897107660770419 0.97895362973213207 0.032661179080605514 0.55262702703475963 0.86111360788345348 1.82738733291626 0.17734529078006747 -5.7038955688476554 2.2105420827865605 1.7515664696693423 1.7483461499214175
decision_type=2 2 2 2 2 2 2 2 2 2 2 2 2 2
left_child=4 2 -2 8 10 6 -6 -8 9 -3 -1 12 -12 -5
right_child=1 3 -4 13 5 -7 7 -9 -10 -11 11 -13 -14 -15
leaf_value=-0.032946478944692194 0.012713216769197245 0.0010764531779985521 -0.03000276977921662 0.014332573215796805 0.026406280283735185 -0.03925489020676573 -0.042434229610421828 -0.0015469255190290871 -0.023934674651374804 0.034314762598812915 0.022734327273095056 -0.013444091756960493 -0.011696508525372531 -0.022347737325234832
leaf_weight=0.3685167515213833 1.2445629341091264 0.71775904437527049 1.8386860691825839 0.93085871137009213 0.63732078059547381 1.2492352290573761 1.0502558823063739 2.1243791624692676 0.17373782144568384 3.6827609317697352 2.9607679709879466 1.49590069369151 1.1766173608084498 0.79263733411789872
leaf_count=124 153 50 201 570 114 131 68 402 170 343 455 746 63 72
internal_value=0 0.00821508 -0.0129026 0.0185939 -0.00609014 -0.0166135 -0.00837977 -0.0159563 0.0265567 0.0290377 0.0029108 0.00579024 0.0128977 -0.00283717
internal_weight=0 9.381 3.08325 6.29775 11.063 5.06119 3.81196 3.17464 4.57426 4.40052 6.0018 5.63329 4.13739 1.7235
internal_count=3662 1559 354 1205 2103 715 584 470 563 393 1388 1264 518 642
is_linear=0
shrinkage=0.05


Tree=509
num_leaves=2
num_cat=0
split_feature=7
split_gain=0.460333
threshold=5.3550145626068124
decision_type=2
left_child=-1
right_child=-2
leaf_value=-0.032240871442475685 0.030003634116373901
leaf_weight=0.61071145144524053 0.41345207880658563
leaf_count=2729 933
internal_value=0
internal_weight=0
internal_count=3662
is_linear=0
shrinkage=0.05


Tree=510
num_leaves=3
num_cat=0
split_feature=1 0
split_gain=0.536099 0.00824199
threshold=33.872245788574226 0.28338000178337103
decision_type=2 2
left_child=-1 -2
right_child=1 -3
leaf_value=-0.032526785833953804 -0.0021626020206025344 0.031345855938487287
leaf_weight=0.6469662530325877 0.0061184540682006619 0.50516366882948205
leaf_count=2730 23 909
internal_value=0 0.0306567
internal_weight=0 0.511282
internal_count=3662 932
is_linear=0
shrinkage=0.05


Tree=511
num_leaves=15
num_cat=0
split_feature=5 8 12 5 3 1 3 3 3 3 8 7 1 12
split_gain=0.314097 0.731847 0.472393 0.342523 0.618498 0.736312 0.595562 0.574432 0.906144 0.547235 0.543872 0.524996 0.358601 0.275674
threshold=1.4923390150070193 -1.0331039428710935 0.044277280569076545 1.7483461499214175 0.046627052128314979 2.3100957870483403 -0.11046824231743811 -0.040677879005670541 -0.0061506591737270347 0.038400297984480865 0.51544952392578136 1.4263559579849245 1.307976305484772 -0.075990945100784288
decision_type=2 2 2 2 2 2 2 2 2 2 2 2 2 2
left_child=1 13 -3 4 5 12 -7 -5 -9 -10 -6 -12 -2 -1
right_child=3 2 -4 7 10 6 -8 8 9 -11 11 -13 -14 -15
leaf_value=0.0072500461473896886 -0.028245451273033295 0.033063667191501035 -0.011385314668558834 0.035206806610981266 -0.031324725300129412 0.036135456792588089 -0.029630001859231626 -0.021643497544013516 0.034156259186137419 -0.029543898924644259 -0.01919406476074887 0.039596417830511411 0.023665248122118111 -0.035033634724731255
leaf_weight=0.60774606755876448 0.34329460846492832 2.6662646059267021 0.70798340072360577 1.216143579164054 0.45792918626830248 0.28584366572613351 5.0674049919762183 2.5466638742218493 1.6459247613965988 0.33620870966115024 0.44244999034708588 1.3809906727256018 1.3176183755131203 0.83186692115850724
leaf_count=80 56 518 238 375 149 9 1739 80 36 25 53 83 52 169
internal_value=0 0.0111416 0.0236781 -0.00340717 -0.00930093 -0.0166064 -0.0255201 0.00612514 -0.00227621 0.0224515 0.012914 0.0250749 0.0119411 -0.0178717
internal_weight=0 4.81386 3.37425 15.0405 9.29553 7.01416 5.35325 5.74494 4.5288 1.98213 2.28137 1.82344 1.66091 1.43961
internal_count=3662 1005 756 2657 2141 1856 1748 516 141 61 285 136 108 249
is_linear=0
shrinkage=0.05


Tree=512
num_leaves=15
num_cat=0
split_feature=6 5 4 0 13 3 10 8 3 8 7 5 5 10
split_gain=0.388746 0.762603 0.533107 0.4179 0.384875 0.339199 0.391962 0.465563 0.250609 0.249562 0.290991 0.390135 0.244998 0.25247
threshold=0.043726865202188499 1.5223085880279543 -0.021044931374490258 0.16897107660770419 0.97895362973213207 0.032661179080605514 0.55262702703475963 0.59059143066406261 0.055536242201924331 -5.7038955688476554 2.2105420827865605 1.7515664696693423 1.82738733291626 0.17734529078006747
decision_type=2 2 2 2 2 2 2 2 2 2 2 2 2 2
left_child=4 2 -2 12 9 6 -6 -8 -7 -1 11 -11 13 -3
right_child=1 3 -4 -5 5 8 7 -9 -10 10 -12 -13 -14 -15
leaf_value=-0.03269463430893995 0.012540565116500755 0.0010753959532727546 -0.029150701292657788 -0.0029468532742914239 0.025858933689748471 -0.049000655793255174 -0.02418777398390741 0.023509778576999998 0.0036393146282830274 0.022239817875446218 -0.012905225111918142 -0.011296437566642434 -0.023512874547933754 0.033934556026502867
leaf_weight=0.36006425989398838 1.2204595076764237 0.70564612979069341 1.7774847781474798 1.6810926836333235 0.60957201085693702 0.94978922556765588 2.5694269691775848 0.54829070342384501 0.27136969435377978 2.8535081575319072 1.4563839652109889 1.1552045597454705 0.16572716609880433 3.5058217430632794
leaf_count=124 153 50 201 642 114 53 286 184 78 455 746 63 170 343
internal_value=0 0.00803399 -0.0123213 0.0181433 -0.00594902 -0.0160577 -0.00809386 -0.0153296 -0.0379128 0.00276432 0.00564602 0.0125358 0.026128 0.0285815
internal_weight=0 9.05623 2.99794 6.05829 10.7736 4.94845 3.72729 3.11772 1.22116 5.82516 5.4651 4.00871 4.3772 4.21147
internal_count=3662 1559 354 1205 2103 715 584 470 131 1388 1264 518 563 393
is_linear=0
shrinkage=0.05


Tree=513
num_leaves=2
num_cat=0
split_feature=4
split_gain=0.439396
threshold=0.20276797935366633
decision_type=2
left_child=-1
right_child=-2
leaf_value=-0.032027029632673766 0.029938654805756328
leaf_weight=0.58313388460010174 0.3952397735993145
leaf_count=2737 925
internal_value=0
internal_weight=0
internal_count=3662
is_linear=0
shrinkage=0.05


Tree=514
num_leaves=3
num_cat=0
split_feature=1 0
split_gain=0.510984 0.00791522
threshold=33.872245788574226 0.28338000178337103
decision_type=2 2
left_child=-1 -2
right_child=1 -3
leaf_value=-0.032307581623714589 -0.0020980024012748422 0.031158161748205904
leaf_weight=0.61606202294569812 0.0059249028126941985 0.48758207680657506
leaf_count=2730 23 909
internal_value=0 0.0304727
internal_weight=0 0.493507
internal_count=3662 932
is_linear=0
shrinkage=0.05


Tree=515
num_leaves=15
num_cat=0
split_feature=6 5 8 12 4 5 4 8 10 10 10 7 13 0
split_gain=0.337041 0.357579 0.407874 0.483432 0.404133 0.258139 0.242285 0.226644 0.198026 0.57653 0.385069 0.510592 0.294059 0.20245
threshold=0.053366353735327728 1.5223085880279543 -4.7429733276367179 -0.068830519914627061 -0.021044931374490258 1.82738733291626 0.042956119403243072 2.9476013183593754 0.68067881464958202 0.4072211235761643 0.86111360788345348 1.1807625293731692 0.97895362973213207 0.016914308071136478
decision_type=2 2 2 2 2 2 2 2 2 2 2 2 2 2
left_child=6 4 3 -3 7 -4 8 -2 9 13 12 -12 -10 -1
right_child=1 2 5 -5 -6 -7 -8 -9 10 -11 11 -13 -14 -15
leaf_value=0.033328364283007117 -0.024629633055364673 -0.021180451630835779 -0.032046456554711555 0.032937875415220481 0.026903650601260626 0.023333480254407332 -0.016512294512066327 0.025617619962517563 -0.016302837070944286 -0.024291885072048554 -0.030948091432699013 0.01095707300101896 0.042850291419503583 0.0012129779109315048
leaf_weight=0.77939203045389449 0.89466088310291547 0.79986759400344454 2.6437982153584021 0.66382864944171138 1.1293511724943517 0.15766427954076778 1.1095504772674747 0.201884380687261 0.19549473555525576 1.5917426799132952 0.72753763337823318 6.0197075020623743 1.2157089321844976 1.1281283011849152
leaf_count=36 44 46 744 121 145 29 1073 87 108 186 86 745 47 165
internal_value=0 -0.00902861 -0.0173688 0.00390056 0.00701212 -0.0282329 0.00487554 -0.0140108 0.0070343 -0.00286093 0.0112617 0.00605256 0.0341192 0.0153415
internal_weight=0 6.49106 4.26516 1.4637 2.2259 2.80146 12.7673 1.09655 11.6577 3.49926 8.15845 6.74725 1.4112 1.90752
internal_count=3662 1216 940 167 276 773 2446 131 1373 387 986 831 155 201
is_linear=0
shrinkage=0.05


Tree=516
num_leaves=15
num_cat=0
split_feature=13 3 5 0 0 0 12 8 8 4 9 5 5 4
split_gain=0.231621 0.648261 0.208267 0.591759 0.280552 0.519853 0.354659 0.522257 0.347943 0.215139 0.184033 0.183978 0.195011 0.0554099
threshold=0.96812474727630626 -0.03394826874136924 1.4598696827888491 0.035386933013796813 0.13106245547533038 0.19859981536865237 -0.11363980174064635 -1.665077209472656 -5.2815017700195304 -0.044508300721645348 2.0424728393554692 1.419715464115143 1.4572402238845827 0.037009030580520637
decision_type=2 2 2 2 2 2 2 2 2 2 2 2 2 2
left_child=1 -1 3 11 6 8 -4 -8 -6 -5 -7 -2 -13 -3
right_child=2 13 4 9 5 10 7 -9 -10 -11 -12 12 -14 -15
leaf_value=-0.031202086003966897 -0.024766093323957964 0.033713387877596361 0.029869912343879992 0.0099294999203270728 -0.012423455819985683 -0.023135924898310137 -0.021286797992553327 0.0015348262888315427 0.027813845196674476 -0.040777533150907652 0.0085529789848250489 0.032033579398083552 -0.023087595216789179 -0.0058232895075237823
leaf_weight=0.49339326400149719 0.17994669869949864 1.2409803285627301 0.5148783723780096 0.20077016089635424 0.61715793644907568 1.2899714583545572 4.6927628801422552 5.2298561741699752 2.4616313471415188 1.5029866558870706 0.61941115018271364 0.70317615520616528 0.12386726161639672 0.065958039187535067
leaf_count=60 223 185 78 37 95 587 498 747 287 301 307 135 9 110
internal_value=0 0.0135384 -0.00481971 -0.017345 -0.0025211 0.00714089 -0.00716259 -0.00936304 0.019611 -0.034583 -0.0129419 0.0123098 0.0221781 0.031446
internal_weight=0 1.80033 18.1364 2.71075 15.4257 4.98817 10.4375 9.92262 3.07879 1.70376 1.90938 1.00699 0.827043 1.30694
internal_count=3659 355 3304 705 2599 1276 1323 1245 382 338 894 367 144 295
is_linear=0
shrinkage=0.05


Tree=517
num_leaves=3
num_cat=0
split_feature=7 5
split_gain=0.417219 0.000301852
threshold=5.3550145626068124 1.2626368403434756
decision_type=2 2
left_child=-1 -2
right_child=1 -3
leaf_value=-0.031844776154631486 0.00035134105148068562 0.029580932828965203
leaf_weight=0.56115083839358704 0.0033109527139458797 0.37833633080299478
leaf_count=2721 14 924
internal_value=0 0.0294529
internal_weight=0 0.381647
internal_count=3659 938
is_linear=0
shrinkage=0.05


Tree=518
num_leaves=3
num_cat=0
split_feature=0 0
split_gain=0.4303 0.0170138
threshold=0.54847639799118053 0.28338000178337103
decision_type=2 2
left_child=1 -1
right_child=-2 -3
leaf_value=-0.031781906862651303 0.030344729306652846 -0.0030724213064014516
leaf_weight=0.55399190934986109 0.42320659867255017 0.08084999187849462
leaf_count=2756 893 10
internal_value=0 -0.0290413
internal_weight=0 0.634842
internal_count=3659 2766
is_linear=0
shrinkage=0.05


Tree=519
num_leaves=15
num_cat=0
split_feature=10 7 9 5 7 7 5 7 9 7 3 5 1 3
split_gain=0.291444 0.513967 0.441015 0.510939 0.38338 0.333011 0.510154 0.460381 0.402294 0.279213 0.403093 0.651535 0.432782 0.253527
threshold=1.4011839032173159 1.0069709420204165 2.0862655639648442 1.7483461499214175 1.5549443364143374 0.86320757865905773 1.7898970842361452 0.6205488145351411 -2.2165908813476558 1.8591462373733523 -0.02678742632269859 1.5343727469444277 10.519758701324465 -0.054507022723555558
decision_type=2 2 2 2 2 2 2 2 2 2 2 2 2 2
left_child=1 5 13 -4 -2 6 7 -1 -7 -6 12 -12 -11 -3
right_child=4 2 3 -5 9 8 -8 -9 -10 10 11 -13 -14 -15
leaf_value=0.0079417660951657445 0.044108836116386642 0.010931723592548299 -0.011955874783644427 0.031540405057942311 -0.017559316179546879 0.046225647322143806 0.035638670024023204 -0.033249435276203824 0.0021250266530133846 0.041083202240151051 0.019254664165141155 -0.021812153502767162 -0.009337614741053081 -0.024943861703278197
leaf_weight=1.5177521874211404 0.71116768090723681 0.51119962249504247 1.5836173723073446 1.0318505301402181 0.87153090142965073 1.0365345365135001 0.69987252629653074 1.0845162672630975 0.96735756304406084 1.5629379194724609 2.1218226686542043 1.6088683643465627 0.52854244675108919 3.556345982127822
leaf_count=214 41 155 484 55 170 31 120 186 112 86 409 425 228 943
internal_value=0 -0.00100728 -0.0101654 0.00573378 0.0115493 0.0105021 0.000578961 -0.00982015 0.0260494 0.00749174 0.0114749 0.00143743 0.0284966 -0.020281
internal_weight=0 11.989 6.68301 2.61547 7.40487 5.30603 3.30214 2.60227 2.00389 6.6937 5.82217 3.73069 2.09148 4.06755
internal_count=3659 2300 1637 539 1359 663 520 400 143 1318 1148 834 314 1098
is_linear=0
shrinkage=0.05


Tree=520
num_leaves=15
num_cat=0
split_feature=10 8 10 5 5 12 3 5 10 12 10 10 0 10
split_gain=0.247504 0.404958 0.443841 0.462785 0.643685 0.499986 0.41378 0.326498 0.288436 0.28181 0.295399 0.406601 0.304017 0.223474
threshold=1.4011839032173159 -5.1706542968749991 0.99654817581176769 1.7515664696693423 1.5424628257751467 -0.047384709119796746 0.03988145478069783 1.6159114837646487 1.4227263331413271 -0.077075213193893419 2.5972163677215581 2.7567716836929326 0.025266562588512901 2.106491327285767
decision_type=2 2 2 2 2 2 2 2 2 2 2 2 2 2
left_child=1 6 3 4 -3 -5 7 -1 -2 13 12 -12 -11 -10
right_child=8 2 -4 5 -6 -7 -8 -9 9 10 11 -13 -14 -15
leaf_value=0.023828857506807279 -0.042640917529612299 -0.0073320161519865651 0.022634159892020819 0.019904170568576577 0.028228517821848362 -0.02997740198163841 0.02849481827112357 -0.037901511156397179 -0.034435591199112291 -0.016006226982180696 -0.04564980048401257 0.0066334251161693034 0.013049870848883739 0.015467781371227229
leaf_weight=0.18118736457836426 0.52647353880092751 2.9102158147288719 2.6480846437953005 0.5906025341828357 2.1191014455253026 1.9226521542004773 0.2914453859993954 1.3681921607058027 1.1781062245354403 1.1668628237966912 0.68684695509000426 0.6629871815093793 3.0431568081403384 0.21140344068408001
leaf_count=33 46 580 566 10 796 83 13 219 96 264 57 219 566 111
internal_value=0 0.00149128 0.00543052 -0.000826553 0.00790963 -0.0179424 -0.0194722 -0.0296756 -0.0100355 -0.00699548 -0.00178769 -0.0212839 0.00481207 -0.0263144
internal_weight=0 12.0315 10.1907 7.54257 5.02932 2.51325 1.84082 1.54938 7.47584 6.94936 5.55985 1.34983 4.21002 1.38951
internal_count=3659 2300 2035 1469 1376 93 265 252 1359 1313 1106 276 830 207
is_linear=0
shrinkage=0.05


Tree=521
num_leaves=2
num_cat=0
split_feature=4
split_gain=0.401598
threshold=0.20276797935366633
decision_type=2
left_child=-1
right_child=-2
leaf_value=-0.031659036611451988 0.029464991239819955
leaf_weight=0.54027150299225468 0.36614074227691162
leaf_count=2732 927
internal_value=0
internal_weight=0
internal_count=3659
is_linear=0
shrinkage=0.05


Tree=522
num_leaves=3
num_cat=0
split_feature=1 0
split_gain=0.458144 0.00810135
threshold=33.872245788574226 0.28338000178337103
decision_type=2 2
left_child=-1 -2
right_child=1 -3
leaf_value=-0.031971097005958286 -0.0021961221385295273 0.030565529309660285
leaf_weight=0.5728632967620797 0.0062193340272642663 0.43788970579043962
leaf_count=2734 26 899
internal_value=0 0.0297874
internal_weight=0 0.444109
internal_count=3659 925
is_linear=0
shrinkage=0.05


Tree=523
num_leaves=15
num_cat=0
split_feature=10 7 9 5 7 12 3 13 5 7 5 7 12 7
split_gain=0.272026 0.479949 0.400508 0.479342 0.360868 0.309734 0.350549 0.627165 0.425163 0.304445 0.482768 0.427371 0.383183 0.244419
threshold=1.4011839032173159 1.0069709420204165 2.0862655639648442 1.7483461499214175 1.5549443364143374 -0.077075213193893419 -0.02678742632269859 0.97820261120796215 1.5121980309486391 0.86320757865905773 1.7898970842361452 0.6205488145351411 0.046344727277755744 2.8663140535354619
decision_type=2 2 2 2 2 2 2 2 2 2 2 2 2 2
left_child=1 9 -3 -4 -2 13 7 -7 -8 10 11 -1 -11 -6
right_child=4 2 3 -5 5 6 8 -9 -10 12 -12 -13 -14 -15
leaf_value=0.007429583338606641 0.043067356814634104 -0.019797971114291053 -0.011928566705177661 0.030656970034150029 0.035529200369424772 0.039858569785615985 0.011405764889547643 -0.0095615020007468344 -0.026490669476032944 0.036552287528001957 0.035305425807832282 -0.032882766030175842 -0.013489567369850908 -0.019371240217481808
leaf_weight=1.4939598097698787 0.69557599964173178 3.965331075785798 1.5574948360808778 1.0029661867447428 1.181722206980339 1.1757649605424374 1.2286233694176196 1.2297233766439601 1.6073428691888691 1.5217685034294843 0.67076678888406593 1.035254013360827 0.44276701204944391 0.17495792060071824
leaf_count=214 41 1098 484 55 93 171 352 151 432 102 120 186 41 119
internal_value=0 -0.00108234 -0.010028 0.00527806 0.0111631 0.00720702 0.0015092 0.015221 -0.0102435 0.010197 0.000522553 -0.00969409 0.0251668 0.0276054
internal_weight=0 11.6903 6.52579 2.56046 7.29371 6.59813 5.24145 2.40549 2.83597 5.16452 3.19998 2.52921 1.96454 1.35668
internal_count=3659 2300 1637 539 1359 1318 1106 322 784 663 520 400 143 212
is_linear=0
shrinkage=0.05


Tree=524
num_leaves=15
num_cat=0
split_feature=10 8 10 5 5 12 11 7 5 12 11 13 5 7
split_gain=0.220138 0.379568 0.391726 0.416685 0.615177 0.461292 0.390829 0.367132 0.305597 0.26996 0.33014 0.559148 0.353312 0.250488
threshold=1.4156004786491396 -5.1706542968749991 0.99654817581176769 1.7515664696693423 1.4760683774948122 -0.047384709119796746 0.03988145478069783 1.5549443364143374 1.6159114837646487 -0.077075213193893419 -0.02678742632269859 0.97820261120796215 1.5201709270477297 2.8663140535354619
decision_type=2 2 2 2 2 2 2 2 2 2 2 2 2 2
left_child=1 6 3 4 -3 -5 8 -2 -1 13 11 -11 -12 -9
right_child=7 2 -4 5 -6 -7 -8 9 -10 10 12 -13 -14 -15
leaf_value=0.023366514087248689 -0.04252831255788498 -0.013841062484054223 0.021387788992773313 0.019537381144610622 0.021586238350770739 -0.02897571321450873 0.028160204579604661 -0.034046637974117819 -0.037240031028155263 -0.036845840421562186 -0.010055374339750241 0.0095798362026344418 0.024698719429266356 0.01783953883805053
leaf_weight=0.17385814566660052 0.66125585569534351 1.9462820402477516 2.6387639250606298 0.57432493989472311 2.9826110134963528 1.8667542297625912 0.28019761684117828 1.1232435984202309 1.331307979642588 1.1910432454315012 1.1526957205533115 1.2377462404147079 1.7123300293387727 0.22073911118059175
leaf_count=33 24 367 594 10 1009 83 13 88 223 169 351 149 427 119
internal_value=0 0.00141124 0.00524119 -0.000748906 0.00759993 -0.0172421 -0.0191986 -0.00958078 -0.0292199 -0.00571608 -0.00047986 -0.0137434 0.0108484 -0.0248794
internal_weight=0 11.7941 10.0087 7.36997 4.92889 2.44108 1.78536 7.29905 1.50517 6.6378 5.29382 2.42879 2.86503 1.34398
internal_count=3659 2332 2063 1469 1376 93 269 1327 256 1303 1096 318 778 207
is_linear=0
shrinkage=0.05


Tree=525
num_leaves=2
num_cat=0
split_feature=4
split_gain=0.383419
threshold=0.20276797935366633
decision_type=2
left_child=-1
right_child=-2
leaf_value=-0.031437677443269502 0.029238332426910901
leaf_weight=0.51702389592173859 0.35338928127021063
leaf_count=2732 927
internal_value=0
internal_weight=0
internal_count=3659
is_linear=0
shrinkage=0.05


Tree=526
num_leaves=3
num_cat=0
split_feature=1 0
split_gain=0.440126 0.0077962
threshold=33.872245788574226 0.28338000178337103
decision_type=2 2
left_child=-1 -2
right_child=1 -3
leaf_value=-0.031752964190920593 -0.0021315954537701135 0.030416514024720655
leaf_weight=0.54779736165983195 0.00602562486892566 0.42669919281615876
leaf_count=2734 26 899
internal_value=0 0.0296482
internal_weight=0 0.432725
internal_count=3659 925
is_linear=0
shrinkage=0.05


Tree=527
num_leaves=15
num_cat=0
split_feature=10 7 8 7 9 8 12 12 3 1 3 7 9 7
split_gain=0.242351 0.43272 0.41075 0.359617 0.324006 0.345273 0.314965 0.28754 0.334446 0.594776 0.335903 0.280023 0.37246 0.278016
threshold=1.4156004786491396 1.0069709420204165 -5.7038955688476554 1.5549443364143374 2.1485900878906254 2.6548080444335942 -0.093215018510818468 -0.077075213193893419 -0.02678742632269859 10.519758701324465 0.061412833631038673 0.86320757865905773 -2.2165908813476558 0.64482796192169201
decision_type=2 2 2 2 2 2 2 2 2 2 2 2 2 2
left_child=1 11 6 -2 5 -4 -3 -5 9 -9 -10 13 -13 -1
right_child=3 2 4 7 -6 -7 -8 8 10 -11 -12 12 -14 -15
leaf_value=0.012678860377836432 0.04310795435348392 -0.024665661459505352 -0.031567583575638186 0.02669862121926769 0.00079354676067728549 0.0075262954480500195 0.035462010023578419 0.034031736605222317 -0.019203242503860206 -0.01502807673687632 0.021628149028797918 0.043986164785819196 0.00098363444955811854 -0.01675783146026202
leaf_weight=1.8139464800988228 0.66674045046965957 0.2195864545283257 2.7571814845105105 1.3104330957212367 2.0960990108651458 0.66179688542979409 0.69402606059884497 1.4334326087700899 2.2014245777390906 0.95858343570580462 0.55534500547219057 0.99920032227964839 0.93782499596272806 1.2808046118370837
leaf_count=294 24 27 777 207 510 249 106 96 554 222 224 31 112 226
internal_value=0 -0.00103329 -0.00956442 0.0106512 -0.0147314 -0.0240015 0.0200027 0.00669479 0.00119189 0.0145573 -0.0105087 0.00984022 0.0242365 0.000352882
internal_weight=0 11.4605 6.42869 7.12596 5.51508 3.41898 0.913613 6.45922 5.14879 2.39202 2.75677 5.03178 1.93703 3.09475
internal_count=3659 2332 1669 1327 1536 1026 133 1303 1096 318 778 663 143 520
is_linear=0
shrinkage=0.05


Tree=528
num_leaves=15
num_cat=0
split_feature=5 12 8 8 5 5 8 12 5 6 8 6 5 1
split_gain=0.222418 0.71403 0.922831 0.731286 0.50443 0.492952 0.492739 0.495294 0.440469 0.469541 0.418785 0.337188 0.278585 0.252297
threshold=1.6848669052124026 0.011858314275741579 1.315574645996094 -2.9573135375976558 1.5945056080818178 1.5937870144844057 -1.0720672607421873 0.027514547109603885 1.6919204592704775 0.051174577325582511 -5.5648193359374991 0.07495515421032907 1.7129393815994265 32.762851715087898
decision_type=2 2 2 2 2 2 2 2 2 2 2 2 2 2
left_child=4 3 12 8 5 6 11 -8 -2 -10 -6 -1 -3 -12
right_child=1 2 -4 -5 10 -7 7 -9 9 -11 13 -13 -14 -15
leaf_value=0.031375332267425463 -0.043911773487576272 0.020907761265183591 0.031231006838132066 0.03144396630594011 -0.029057110386780261 -0.052586750832877976 -0.01596007279306481 0.017506747492993385 -0.023883955379818172 0.014899298125691341 0.035584552900014541 -0.017228173341922549 -0.040744658954484703 -0.022041319448235439
leaf_weight=1.6172348883410448 0.58830963075161014 0.13764370791614133 0.52694134252669744 1.6392950352310416 0.25307265853916794 0.35276478403829958 3.9009391948966385 1.4354167518613392 1.153597814813111 1.9675691891679887 2.0241418153018462 0.3812629279855172 2.5033989180847129 0.14248271631367959
leaf_count=487 3 28 84 164 11 16 769 552 165 157 486 44 222 491
internal_value=0 -0.00652172 -0.0249469 0.00464873 0.00438761 -0.00195143 0.00115838 -0.00680145 -0.00770721 0.000268367 0.0238055 0.0217239 -0.036886 0.0309897
internal_weight=0 8.51676 3.16798 5.34877 10.1073 7.68762 7.33485 5.33636 3.70948 3.12117 2.4197 1.9985 2.64104 2.16662
internal_count=3679 823 334 489 2856 1868 1852 1321 325 322 988 531 250 977
is_linear=0
shrinkage=0.05


Tree=529
num_leaves=2
num_cat=0
split_feature=4
split_gain=0.361613
threshold=0.20276797935366633
decision_type=2
left_child=-1
right_child=-2
leaf_value=-0.031212333020330493 0.028889084413856781
leaf_weight=0.49509381791176565 0.33503764077613596
leaf_count=2773 906
internal_value=0
internal_weight=0
internal_count=3679
is_linear=0
shrinkage=0.05


Tree=530
num_leaves=3
num_cat=0
split_feature=1 0
split_gain=0.433692 0.00696068
threshold=33.872245788574226 0.28338000178337103
decision_type=2 2
left_child=-1 -2
right_child=1 -3
leaf_value=-0.031532166475240236 -0.001911596900946272 0.030475749017977928
leaf_weight=0.52429170995492314 0.0053703686135122544 0.43124832285684533
leaf_count=2723 24 932
internal_value=0 0.0297954
internal_weight=0 0.436619
internal_count=3679 956
is_linear=0
shrinkage=0.05


Tree=531
num_leaves=15
num_cat=0
split_feature=5 12 5 5 5 3 13 5 10 4 3 9 1 4
split_gain=0.257808 0.712392 0.59451 0.576127 0.50386 0.470406 0.447463 0.324128 0.2867 0.243779 0.235864 0.229307 0.210913 0.20771
threshold=1.6848669052124026 0.011858314275741579 1.6871035695075991 1.5945056080818178 1.5937870144844057 -0.022994195111095902 0.97597321867942821 1.7146476507186892 0.82801324129104625 -0.018221932463347908 -0.056932063773274415 9.7112350463867205 19.771531105041507 0.028870725072920326
decision_type=2 2 2 2 2 2 2 2 2 2 2 2 2 2
left_child=3 2 -2 4 5 -1 -7 -3 13 10 -9 -5 -10 -4
right_child=1 7 8 11 -6 6 -8 9 12 -11 -12 -13 -14 -15
leaf_value=-0.032746174491999784 0.041944770140611931 -0.025664091955500686 0.013409201231857945 -0.031584852407421433 0.053476174702191639 -0.0127923274902077 0.01428050567376573 0.03160587378197488 -0.022639844154355871 0.038678666514445015 -0.017095772075333287 0.022985609551426527 0.022063891209190958 -0.027673088423212186
leaf_weight=0.91177144252287678 0.53319523475511044 0.20867456351697944 1.5338594341592395 1.9476441304177572 0.34932929857313855 2.3791935277222382 3.8850975115165056 0.36162976079504006 2.7746780063971532 2.1520547717664154 0.44482155392324862 0.14138821072265262 0.21155534642457485 0.28204775531776238
leaf_count=399 4 63 154 984 16 703 750 49 226 176 46 4 77 28
internal_value=0 0.0074569 -0.00373714 -0.00442999 0.00211023 -0.00109085 0.00395874 0.0258512 -0.0095615 0.0302051 0.00582057 -0.0270101 -0.0188606 0.00591694
internal_weight=0 8.50252 5.33534 9.61442 7.52539 7.17606 6.26429 3.16718 4.80214 2.95851 0.806451 2.08903 2.98623 1.81591
internal_count=3679 823 489 2856 1868 1852 1453 334 485 271 95 988 303 182
is_linear=0
shrinkage=0.05


Tree=532
num_leaves=15
num_cat=0
split_feature=3 8 13 9 5 5 8 12 5 3 3 8 1 5
split_gain=0.197889 0.470697 0.435273 0.531591 0.48562 0.331594 0.593821 0.553121 0.524982 0.560637 0.417063 0.369214 0.327683 0.290086
threshold=-0.020180620253086087 1.442039489746094 0.978050857782364 0.74185180664062511 1.4554002881050112 1.5460148453712466 0.067169189453125014 0.045639306306838996 1.7767128348350527 -0.0061506591737270347 -0.012897301465272902 -1.2680816650390623 0.7250756323337556 1.6848669052124026
decision_type=2 2 2 2 2 2 2 2 2 2 2 2 2 2
left_child=1 2 -1 4 -4 6 -2 12 10 -10 -7 -11 -8 -5
right_child=5 -3 3 13 -6 8 7 -9 9 11 -12 -13 -14 -15
leaf_value=-0.0248158413781812 0.0185625712747544 0.027943558842850387 -0.037481414279721306 0.022668492033764656 0.025971546760480912 -0.017807325648293258 0.018207750453975626 0.020375179295086931 0.024384573529409041 -0.040682966588708541 0.028774378735045458 0.017001896031848592 -0.032791395193125447 -0.034356635184052263
leaf_weight=3.0646115175513868 1.6299368435211343 0.75692257025366405 0.2676660047509366 0.20428450193139713 1.7942130363517206 0.49032382051518775 0.29389631393132809 0.70472046810755262 0.74405744794057715 1.0222812998545123 3.3089202371338606 0.30587586792535115 2.4964888847498514 1.0199957904733308
leaf_count=585 375 266 21 84 251 123 17 237 19 18 1063 24 500 96
internal_value=0 -0.00704159 -0.0115799 0.00113207 0.0163816 0.00359936 -0.00563864 -0.0171272 0.0116223 -0.00836708 0.0224601 -0.0271378 -0.0269758 -0.0238481
internal_weight=0 7.10769 6.35077 3.28616 2.06188 10.9965 5.12504 3.49511 5.87146 2.07221 3.79924 1.32816 2.79039 1.22428
internal_count=3679 1303 1037 452 272 2376 1129 754 1247 61 1186 42 517 180
is_linear=0
shrinkage=0.05


Tree=533
num_leaves=2
num_cat=0
split_feature=4
split_gain=0.346834
threshold=0.20276797935366633
decision_type=2
left_child=-1
right_child=-2
leaf_value=-0.030961251436126099 0.028716893766086906
leaf_weight=0.47234755038880394 0.32653075760754291
leaf_count=2773 906
internal_value=0
internal_weight=0
internal_count=3679
is_linear=0
shrinkage=0.05


Tree=534
num_leaves=3
num_cat=0
split_feature=1 7
split_gain=0.412107 0.00668195
threshold=33.872245788574226 29.632671356201175
decision_type=2 2
left_child=-1 -2
right_child=1 -3
leaf_value=-0.031282637522176665 0.030249578833631198 -0.0018565033742582934
leaf_weight=0.4996483844024624 0.41475125271244906 0.0052075611893087617
leaf_count=2723 932 24
internal_value=0 0.029571
internal_weight=0 0.419959
internal_count=3679 956
is_linear=0
shrinkage=0.05


Tree=535
num_leaves=15
num_cat=0
split_feature=3 8 13 9 3 13 8 8 4 12 10 4 3 9
split_gain=0.204309 0.533806 0.442377 0.545629 0.438714 0.334625 0.302135 0.320883 0.284618 0.251903 0.217553 0.383778 0.285822 0.216605
threshold=-0.020180620253086087 1.315574645996094 0.97802749276161205 0.74185180664062511 -0.022994195111095902 0.97590425610542308 -5.1032333374023429 3.7673492431640629 0.028132230043411258 -0.047384709119796746 1.7065226435661318 0.025320176966488365 -0.044879142194986336 -0.85485076904296864
decision_type=2 2 2 2 2 2 2 2 2 2 2 2 2 2
left_child=1 2 10 4 -4 6 9 -8 13 -2 11 -1 -12 -7
right_child=5 -3 3 -5 -6 8 7 -9 -10 -11 12 -13 -14 -15
leaf_value=0.024713383055061672 -0.023796830043501985 -0.031446846886949355 -0.025859239023352295 0.024654432752181286 0.033179367014201544 -0.0027382782681234486 -0.024883610698358608 0.016273740352882881 -0.019252163829220934 0.041672046717148498 -0.00801934381105277 -0.028036249448598467 0.056116393194748516 0.017003090456302144
leaf_weight=1.7400214079534668 0.14638182974886149 0.68398272237027402 1.7366086123874995 1.2229706359430563 0.29029907360381946 2.4379997744217698 3.1595940420665998 0.48311950587958552 1.0234205737906448 0.32014155305660086 0.18712475136999274 0.33652580173657032 0.7941991152401896 3.0577192912605815
leaf_count=348 24 271 263 179 9 299 810 277 491 12 72 131 30 463
internal_value=0 0.0076894 0.0123577 -0.000575046 -0.0162411 -0.0032496 -0.0142486 -0.0191361 0.00379399 0.0205553 0.0256854 0.0152694 0.044276 0.00835303
internal_weight=0 6.99173 6.30775 3.24988 2.02691 10.6284 4.10924 3.64271 6.51914 0.466523 3.05787 2.07655 0.981324 5.49572
internal_count=3679 1303 1032 451 272 2376 1123 1087 1253 36 581 479 102 762
is_linear=0
shrinkage=0.05


Tree=536
num_leaves=10
num_cat=0
split_feature=3 5 1 10 10 6 5 10 9
split_gain=0.186428 0.189987 0.186051 0.161079 0.425825 0.190215 0.0908783 0.0342787 0.0222269
threshold=-0.11046824231743811 1.3904049396514895 20.639951705932621 2.5972163677215581 2.7567716836929326 0.064634952694177641 1.6171665787696841 1.732485890388489 8.5605087280273455
decision_type=2 2 2 2 2 2 2 2 2
left_child=6 -2 3 5 -5 -3 -1 -4 -9
right_child=1 2 7 4 -6 -7 -8 8 -10
leaf_value=0.013335758111558231 -0.03034357643364869 0.00043117927957332625 -0.02952852990098306 -0.041209393727650631 0.013155845144978008 0.013192173191805392 -0.036430247280145989 -0.01325946685069564 0.012374471592964773
leaf_weight=0.058171773001961635 0.38959410595998889 11.033528377876797 0.46044693277872184 0.61034320537146303 0.65705304617949878 3.8748319381338652 0.40367189819153282 0.073056958921370097 0.065800116979517043
leaf_count=11 480 1282 970 31 108 363 150 266 18
internal_value=0 0.000363512 0.00125226 0.0023301 -0.014124 0.00381369 -0.028904 -0.0240126 -0.00101715
internal_weight=0 17.1647 16.7751 16.1758 1.2674 14.9084 0.461844 0.599304 0.138857
internal_count=3679 3518 3038 1784 139 1645 161 1254 284
is_linear=0
shrinkage=0.05


Tree=537
num_leaves=2
num_cat=0
split_feature=4
split_gain=0.331523
threshold=0.20276797935366633
decision_type=2
left_child=-1
right_child=-2
leaf_value=-0.030709384991780542 0.028504988979890785
leaf_weight=0.45121066109277308 0.31650706871005241
leaf_count=2773 906
internal_value=0
internal_weight=0
internal_count=3679
is_linear=0
shrinkage=0.05


Tree=538
num_leaves=3
num_cat=0
split_feature=1 0
split_gain=0.39552 0.00643847
threshold=33.872245788574226 0.28338000178337103
decision_type=2 2
left_child=-1 -2
right_child=1 -3
leaf_value=-0.031034143040221014 -0.0018033088329128745 0.030104349973736878
leaf_weight=0.47692824330988515 0.0050508403801359228 0.40473072015447542
leaf_count=2723 24 932
internal_value=0 0.0294345
internal_weight=0 0.409782
internal_count=3679 956
is_linear=0
shrinkage=0.05


Tree=539
num_leaves=15
num_cat=0
split_feature=5 12 8 8 5 8 5 8 12 6 5 6 5 5
split_gain=0.217392 0.606445 0.806373 0.710039 0.514753 0.461234 0.412176 0.495079 0.480571 0.372304 0.359833 0.427643 0.24169 0.170909
threshold=1.6848669052124026 0.011858314275741579 1.315574645996094 -2.9573135375976558 1.5945056080818178 -6.8237228393554679 1.5937870144844057 -1.0331039428710935 0.027514547109603885 0.07495515421032907 1.6919204592704775 0.051174577325582511 1.7146476507186892 1.8204647898674013
decision_type=2 2 2 2 2 2 2 2 2 2 2 2 2 2
left_child=4 3 12 10 6 -6 7 9 -9 -1 -2 -12 -3 -5
right_child=1 2 -4 13 5 -7 -8 8 -10 -11 11 -13 -14 -15
leaf_value=-0.034185189844843207 0.042118314156924491 -0.020728847095482811 -0.031663152098571734 -0.036353647816193213 0.028699285335819502 -0.035924303037121574 0.048572603017565663 0.015993467891720556 -0.017998831729429069 0.018133371673498207 0.02434990240428014 -0.013057400164054295 0.039297203482782733 0.018723866827857736
leaf_weight=1.4134945978366884 0.55380067229270968 0.11973024204780891 0.4545414066305965 1.3633571142054259 0.2498517417552647 1.6713275854417586 0.34625915592187073 3.7737838640860009 1.3289542957099909 0.36946450911636919 1.132339516450884 1.9111806553846689 2.3734656825836282 0.095111443428322562
leaf_count=490 3 29 84 155 6 982 16 767 551 44 165 157 221 9
internal_value=0 0.00701243 0.024637 -0.00354196 -0.00420481 -0.0265158 0.00200295 -0.00100067 0.00696474 -0.0229565 0.00846114 0.00119183 0.0357264 -0.0317909
internal_weight=0 8.00353 2.94774 5.05579 9.15314 1.92118 7.23196 6.8857 5.10274 1.78296 3.59732 3.04352 2.4932 1.45847
internal_count=3679 823 334 489 2856 988 1868 1852 1318 534 325 322 250 164
is_linear=0
shrinkage=0.05


Tree=540
num_leaves=15
num_cat=0
split_feature=7 7 10 12 12 8 6 11 10 10 8 12 10 8
split_gain=0.253929 0.570822 0.491555 0.324099 0.309874 0.288197 0.333429 0.225322 0.198406 0.250281 0.133947 0.143525 0.12082 0.193072
threshold=1.8591462373733523 1.5404669642448428 1.4156004786491396 -0.025518745183944699 -0.0017660558223724363 -5.1032333374023429 0.018099058419466022 -0.0017541153356432913 2.8041751384735112 2.6785721778869633 1.9684295654296877 0.015975177288055423 2.106491327285767 1.1367950439453127
decision_type=2 2 2 2 2 2 2 2 2 2 2 2 2 2
left_child=1 2 5 12 -5 7 -7 -1 9 -6 -3 -12 13 -2
right_child=3 10 -4 4 8 6 -8 -9 -10 -11 11 -13 -14 -15
leaf_value=-0.027521788197289711 -0.035786898639877184 0.032344278746473047 -0.045089747237385312 0.024756853508740736 -0.0054869483028891193 -0.020872813138481543 0.0089649382131304998 0.023875222957467815 0.02381237244708426 -0.047850230969916682 -0.024103668450007613 0.024289195343417468 -0.0049628143684859669 0.00066883391016652296
leaf_weight=1.1903492706805989 1.5992987459176236 1.604197336451761 0.53525773614455907 0.87920332663634448 1.9522764921293836 1.0037425214759439 6.173117599249963 0.17552783813152739 0.3271191003586863 0.33406338965869498 0.20251560644101108 0.21048758972756332 0.83830266899167316 0.45729755867068878
leaf_count=202 340 218 19 259 816 132 1101 14 129 18 63 56 225 92
internal_value=0 0.00276839 -0.00265615 -0.00966689 0.000663002 0.000493532 0.00456239 -0.0197386 -0.00805616 -0.0134226 0.0261528 0.000486854 -0.0217358 -0.0280256
internal_weight=0 11.0952 9.07799 6.38756 3.49266 8.54274 7.17686 1.36588 2.61346 2.28634 2.0172 0.413003 2.8949 2.0566
internal_count=3684 1805 1468 1879 1222 1449 1233 216 963 834 337 119 657 432
is_linear=0
shrinkage=0.05


Tree=541
num_leaves=2
num_cat=0
split_feature=4
split_gain=0.319261
threshold=0.20276797935366633
decision_type=2
left_child=-1
right_child=-2
leaf_value=-0.030553684954654922 0.028271888883374098
leaf_weight=0.43887056170933647 0.30601051238772925
leaf_count=2776 908
internal_value=0
internal_weight=0
internal_count=3684
is_linear=0
shrinkage=0.05


Tree=542
num_leaves=3
num_cat=0
split_feature=1 0
split_gain=0.37421 0.00629963
threshold=33.872245788574226 0.28338000178337103
decision_type=2 2
left_child=-1 -2
right_child=1 -3
leaf_value=-0.030882171237383189 -0.0017943591839915216 0.029729343114040147
leaf_weight=0.46382497515332943 0.0050245211023138827 0.3805990586115513
leaf_count=2737 24 923
internal_value=0 0.0290337
internal_weight=0 0.385624
internal_count=3684 947
is_linear=0
shrinkage=0.05


Tree=543
num_leaves=15
num_cat=0
split_feature=10 12 3 12 8 5 9 3 5 8 13 5 8 8
split_gain=0.238547 0.439737 0.541715 0.388708 0.371195 0.380047 0.479833 0.473339 0.436283 0.712486 0.332464 0.320693 0.305044 0.285602
threshold=1.4011839032173159 -0.017836809158325192 -0.044879142194986336 0.016472399234771732 4.6584548950195321 1.7515664696693423 0.79943084716796886 -0.034964609891176217 1.4489672183990481 -5.1706542968749991 0.97820261120796215 1.7146476507186892 0.18772888183593753 1.7522888183593752
decision_type=2 2 2 2 2 2 2 2 2 2 2 2 2 2
left_child=4 2 -2 -3 5 8 7 -7 10 -10 -1 -5 -8 -13
right_child=1 3 -4 11 -6 6 12 -9 9 -11 -12 13 -14 -15
leaf_value=-0.01029773425076585 -0.026163545719199585 -0.026128273847382835 0.028112709026941553 -0.015356428881321644 0.023924768933121759 0.029228846222438265 0.031404980548781603 -0.033058962638972497 0.011467098179545799 -0.031159542688610861 0.034686129266480341 0.03789431937025374 -0.024180449474045851 -0.023673923879881889
leaf_weight=0.82318345267413107 0.45282164534728542 1.155438622910878 3.2347639765466738 0.66812146687516349 1.0980078706124903 0.34985981022327906 1.6429560667456824 0.89938659327890513 1.2821843883612012 3.5357439403960602 0.65710294737800723 0.85697308067756217 0.21217658933892369 0.16222295314219082
leaf_count=135 120 257 434 461 255 151 147 36 55 1458 80 62 10 23
internal_value=0 0.00976472 0.020933 -0.00494164 -0.00233223 -0.00561795 0.00851932 -0.0147414 -0.0126104 -0.0198129 0.010602 0.0102166 0.0241359 0.026855
internal_weight=0 6.53034 3.68759 2.84276 10.5006 9.40259 3.10438 1.24925 6.29821 4.81793 1.48029 1.68732 1.85513 1.0192
internal_count=3684 1357 554 803 2327 2072 344 187 1728 1513 215 546 157 85
is_linear=0
shrinkage=0.05


Tree=544
num_leaves=15
num_cat=0
split_feature=7 7 10 8 5 6 5 4 1 5 3 7 5 8
split_gain=0.225531 0.531699 0.450281 0.258663 0.31542 0.303806 0.219787 0.357025 0.289535 0.250099 0.431963 0.310633 0.166431 0.0871807
threshold=1.8591462373733523 1.5404669642448428 1.4156004786491396 -5.1032333374023429 1.6159114837646487 0.018099058419466022 1.4863550662994387 -0.025003399699926373 0.84028393030166637 1.6848669052124026 0.075256917625665679 2.3446840047836308 1.4396952390670779 2.5210037231445317
decision_type=2 2 2 2 2 2 2 2 2 2 2 2 2 2
left_child=1 2 3 4 -1 -5 7 13 -8 10 -10 -11 -3 -2
right_child=6 12 -4 5 -6 -7 8 -9 9 11 -12 -13 -14 -15
leaf_value=0.026909073868667706 0.028313170023423248 -0.020458994823269402 -0.043534801000878337 -0.020219041197853744 -0.029631892862457078 0.0086106307253229313 -0.035833035374144305 -0.038731504758393077 0.027394118397837858 0.017031263560584355 -0.025585345886919714 -0.020313272594168041 0.02953910531337833 -0.016640615320518699
leaf_weight=0.2262187244195929 0.25137374170299143 0.11302446497938845 0.52493299929119608 0.9768336312990894 1.1130586819981543 6.0362815511871304 0.52030836422636628 1.0945274818332098 1.4018489949085049 0.7033005713092283 0.42981815233360965 1.7828661658859344 1.8167734606249721 0.078616915132442955
leaf_count=11 10 62 19 132 205 1101 22 595 884 118 46 137 275 67
internal_value=0 0.00265449 -0.00259639 0.000461139 -0.0188754 0.00436724 -0.00919378 -0.0257718 -0.00388957 0.000683661 0.0142811 -0.00949898 0.0257471 0.0162241
internal_weight=0 10.8071 8.87733 8.35239 1.33928 7.01312 6.26266 1.42452 4.83814 4.31783 1.83167 2.48617 1.9298 0.329991
internal_count=3684 1805 1468 1449 216 1233 1879 672 1207 1185 930 255 337 77
is_linear=0
shrinkage=0.05


Tree=545
num_leaves=2
num_cat=0
split_feature=4
split_gain=0.304442
threshold=0.20276797935366633
decision_type=2
left_child=-1
right_child=-2
leaf_value=-0.030321999068930034 0.028003413654161393
leaf_weight=0.42154832931009878 0.2945573226606939
leaf_count=2776 908
internal_value=0
internal_weight=0
internal_count=3684
is_linear=0
shrinkage=0.05


Tree=546
num_leaves=3
num_cat=0
split_feature=0 0
split_gain=0.313681 0.0162553
threshold=0.54847639799118053 0.28338000178337103
decision_type=2 2
left_child=1 -1
right_child=-2 -3
leaf_value=-0.030202235124599137 0.028944427288120883 -0.0015855533965421411
leaf_weight=0.41303986253296898 0.3378440237720497 0.067657596315257251
leaf_count=2756 914 14
internal_value=0 -0.0271411
internal_weight=0 0.480697
internal_count=3684 2770
is_linear=0
shrinkage=0.05


Tree=547
num_leaves=15
num_cat=0
split_feature=5 7 7 7 12 12 5 5 6 5 5 3 7 5
split_gain=0.196556 0.217841 0.621625 0.434725 0.296032 0.319515 0.367656 0.227043 0.218919 0.150323 0.18622 0.101368 0.0963841 0.0534184
threshold=1.4148662686347964 1.8591462373733523 1.5404669642448428 1.4263559579849245 -0.02761021256446838 -0.0017660558223724363 1.7146476507186892 1.6848669052124026 0.033791555091738708 1.4433003067970278 1.5945056080818178 -0.049951680004596703 3.5077719688415532 1.7681607007980349
decision_type=2 2 2 2 2 2 2 2 2 2 2 2 2 2
left_child=12 2 3 7 9 11 -7 -2 -5 -3 -11 -6 -1 -4
right_child=1 4 13 8 5 6 -8 -9 -10 10 -12 -13 -14 -15
leaf_value=0.032920024724607554 -0.011745916194072524 -0.017378141025556283 -0.032053316227236187 0.043263653098123356 0.013189143646234872 -0.012624541755889486 0.025857050477274227 0.0058640374802692513 0.0011139840193848457 0.033657375247148208 0.0048303098113088132 -0.033438118259944256 -0.0097896996744296708 -0.00034140602143719066
leaf_weight=0.61957524384343088 3.3905508868701855 0.17140069619927123 1.6122985547299311 0.77297577942226758 0.081751256708230358 1.1051857459606247 1.1959246070764491 3.7573117410647683 0.48439961258918629 1.5827371552768457 0.89676872816926323 0.69825421132554799 0.11399734673614148 0.14630959508940566
leaf_count=328 779 32 235 31 35 679 93 439 93 260 225 175 238 42
internal_value=0 0.000987978 -0.00340322 0.00235606 0.00869916 -0.00188648 0.00761892 -0.00253596 0.028304 0.020624 0.0238229 -0.0276078 0.0259047 -0.0295753
internal_weight=0 15.8959 10.1638 8.40524 5.73202 3.08112 2.30111 7.14786 1.25738 2.65091 2.47951 0.780005 0.733573 1.75861
internal_count=3684 3118 1619 1342 1499 982 772 1218 124 517 485 210 566 277
is_linear=0
shrinkage=0.05


Tree=548
num_leaves=15
num_cat=0
split_feature=8 5 12 12 9 7 9 5 8 5 5 13 0 5
split_gain=0.214167 0.366122 0.298588 0.273781 0.208663 0.301314 0.258768 0.357892 0.247609 0.194583 0.176039 0.164873 0.155979 0.105713
threshold=3.0568466186523442 1.6186023950576784 0.085924535989761366 0.027514547109603885 -2.9015197753906246 2.0750901699066167 -2.4045028686523433 1.7483461499214175 -0.56970977783203114 1.5038489699363711 1.6980305314064028 0.98372241854667675 -0.017362950369715687 1.5365313291549685
decision_type=2 2 2 2 2 2 2 2 2 2 2 2 2 2
left_child=2 3 4 11 5 12 8 -8 -6 -5 -4 -2 -1 -7
right_child=1 -3 10 9 6 13 7 -9 -10 -11 -12 -13 -14 -15
leaf_value=-0.016740262274373842 -0.03827733032723387 0.026544404861791306 0.013484138358360535 -0.027396219385175648 -0.029107469894055583 -0.027155584030764481 0.0098631259584959999 -0.011074793971430458 0.021545435915561826 0.020146756412886921 -0.035764152935957562 0.0070806121413062306 0.028553612401900259 0.0049820841114034753
leaf_weight=0.14545169939083358 1.414156902421382 0.38190125256369345 0.176032579372987 0.23678456821653515 1.1477527951392401 0.35070646716121689 5.8032585349028505 3.0230529398922954 0.22185408162476861 0.49975783520494588 0.71284306751658733 0.19827767265451246 1.8827602227356699 0.53360488927501137
leaf_count=11 329 149 233 212 75 129 1439 354 37 106 73 24 348 165
internal_value=0 -0.0141997 0.000874486 -0.0216373 0.00285246 0.0144143 -0.000558185 0.00264806 -0.0199948 0.00341471 -0.0256337 -0.032612 0.0246714 -0.00922729
internal_weight=0 2.73088 13.9973 2.34898 13.1084 2.91252 10.1959 8.82631 1.36961 0.736542 0.888876 1.61243 2.02821 0.884311
internal_count=3684 820 2864 671 2558 653 1905 1793 112 318 306 353 359 294
is_linear=0
shrinkage=0.05


Tree=549
num_leaves=2
num_cat=0
split_feature=4
split_gain=0.291516
threshold=0.20276797935366633
decision_type=2
left_child=-1
right_child=-2
leaf_value=-0.030071630812476165 0.027787710468199441
leaf_weight=0.40403603268168808 0.28581172318081371
leaf_count=2776 908
internal_value=0
internal_weight=0
internal_count=3684
is_linear=0
shrinkage=0.05


Tree=550
num_leaves=3
num_cat=0
split_feature=1 0
split_gain=0.345466 0.00567593
threshold=33.872245788574226 0.28338000178337103
decision_type=2 2
left_child=-1 -2
right_child=1 -3
leaf_value=-0.030427548129492284 -0.0016494646864407788 0.029380095473189385
leaf_weight=0.42789977278152946 0.0046001962909940622 0.36004400125239044
leaf_count=2737 24 923
internal_value=0 0.0287179
internal_weight=0 0.364644
internal_count=3684 947
is_linear=0
shrinkage=0.05


Tree=551
num_leaves=15
num_cat=0
split_feature=8 12 3 8 9 3 0 3 8 1 10 8 3 6
split_gain=0.216973 0.369442 0.290655 0.358985 0.441903 0.329244 0.301508 0.247843 0.243916 0.221312 0.203582 0.19265 0.120007 0.110682
threshold=3.0568466186523442 0.027514547109603885 0.019735695794224743 1.6202468872070315 -2.9015197753906246 0.094394423067569747 0.006411684677004815 -0.012284094467759131 2.0302429199218754 2.2204864025115971 0.047286394983530051 5.7985687255859384 0.013889674562960865 -0.0071273837238550177
decision_type=2 2 2 2 2 2 2 2 2 2 2 2 2 2
left_child=2 7 3 4 9 8 -6 -2 -4 -1 -9 -3 -5 -12
right_child=1 11 5 12 6 -7 -8 10 -10 -11 13 -13 -14 -15
leaf_value=0.016079296844496039 -0.021876323546179823 -0.023506733634756041 -0.026773230714474783 -0.032652112180116134 -0.02560831817242807 0.019551547318124297 0.014569639275133023 -0.019670254283455198 0.011618840619984812 -0.022179154573171461 -0.012904920521293578 0.020974749982133424 0.014901755788956299 0.040752449786272418
leaf_weight=0.40862637694226478 0.16098073378816491 0.66995175777265092 2.2758389350819925 0.73277542859068567 0.40966922762163527 0.54945163884258352 7.067720591527177 0.10782807324721866 0.44126876553491445 1.584652597808599 0.057919884035072644 0.26601168271736242 0.097716507618315518 1.4693940596553146
leaf_count=29 39 260 672 262 364 31 940 8 85 458 42 174 23 297
internal_value=0 0.0147239 -0.00048832 0.00364844 0.00649835 -0.0132545 0.0120595 0.0274884 -0.0203471 -0.0139426 0.0333291 -0.0100602 -0.0260567 0.0380496
internal_weight=0 2.73209 13.5677 10.3012 9.47067 3.26656 7.47739 1.79612 2.71711 1.99328 1.63514 0.935963 0.830492 1.52731
internal_count=3684 820 2864 2076 1791 788 1304 386 757 487 347 434 285 339
is_linear=0
shrinkage=0.05


Tree=552
num_leaves=15
num_cat=0
split_feature=8 12 12 3 5 10 10 5 12 8 6 5 8 3
split_gain=0.195611 0.35333 0.269146 0.257247 0.230512 0.210082 0.286151 0.734222 0.453509 0.233878 0.192673 0.192101 0.101057 0.0560138
threshold=3.3099975585937504 0.041818141937255866 0.085924535989761366 -0.016227528452873227 1.5201709270477297 0.1930334270000458 0.95404231548309337 1.6848669052124026 -0.052862644195556634 -5.7038955688476554 -0.0071273837238550177 1.6980305314064028 6.6020050048828134 0.01347690634429455
decision_type=2 2 2 2 2 2 2 2 2 2 2 2 2 2
left_child=2 3 5 -2 -3 9 7 -7 -8 -1 -5 -4 -6 -12
right_child=1 4 11 10 12 6 8 -9 -10 -11 13 -13 -14 -15
leaf_value=-0.024779116319609797 0.022292398345853694 -0.027076226949808459 0.013533516347269981 0.017943321145187607 0.02979470848222722 0.0091461311581281096 -0.0086145388964416463 -0.029538993749163436 0.015921517044008456 0.029385440720943731 -0.012407885358541308 -0.038657825163691983 -0.016743017122427636 -0.043721025515376599
leaf_weight=0.16371754972351482 0.15847544746793607 0.22772385088319413 0.17549321449041677 0.10652688083428086 0.60305252516991459 2.3402281916169141 3.3283511708686992 2.3961368193722592 4.0987314176218215 0.99028229918258215 0.27233208670804621 0.63988918388895399 0.072926019900478423 1.1944631388269042
leaf_count=36 37 174 236 43 172 709 430 220 989 222 39 66 8 298
internal_value=0 -0.0155616 -0.000946304 -0.0282495 0.00914456 0.000850052 -0.00114961 -0.0106309 0.00495763 0.0203379 -0.0343684 -0.0271735 0.0232635 -0.0390703
internal_weight=0 2.6355 14.1328 1.7318 0.903702 13.3174 12.1634 4.73637 7.42708 1.154 1.57332 0.815382 0.675979 1.4668
internal_count=3679 771 2908 417 354 2606 2348 929 1419 258 380 302 180 337
is_linear=0
shrinkage=0.05


Tree=553
num_leaves=2
num_cat=0
split_feature=4
split_gain=0.279622
threshold=0.20276797935366633
decision_type=2
left_child=-1
right_child=-2
leaf_value=-0.029859707291529161 0.027548203234190841
leaf_weight=0.39010285767471942 0.2765461193775991
leaf_count=2764 915
internal_value=0
internal_weight=0
internal_count=3679
is_linear=0
shrinkage=0.05


Tree=554
num_leaves=3
num_cat=0
split_feature=1 0
split_gain=0.332609 0.00515053
threshold=33.872245788574226 0.28338000178337103
decision_type=2 2
left_child=-1 -2
right_child=1 -3
leaf_value=-0.030225771395034396 -0.0015162101822901912 0.029183968442640491
leaf_weight=0.41342175401769055 0.0042129346256842828 0.34931294716079719
leaf_count=2743 23 913
internal_value=0 0.0285645
internal_weight=0 0.353526
internal_count=3679 936
is_linear=0
shrinkage=0.05


Tree=555
num_leaves=15
num_cat=0
split_feature=8 3 5 4 5 10 4 8 5 4 4 6 9 13
split_gain=0.200999 0.353943 0.475099 0.26699 0.275792 0.418882 0.582449 0.353461 0.347107 0.523437 0.396294 0.221062 0.227166 0.0446126
threshold=3.3099975585937504 0.034036988392472274 1.4831829071044924 0.043104073032736785 1.6848669052124026 0.99654817581176769 0.039951298385858543 0.26367187500000006 1.503061890602112 -0.026478745974600312 -0.025003399699926373 -0.0071273837238550177 -8.5289764404296857 0.96860319375991832
decision_type=2 2 2 2 2 2 2 2 2 2 2 2 2 2
left_child=3 2 -2 4 8 7 -7 -6 10 -10 -1 -3 -13 -5
right_child=1 11 -4 13 5 6 -8 -9 9 -11 -12 12 -14 -15
leaf_value=-0.022816917796328374 0.030547643157477156 -0.020588637958958392 -0.032750548506834475 0.0056197371607491671 0.028181371527062928 -0.011292280326120001 0.038606628016439631 -0.025319271559344516 0.01235270848279532 -0.031440487412138243 0.015397033602909027 -0.01940644063158219 0.041182253412368759 -0.031607933251644606
leaf_weight=0.80340381104178993 0.4147341512361884 0.13176965135789953 0.60453633039287524 0.060193325680303 2.874199916797807 2.9526486731956543 0.62358503290306533 0.26693622294988006 0.96088374558530665 1.9307065454195251 2.6656847978156293 0.11442660308239272 1.3716557033476415 0.58273615293728653
leaf_count=37 78 49 248 111 274 365 18 48 268 910 111 21 375 766
internal_value=0 0.0161933 -0.00656681 0.0013414 0.00297609 0.0099731 -0.00177796 0.0229939 -0.00445327 -0.0169614 0.00615576 0.03008 0.0355876 -0.0278353
internal_weight=0 2.63712 1.01927 13.721 13.078 6.71737 3.57623 3.14114 6.36068 2.89159 3.46909 1.61785 1.48608 0.642929
internal_count=3679 771 326 2908 2031 705 383 322 1326 1178 148 445 396 877
is_linear=0
shrinkage=0.05


Tree=556
num_leaves=15
num_cat=0
split_feature=8 3 5 3 6 6 5 5 13 1 10 7 5 2
split_gain=0.179138 0.31568 0.414028 0.238157 0.264761 0.321994 0.310451 0.287975 0.261517 0.323691 0.361933 0.194769 0.270439 0.142858
threshold=3.3099975585937504 0.034036988392472274 1.4923390150070193 -0.020180620253086087 0.079289924353361144 0.060000568628311164 1.5937870144844057 1.6848669052124026 0.96839940547943126 2.7858123779296879 0.22882357239723208 1.2043100595474245 1.5597794651985171 0.21384600549936297
decision_type=2 2 2 2 2 2 2 2 2 2 2 2 2 2
left_child=3 2 -2 4 5 7 -7 -1 -5 -10 -11 12 -3 -6
right_child=1 11 -4 8 13 6 -8 -9 9 10 -12 -13 -14 -15
leaf_value=0.012534425687134469 -0.030838954969327009 -0.032539838002953118 0.029043206115501003 0.030151162259719623 0.028620132474392657 0.022232672018871247 -0.04135888791394584 -0.015006468064675814 0.024746214355575363 0.030500839188473069 -0.0074940276038000233 -0.041934207707459134 0.02735695656736838 -0.018512724363351284
leaf_weight=1.428781776525285 0.37625306400514025 0.29397682848139062 0.63890305315726437 0.79908240464283231 0.57481818110682059 0.16103969151299669 1.1716814240971869 2.4235947121833306 1.1447206446755442 0.60799594068157592 5.418719445609895 0.93678919708872854 0.2629748324980028 0.13523517751309555
leaf_count=514 83 78 243 201 91 39 122 346 96 133 1305 341 26 61
internal_value=0 -0.0151765 0.00607356 -0.000887425 -0.00843032 -0.0123933 -0.0326593 -0.00473331 0.00472678 0.00151815 -0.0032257 -0.0290932 -0.00439919 0.0184661
internal_weight=0 2.5089 1.01516 13.8657 5.89515 5.1851 1.33272 3.85238 7.97052 7.17144 6.02672 1.49374 0.556952 0.710053
internal_count=3679 771 326 2908 1173 1021 161 860 1735 1534 1438 445 104 152
is_linear=0
shrinkage=0.05


Tree=557
num_leaves=2
num_cat=0
split_feature=4
split_gain=0.267274
threshold=0.20276797935366633
decision_type=2
left_child=-1
right_child=-2
leaf_value=-0.02959196418765846 0.027317449322771577
leaf_weight=0.37356438212555076 0.26802869213861413
leaf_count=2764 915
internal_value=0
internal_weight=0
internal_count=3679
is_linear=0
shrinkage=0.05


Tree=558
num_leaves=3
num_cat=0
split_feature=1 2
split_gain=0.318328 0.00495663
threshold=33.872245788574226 0.28338000178337103
decision_type=2 2
left_child=-1 -2
right_child=1 -3
leaf_value=-0.029974667523037166 -0.0014744965995440876 0.028979369640780451
leaf_weight=0.39640099550888408 0.0040923045453382647 0.33866949888761155
leaf_count=2743 23 913
internal_value=0 0.0283649
internal_weight=0 0.342762
internal_count=3679 936
is_linear=0
shrinkage=0.05


Tree=559
num_leaves=15
num_cat=0
split_feature=8 12 3 13 1 10 6 6 5 5 3 5 6 10
split_gain=0.183702 0.327794 0.252614 0.281661 0.303487 0.374699 0.274091 0.324959 0.32186 0.305058 0.243545 0.226501 0.19512 0.137564
threshold=3.3099975585937504 0.041818141937255866 -0.020180620253086087 0.96839940547943126 2.7858123779296879 0.24268503487110141 0.078354798257350936 0.060000568628311164 1.6848669052124026 1.5937870144844057 -0.015081190969794987 1.503061890602112 -0.0071273837238550177 1.2529644370079043
decision_type=2 2 2 2 2 2 2 2 2 2 2 2 2 2
left_child=2 10 6 -4 -5 -6 7 8 -1 -9 -2 -3 -12 -8
right_child=1 11 3 4 5 -7 13 9 -10 -11 12 -13 -14 -15
leaf_value=-0.013974317872315982 -0.022958894183482306 0.025539140065615685 -0.031662951437416202 -0.024117906816088431 -0.031546760331530331 0.0078497609503135942 0.013880146741903927 -0.022715380007225113 0.015719601814052533 0.041604813223192205 -0.018967945270469477 -0.024886156464036024 0.038561870079004225 -0.030305871306139515
leaf_weight=1.325805637166922 0.14368619492961476 0.23550403791887209 0.76058478649429062 1.1072130901011403 0.58214251479512302 5.1938241980496969 0.17872657740372222 0.15005371778534016 2.4587219419627218 1.1894690810549944 0.10371278253296634 0.59023335657911957 1.4354431419560574 0.5163773041604145
leaf_count=514 39 160 201 96 142 1296 94 39 346 120 43 194 335 60
internal_value=0 0.0157718 0.00126272 -0.00469129 -0.00130021 0.0034098 0.00903075 0.0130675 0.0052252 0.0333222 0.0279053 -0.00929937 0.0337647 -0.0186279
internal_weight=0 2.50858 13.4629 7.64376 6.88318 5.77597 5.81915 5.12405 3.78453 1.33952 1.68284 0.825737 1.53916 0.695104
internal_count=3679 771 2908 1735 1534 1438 1173 1019 860 159 417 354 378 154
is_linear=0
shrinkage=0.05


Tree=560
num_leaves=15
num_cat=0
split_feature=8 12 12 3 5 10 7 8 7 0 5 6 8 3
split_gain=0.165333 0.295007 0.229286 0.218699 0.198365 0.18428 0.245857 0.216525 0.202076 0.187358 0.171219 0.1676 0.0907223 0.0524649
threshold=3.3099975585937504 0.041818141937255866 0.085924535989761366 -0.016227528452873227 1.5201709270477297 0.1930334270000458 1.0862447619438174 -5.7038955688476554 1.2813819050788882 0.01578287594020367 1.6980305314064028 -0.0071273837238550177 6.6020050048828134 0.01347690634429455
decision_type=2 2 2 2 2 2 2 2 2 2 2 2 2 2
left_child=2 3 5 -2 -3 7 9 -1 -8 -7 -4 -5 -6 -13
right_child=1 4 10 11 12 6 8 -9 -10 -11 -12 13 -14 -15
leaf_value=-0.024235620679246277 0.021239742513034714 -0.026063583503346806 0.013326859621337112 0.017126329555005992 0.029025669337453094 0.020567797845425742 0.023633926738660258 0.028810229090879349 0.00066401253985992506 -0.015725072020192254 -0.036675743886446142 -0.011073193585551406 -0.016039840113764331 -0.042183425484716937
leaf_weight=0.15650527489924571 0.14393882137665093 0.20436461189819954 0.16843880439410064 0.098714253304933774 0.5464579207909992 0.31254402613922083 1.0031329647717919 0.92390072614580343 7.3012388296338031 3.159343758434261 0.60774910479995015 0.25215461696643493 0.068248028677771799 1.0785965032100646
leaf_count=36 37 174 236 43 172 47 207 222 1665 429 66 39 8 298
internal_value=0 -0.0148045 -0.000792257 -0.0269106 0.00884847 0.000887561 -0.000992098 0.0197239 0.00368688 -0.0119736 -0.0255422 -0.0328307 0.0224781 -0.0374745
internal_weight=0 2.39247 13.6329 1.5734 0.819071 12.8567 11.7763 1.08041 8.30437 3.47189 0.776188 1.42947 0.614706 1.33075
internal_count=3679 771 2908 417 354 2606 2348 258 1872 476 302 380 180 337
is_linear=0
shrinkage=0.05


Tree=561
num_leaves=2
num_cat=0
split_feature=4
split_gain=0.25617
threshold=0.20276797935366633
decision_type=2
left_child=-1
right_child=-2
leaf_value=-0.029329063631008234 0.027105338769157352
leaf_weight=0.3583746106360195 0.26053199946181849
leaf_count=2764 915
internal_value=0
internal_weight=0
internal_count=3679
is_linear=0
shrinkage=0.05


Tree=562
num_leaves=3
num_cat=0
split_feature=1 0
split_gain=0.305058 0.00477248
threshold=33.872245788574226 0.28338000178337103
decision_type=2 2
left_child=-1 -2
right_child=1 -3
leaf_value=-0.029724309492139007 -0.0014342588618761153 0.028781018003477116
leaf_weight=0.3805318010126939 0.0039762057422194621 0.32877895091951359
leaf_count=2743 23 913
internal_value=0 0.028172
internal_weight=0 0.332755
internal_count=3679 936
is_linear=0
shrinkage=0.05


Tree=563
num_leaves=15
num_cat=0
split_feature=7 5 10 12 8 8 9 12 5 11 9 8 5 6
split_gain=0.181434 0.196482 0.187295 0.339905 0.507139 0.35024 0.325077 0.442472 0.21146 0.13893 0.0305081 0.00923502 0.0082722 0.00248884
threshold=3.1887146234512334 1.4148662686347964 1.4011839032173159 -0.011512875556945799 0.067169189453125014 2.0302429199218754 1.5583801269531252 -0.084186553955078111 1.4233784079551699 0.092461254447698607 -9.885856628417967 5.7985687255859384 1.82738733291626 -0.0071273837238550177
decision_type=2 2 2 2 2 2 2 2 2 2 2 2 2 2
left_child=1 -1 3 5 -5 -3 8 -8 -4 10 -2 12 -12 -11
right_child=9 2 6 4 -6 -7 7 -9 -10 13 11 -13 -14 -15
leaf_value=0.032109767300641301 0.0068340234350992429 -0.016153196172052582 -0.023150293263342284 0.021643563318292702 -0.012200703599532244 0.022889630022966706 0.024966271827959841 -0.027099581561403258 0.021170550025898842 -0.00097267935470600865 -0.032162187632482978 0.0014010310164617769 0.002102803754304551 0.020566402746708304
leaf_weight=0.52527396600271359 0.023473898632801138 3.8854993575041563 0.20909804047550951 2.7482190772716431 1.7274073063599642 0.5811647983646252 0.55231308303336835 1.0068635035677287 3.6712340458761901 0.0050071162550011641 0.56841263207024972 0.013394777291978244 0.0059329351570340796 0.1092405863746535
leaf_count=312 10 600 6 465 430 64 26 233 439 12 973 39 10 60
internal_value=0 0.00463875 0.00342062 -0.00104365 0.00859991 -0.0106833 0.010646 -0.00826296 0.0182606 -0.0194691 -0.0285036 -0.0307034 -0.0315489 0.019609
internal_weight=0 14.9071 14.3818 8.94229 4.47563 4.46666 5.43951 1.55918 3.88033 0.725462 0.611214 0.58774 0.574346 0.114248
internal_count=3679 2575 2263 1559 895 664 704 259 445 1104 1032 1022 983 72
is_linear=0
shrinkage=0.05


Tree=564
num_leaves=15
num_cat=0
split_feature=1 3 7 8 7 0 0 0 12 8 3 3 6 1
split_gain=0.157157 0.409184 0.276507 0.287866 0.359825 0.200552 0.173938 0.196552 0.184856 0.226572 0.221051 0.312154 0.17518 0.16765
threshold=4.4029936790466317 -0.040677879005670541 0.55725353956222545 4.4748001098632821 2.3446840047836308 -1.0000000180025095e-35 0.13306620717048648 0.19859981536865237 -0.039820104837417596 -5.1706542968749991 -0.043619574978947633 -0.11046824231743811 0.093679167330265059 6.8666715621948251
decision_type=2 2 2 2 2 2 2 2 2 2 2 2 2 2
left_child=1 5 -3 4 -4 -1 8 -8 9 -2 11 -10 -9 -11
right_child=6 2 3 -5 -6 -7 7 12 10 13 -12 -13 -14 -15
leaf_value=0.017744247621078464 -0.025228337186684154 -0.025489620704320561 0.032117615621272841 -0.025728159724585822 -0.0062794168894204699 -0.032719975794805921 0.011174787049326819 -0.016521235268447166 -0.033329627846629691 -0.012006622912602294 -0.021045247929598655 0.024908471737741009 0.020918342301115615 0.025274807459914689
leaf_weight=0.18592308012557623 0.40155856688215852 0.32211788687709608 2.2714506337069915 0.26148246343291237 0.78241854263615085 0.75394700506694778 2.5772707085288857 1.5443256043945437 0.24297849056165433 0.36555290239994043 3.5856648477965773 0.60974743248152652 0.29558315133908752 0.87474266904609976
leaf_count=38 87 25 189 81 93 92 515 971 40 70 869 193 100 302
internal_value=0 0.00592147 0.013529 0.0179554 0.0223929 -0.0219909 -0.005086 0.00244103 -0.0105053 0.00367036 -0.0157145 0.00655737 -0.00973827 0.0142108
internal_weight=0 4.57734 3.63747 3.31535 3.05387 0.93987 10.4974 4.41718 6.08024 1.64185 4.43839 0.852726 1.83991 1.2403
internal_count=3665 518 388 363 282 130 3147 1586 1561 459 1102 233 1071 372
is_linear=0
shrinkage=0.05


Tree=565
num_leaves=2
num_cat=0
split_feature=4
split_gain=0.242476
threshold=0.20276797935366633
decision_type=2
left_child=-1
right_child=-2
leaf_value=-0.02886229706401371 0.02694078688544296
leaf_weight=0.33367516543148668 0.25492388430575375
leaf_count=2744 921
internal_value=0
internal_weight=0
internal_count=3665
is_linear=0
shrinkage=0.05


Tree=566
num_leaves=3
num_cat=0
split_feature=1 0
split_gain=0.286316 0.00490414
threshold=33.872245788574226 0.28338000178337103
decision_type=2 2
left_child=-1 -2
right_child=1 -3
leaf_value=-0.029111033182786995 -0.00147622419538767 0.028716879304096318
leaf_weight=0.34585326044543763 0.0040973224240588016 0.32568934935261495
leaf_count=2713 24 928
internal_value=0 0.0280856
internal_weight=0 0.329787
internal_count=3665 952
is_linear=0
shrinkage=0.05


Tree=567
num_leaves=15
num_cat=0
split_feature=3 8 5 8 2 1 5 12 5 6 3 5 6 5
split_gain=0.16256 0.158873 0.288881 0.231224 0.465229 0.368203 0.317652 0.275052 0.425626 0.327229 0.204399 0.262805 0.165811 0.0663725
threshold=-0.11046824231743811 3.0568466186523442 1.6186023950576784 -1.7576446533203123 0.1252703703939915 11.805939197540285 1.419715464115143 -0.033257305622100823 1.5937870144844057 0.036491222679615028 0.028682071715593341 1.4831829071044924 -0.0071273837238550177 1.6919204592704775
decision_type=2 2 2 2 2 2 2 2 2 2 2 2 2 2
left_child=13 3 10 7 6 -6 -5 9 -9 -2 11 -3 -12 -1
right_child=1 2 -4 4 5 -7 -8 8 -10 -11 12 -13 -14 -15
leaf_value=-0.011330759947212856 0.013624091244092688 0.027136465626706276 -0.028078666520858747 0.02565430142662092 0.03535816301494988 -0.0055158941960323791 -0.026480173779211337 -0.029945676629023033 0.022828682401936633 -0.016583195280625115 -0.018120435500180786 -0.02961223460076344 0.034737152126627154 0.034986445349311487
leaf_weight=0.042915053367324485 1.4105044398638713 0.28038724254292891 0.28309826782788139 0.24572522330709068 0.70433173282071981 1.6820839206156959 2.7886002523482603 0.35539738761508344 2.6536664582126832 2.1186269322279259 0.10459581395480255 0.34186430160480086 1.2745317263688767 0.39054326281620888
leaf_count=16 300 87 151 99 37 760 722 160 390 238 48 137 377 143
internal_value=0 0.00101246 0.0127998 -0.00132671 -0.00887768 0.00748463 -0.0215744 0.00497315 0.0158329 -0.00446737 0.0196432 -0.00382446 0.0297743 0.0291364
internal_weight=0 14.2434 2.28448 11.9589 5.42074 2.38642 3.03433 6.5382 3.00906 3.52913 2.00138 0.622252 1.37913 0.433458
internal_count=3665 3506 800 2706 1618 797 821 1088 550 538 649 224 425 159
is_linear=0
shrinkage=0.05


Tree=568
num_leaves=15
num_cat=0
split_feature=3 6 10 10 10 3 10 13 10 7 13 10 3 12
split_gain=0.143875 0.178482 0.210172 0.216082 0.397102 0.314542 0.205887 0.177962 0.237008 0.196889 0.128162 0.0904574 0.0771322 0.073071
threshold=-0.11046824231743811 0.028005694970488552 2.5972163677215581 0.59685054421424877 0.1930334270000458 -0.041941968724131577 2.7567716836929326 0.97820261120796215 0.55262702703475963 2.3879424333572392 0.9761866331100465 0.4072211235761643 0.037274509668350227 -0.04204925894737243
decision_type=2 2 2 2 2 2 2 2 2 2 2 2 2 2
left_child=-1 7 3 4 -3 -5 -4 10 11 -10 12 -9 -2 -8
right_child=1 2 6 5 -6 -7 13 8 9 -11 -12 -13 -14 -15
leaf_value=-0.027928018199059598 0.0044629095730784017 0.016330318195474192 -0.036094838720203928 -0.0073163289473446892 -0.021474330595409572 0.017094868678517047 -0.011722466833139706 -0.016523125448485693 -0.033757265723895938 0.0063850395173775075 0.021654918902072259 0.026423277267036811 -0.016434677391106652 0.022085433534015333
leaf_weight=0.40361017969371538 0.85913361747043315 1.0732184353109882 0.54367733406616103 1.7673273911896075 1.6193272479576988 4.6101750245507018 0.21754401810176205 0.10020604648525511 1.461278419337759 0.34425270679275843 0.4772236191711271 0.28374256701499689 0.74200473028395209 0.23541558681245078
leaf_count=159 553 195 31 285 309 1023 41 72 118 354 210 43 174 98
internal_value=0 -0.00073065 0.0029063 0.00535389 -0.00636064 0.0103215 -0.0178254 -0.00917937 -0.0187974 -0.0261701 0.00135064 0.0141166 -0.00561833 0.00666486
internal_weight=0 14.3345 10.0667 9.07005 2.69255 6.3775 0.996637 4.26784 2.18948 1.80553 2.07836 0.383949 1.60114 0.45296
internal_count=3665 3506 1982 1812 504 1308 170 1524 587 472 937 115 727 139
is_linear=0
shrinkage=0.05


Tree=569
num_leaves=3
num_cat=0
split_feature=7 10
split_gain=0.230258 1.70047e-05
threshold=5.3550145626068124 4.5399832725524911
decision_type=2 2
left_child=-1 -2
right_child=1 -3
leaf_value=-0.02857961065472895 0.026612596887985829 0.00031034423437424798
leaf_weight=0.31996580956092657 0.24496732990519376 0.0024397710003540843
leaf_count=2734 917 14
internal_value=0 0.0265172
internal_weight=0 0.247407
internal_count=3665 931
is_linear=0
shrinkage=0.05


Tree=570
num_leaves=3
num_cat=0
split_feature=1 0
split_gain=0.272703 0.00470859
threshold=33.872245788574226 0.28338000178337103
decision_type=2 2
left_child=-1 -2
right_child=1 -3
leaf_value=-0.02884841875374863 -0.0014364600579528815 0.028449630430112855
leaf_weight=0.3324162949957099 0.0039825760904932386 0.31321567320264876
leaf_count=2713 24 928
internal_value=0 0.02782
internal_weight=0 0.317198
internal_count=3665 952
is_linear=0
shrinkage=0.05


Tree=571
num_leaves=14
num_cat=0
split_feature=3 10 6 10 10 10 3 5 2 5 3 6 5
split_gain=0.150242 0.154645 0.14958 0.210334 0.30859 0.258124 0.208771 0.493444 0.151931 0.0630513 0.0267259 0.0117821 0.0118553
threshold=-0.11046824231743811 0.11479001864790918 0.028005694970488552 0.59685054421424877 2.5972163677215581 0.1930334270000458 0.037274509668350227 1.7196110486984255 0.033400749787688262 1.6919204592704775 -0.065374363213777528 0.10503381863236429 1.4895070195198061
decision_type=2 2 2 2 2 2 2 2 2 2 2 2 2
left_child=9 10 6 5 -5 -4 7 -3 -8 -1 -2 12 -12
right_child=1 2 3 4 -6 -7 8 -9 -10 -11 11 -13 -14
leaf_value=-0.011129394590301874 0.0069159265852209682 -0.013710322902520633 -0.012255524887514625 -0.0098099462048745149 0.019070761391688174 0.02212307702339264 -0.015640588273124159 0.031768339093301311 0.029941967056447902 0.034331137518147432 0.0011742932756348206 0.0012053566319634263 -0.030554989107582475
leaf_weight=0.041842500533676552 0.024438963773718569 1.7307379307894732 0.72566624439423177 6.1887306231292314 0.98955649942217849 1.6070064755076598 0.14737135946415936 0.7847745660401414 1.293802686865092 0.37324455559428316 0.02360962954844481 0.026363858287368203 0.39617424848256633
leaf_count=16 23 1049 74 1308 170 309 171 99 127 143 40 8 128
internal_value=0 0.000968874 0.00203453 -0.00138053 -0.0056213 0.0113642 0.0100752 0.00114999 0.0245684 0.0284775 -0.0245406 -0.0272145 -0.0288879
internal_weight=0 13.9382 13.4676 9.51096 7.17829 2.33267 3.95669 2.51551 1.44117 0.415087 0.470587 0.446148 0.419784
internal_count=3665 3506 3307 1861 1478 383 1446 1148 298 159 199 176 168
is_linear=0
shrinkage=0.05


Tree=572
num_leaves=15
num_cat=0
split_feature=1 3 6 8 8 6 0 0 0 10 12 8 3 3
split_gain=0.133921 0.372508 0.209094 0.184917 0.250693 0.212755 0.183608 0.151512 0.184459 0.189061 0.149659 0.208512 0.204986 0.276819
threshold=4.4029936790466317 -0.040677879005670541 0.040840309113264091 1.9684295654296877 -3.3156204223632808 0.017122616991400722 -1.0000000180025095e-35 0.13306620717048648 0.19859981536865237 1.732485890388489 -0.039820104837417596 -5.1706542968749991 -0.043619574978947633 -0.11046824231743811
decision_type=2 2 2 2 2 2 2 2 2 2 2 2 2 2
left_child=1 6 3 4 -3 -5 -1 10 -9 -10 11 -2 13 -12
right_child=7 2 -4 5 -6 -7 -8 8 9 -11 12 -13 -14 -15
leaf_value=0.017236475376849202 -0.024740980997303087 -0.010716465808358033 0.028891010152591819 0.019340250426965036 0.028451725505494532 -0.033029803943186074 -0.031807278117880144 0.010987842038413242 -0.017426001655344917 0.019950398211969936 -0.031747525608469489 0.013440803016175944 -0.019880791621159053 0.02445839008584981
leaf_weight=0.17824494720298389 0.39482631058490358 0.61221352474240143 1.2269052480660319 0.2127822965485392 0.91796267419704369 0.47583943345307489 0.72594154866419547 2.4987751372755156 1.4433929396273013 0.34357892104526389 0.22414784789179976 1.1970192933440555 3.4561281249334552 0.59003188226779446
leaf_count=38 87 31 149 55 109 44 92 515 850 221 40 372 869 193
internal_value=0 0.00566766 0.0131696 0.00360523 0.0130847 -0.0164471 -0.0213855 -0.00472415 0.00239625 -0.00956325 -0.00988267 0.00306795 -0.01467 0.00720447
internal_weight=0 4.34989 3.4457 2.2188 1.53018 0.688622 0.904186 10.1479 4.28575 1.78697 5.86215 1.59185 4.27031 0.81418
internal_count=3665 518 388 239 140 99 130 3147 1586 1071 1561 459 1102 233
is_linear=0
shrinkage=0.05


Tree=573
num_leaves=2
num_cat=0
split_feature=4
split_gain=0.222289
threshold=0.20276797935366633
decision_type=2
left_child=-1
right_child=-2
leaf_value=-0.028347161133880625 0.026453836142535839
leaf_weight=0.30932730816766707 0.23930208403908182
leaf_count=2744 921
internal_value=0
internal_weight=0
internal_count=3665
is_linear=0
shrinkage=0.05


Tree=574
num_leaves=3
num_cat=0
split_feature=1 0
split_gain=0.262084 0.00453887
threshold=33.872245788574226 0.28338000178337103
decision_type=2 2
left_child=-1 -2
right_child=1 -3
leaf_value=-0.028596168138181628 -0.0013982190087527269 0.028262698052182678
leaf_weight=0.32024476841161231 0.0038724624610040328 0.3048835168738151
leaf_count=2713 24 928
internal_value=0 0.0276396
internal_weight=0 0.308756
internal_count=3665 952
is_linear=0
shrinkage=0.05


Tree=575
num_leaves=15
num_cat=0
split_feature=3 8 3 8 0 1 7 12 4 6 7 6 1 12
split_gain=0.137408 0.136321 0.247931 0.215812 0.43242 0.323671 0.273088 0.247712 0.312003 0.295206 0.160571 0.152256 0.0858763 0.0673961
threshold=-0.11046824231743811 3.0568466186523442 0.034036988392472274 -1.7576446533203123 0.1252703703939915 11.805939197540285 0.55725353956222545 -0.033257305622100823 0.0013215853832662108 0.036491222679615028 1.2043100595474245 0.022651053965091709 17.583280563354496 -0.034167528152465813
decision_type=2 2 2 2 2 2 2 2 2 2 2 2 2 2
left_child=-1 3 13 7 6 -6 -5 9 -9 -2 11 -4 -12 -3
right_child=1 2 10 4 5 -7 -8 8 -10 -11 12 -13 -14 -15
leaf_value=0.027642885930007955 0.013201658245060517 0.018065549287800464 -0.025149193281117605 0.019468291725068823 0.033800785623246107 -0.0050866228586875159 -0.026503484716928219 0.028568257442140334 -0.0040897812598909315 -0.015857503812209049 0.040222937920826596 0.021007200044724662 -0.0096556715265972218 -0.015406094488430312
leaf_weight=0.39898642378830196 1.3756496260393762 0.097572612510703038 0.20975780305161584 0.29415753774810616 0.67824800527887452 1.6466284470989192 2.5954055422735109 1.7021379115831208 1.1932111967762464 2.0555270635122724 0.80889618368746596 0.32287084442941705 0.05742706501041539 0.68584176781223449
leaf_count=159 300 42 26 33 37 760 788 237 313 238 282 81 51 318
internal_value=0 0.000922043 0.0120901 -0.00127553 -0.00872023 0.00718426 -0.0213289 0.00490074 0.0154222 -0.00416299 0.0241046 0.00172799 0.0362595 -0.0096642
internal_weight=0 13.7233 2.18237 11.541 5.21444 2.32488 2.88956 6.32653 2.89535 3.43118 1.39895 0.532629 0.866323 0.783414
internal_count=3665 3506 800 2706 1618 797 821 1088 550 538 440 107 333 360
is_linear=0
shrinkage=0.05


Tree=576
num_leaves=15
num_cat=0
split_feature=5 8 3 3 5 1 5 8 6 12 9 12 8 8
split_gain=0.178135 0.318627 0.43135 0.414121 0.411915 0.605476 0.350026 0.28217 0.369532 0.312083 0.261174 0.32134 0.223135 0.210188
threshold=1.4773995876312258 -1.665077209472656 0.034036988392472274 -0.068993955850601182 1.7483461499214175 2.4245556592941289 1.6186023950576784 -1.152931213378906 0.071920149028301253 0.044277280569076545 3.1164932250976567 -0.01395943760871887 0.44683074951171881 -5.1706542968749991
decision_type=2 2 2 2 2 2 2 2 2 2 2 2 2 2
left_child=7 4 3 -3 5 -2 12 8 -1 -9 11 -6 -4 -7
right_child=1 2 6 -5 10 13 -8 9 -10 -11 -12 -13 -14 -15
leaf_value=0.030936186151010132 -0.027842877871055396 -0.015518001695836016 0.023456151127220937 0.030102486078296822 0.01100052453714178 0.00016933785077819394 0.027237653980138374 -0.032120701178332926 -0.030092386549259206 0.017393321962400819 -0.039251589435764594 -0.033009867448601696 -0.025387104696984738 0.02939649496385556
leaf_weight=0.60803580512947553 0.89230993084493038 0.54134831087139845 0.19693243233632562 2.6571958861932217 0.95180577221435669 1.0033092925114038 0.473070384839957 1.5054183552510956 0.28792760893702507 0.32879527791374119 1.005006989224057 0.59102327577420533 1.3657714534856493 1.4947612633732201
leaf_count=208 34 81 71 1242 138 67 168 499 4 214 113 196 107 531
internal_value=0 0.00206105 0.0109495 0.0221449 -0.00582539 0.00556915 -0.00685358 -0.0119705 0.0102717 -0.0228046 -0.0206257 -0.00684196 -0.0181913 0.0181162
internal_weight=0 11.1725 5.23432 3.19854 5.93822 3.39038 2.03577 2.73018 0.895963 1.83421 2.54784 1.54283 1.5627 2.49807
internal_count=3673 2748 1669 1323 1079 632 346 925 212 713 447 334 178 598
is_linear=0
shrinkage=0.05


Tree=577
num_leaves=2
num_cat=0
split_feature=4
split_gain=0.211498
threshold=0.20276797935366633
decision_type=2
left_child=-1
right_child=-2
leaf_value=-0.0279876199835234 0.026226236917351799
leaf_weight=0.29390958488693286 0.23246654107060749
leaf_count=2735 938
internal_value=0
internal_weight=0
internal_count=3673
is_linear=0
shrinkage=0.05


Tree=578
num_leaves=4
num_cat=0
split_feature=1 4 7
split_gain=0.250932 0.00265845 3.97995e-05
threshold=33.872245788574226 0.071907676756382002 33.601350784301765
decision_type=2 2 2
left_child=-1 -2 -3
right_child=1 2 -4
leaf_value=-0.028430407242473733 0.027872586210561014 0.00048449146237505787 -0.00099879707521662682
leaf_weight=0.31241594075891044 0.28856766170065384 0.0020852697998634531 0.0027359908053767867
leaf_count=2736 910 9 18
internal_value=0 0.0273959 -0.000507082
internal_weight=0 0.293389 0.00482126
internal_count=3673 937 27
is_linear=0
shrinkage=0.05


Tree=579
num_leaves=15
num_cat=0
split_feature=12 8 8 8 12 10 8 5 5 3 8 5 3 13
split_gain=0.216111 0.297956 0.288507 0.254215 0.251193 0.328932 0.313527 0.249809 0.245479 0.244716 0.181828 0.171033 0.0887004 0.093559
threshold=0.031514316797256477 2.6548080444335942 -0.028343200683593747 5.7985687255859384 0.015975177288055423 0.52265292406082164 -5.1706542968749991 1.4773995876312258 1.6186023950576784 0.029795663431286815 0.067169189453125014 1.7146476507186892 -0.042970731854438775 0.96742415428161632
decision_type=2 2 2 2 2 2 2 2 2 2 2 2 2 2
left_child=1 4 11 -4 6 -6 9 -8 12 -1 -7 -2 -3 -14
right_child=2 8 3 -5 5 10 7 -9 -10 -11 -12 -13 13 -15
leaf_value=0.023958621034389348 -0.020053694973086959 -0.014119565540363244 -0.033444225885739969 0.018533438494673645 -0.027217748422565302 0.036107618189248757 0.0087974759698620213 -0.013476121609366952 -0.024221738780570469 -0.025932590582211781 -0.014311653641420377 0.023795233324199402 -0.0031148910641462697 0.036130676654483836
leaf_weight=1.3762094470293931 0.23960371890643761 0.05736630273531762 1.2687611635119544 0.21685049003644952 0.23844634692068112 1.0704154672166621 1.6032766984171765 4.9137840062503528 0.16968522889874282 0.2093663064733845 0.15564231615644519 0.58799435309992987 0.15372680514337744 1.2737166383849396
leaf_count=291 238 12 686 160 46 96 263 1193 60 17 69 150 33 359
internal_value=0 0.0039078 -0.0125742 -0.0251668 0.000429698 0.0187858 -0.00307664 -0.0079464 0.0228492 0.0162231 0.0291105 0.0103069 0.0294174 0.0319769
internal_weight=0 11.2216 2.31321 1.48561 9.56714 1.4645 8.10264 6.51706 1.65449 1.58558 1.22606 0.827598 1.48481 1.42744
internal_count=3673 2439 1234 846 1975 211 1764 1456 464 308 165 388 404 392
is_linear=0
shrinkage=0.05


Tree=580
num_leaves=15
num_cat=0
split_feature=5 4 4 5 3 12 9 9 4 4 3 1 5 5
split_gain=0.161776 0.210269 0.265763 0.214009 0.20871 0.190964 0.204416 0.188871 0.179439 0.213105 0.146837 0.139978 0.105555 0.0996595
threshold=1.4773995876312258 -0.025996895506978032 -0.028189862146973606 1.7483461499214175 -0.081903342157602296 0.026763260364532474 6.5291595458984384 -8.9701385498046857 -0.020473045296967026 -0.019922864623367783 0.06807261705398561 0.7250756323337556 1.4396952390670779 1.6919204592704775
decision_type=2 2 2 2 2 2 2 2 2 2 2 2 2 2
left_child=5 2 3 10 13 6 7 -1 -6 -10 -2 -9 -7 -3
right_child=1 4 -4 -5 8 12 -8 11 9 -11 -12 -13 -14 -15
leaf_value=0.018579057903541193 0.026105610160644794 0.0085639362949070461 -0.035825207238594094 -0.025431949173876419 0.029241934320651908 -0.018623020396918287 0.018169747010986011 0.018297011227802466 -0.032867250146107134 0.0067150351346159714 -0.010500388398534082 -0.031708044366742807 0.026804601695359909 -0.033448075883544759
leaf_weight=0.17377598654456994 0.64553372035879897 0.14995332546095497 0.65806902701296976 0.43138106595324632 0.75500434816057982 0.097029718319390557 0.27144757326095703 0.088666457777436647 0.25835716656001473 7.191283699470663 0.36349159038218204 1.6552990613199652 0.35773694892850472 0.38904448042012518
leaf_count=22 311 39 56 87 153 229 62 7 15 1863 31 521 84 193
internal_value=0 0.00200068 -0.0118611 0.000702227 0.00542401 -0.0115779 -0.0176348 -0.0233521 0.00748798 0.00492514 0.0131609 -0.0283113 0.0155023 -0.0222489
internal_weight=0 10.8421 2.09848 1.44041 8.74364 2.64396 2.18919 1.91774 8.20465 7.44964 1.00903 1.74397 0.454767 0.538998
internal_count=3673 2748 485 429 2263 925 612 550 2031 1878 342 528 313 232
is_linear=0
shrinkage=0.05


Tree=581
num_leaves=2
num_cat=0
split_feature=4
split_gain=0.203061
threshold=0.20276797935366633
decision_type=2
left_child=-1
right_child=-2
leaf_value=-0.027639903813613538 0.026086560106740125
leaf_weight=0.28004361426610558 0.22840324175194837
leaf_count=2735 938
internal_value=0
internal_weight=0
internal_count=3673
is_linear=0
shrinkage=0.05


Tree=582
num_leaves=4
num_cat=0
split_feature=1 4 7
split_gain=0.240989 0.00253378 3.97036e-05
threshold=33.872245788574226 0.071907676756382002 33.601350784301765
decision_type=2 2 2
left_child=-1 -2 -3
right_child=1 2 -4
leaf_value=-0.028086743764107858 0.027754301164701983 0.00049667943038719049 -0.00097267218699016809
leaf_weight=0.29745795587496104 0.28387291880790144 0.0020991411947761654 0.0026625309765222482
leaf_count=2736 910 9 18
internal_value=0 0.0272878 -0.000469126
internal_weight=0 0.288635 0.00476167
internal_count=3673 937 27
is_linear=0
shrinkage=0.05


Tree=583
num_leaves=15
num_cat=0
split_feature=4 8 3 8 5 9 9 1 5 6 3 5 5 8
split_gain=0.206606 0.175257 0.192025 0.18142 0.327972 0.192359 0.201342 0.185034 0.137151 0.130532 0.078015 0.0440651 0.0386353 0.027524
threshold=0.042956119403243072 -5.5648193359374991 0.029795663431286815 3.4811706542968754 1.6186023950576784 -4.0944747924804679 -2.4045028686523433 1.1944363713264468 1.6221353411674502 -0.0071273837238550177 -0.11046824231743811 1.4718365073204043 1.7830509543418886 -8.8468475341796857
decision_type=2 2 2 2 2 2 2 2 2 2 2 2 2 2
left_child=1 2 8 5 9 7 -7 -3 -1 -5 -2 -12 -13 -10
right_child=10 3 -4 4 -6 6 -8 -9 13 -11 11 12 -14 -15
leaf_value=-0.017936793889911592 0.013484695254832511 0.021346172964258999 -0.022971861710980312 -0.018172111138962128 -0.028165978637407437 0.014463751455691946 -0.0038271868554114602 -0.028340734846199363 0.0054659048680696549 0.028009173349755785 0.0036251881237620853 -0.032835643766116238 0.0078415154754940316 0.035507557258497704
leaf_weight=0.089523215305233661 0.07907431191415526 0.14986831822897773 0.14894838404143218 0.10223766921626509 0.2829244565728003 1.871070592584142 6.2578368465438023 0.9912080254216562 0.12676612776340324 1.4091652305833111 0.085696576610644892 0.64282200962952629 0.026228427406749688 0.86235591296645009
leaf_count=12 17 8 7 13 109 220 1184 293 126 437 412 661 21 153
internal_value=0 0.00263774 0.0198044 0.000572761 0.0146806 -0.00228554 0.000507533 -0.0206207 0.0271591 0.0239514 -0.0217528 -0.0265904 -0.0304287 0.0325128
internal_weight=0 12.2919 1.22759 11.0643 1.79433 9.26998 8.12891 1.14108 1.07865 1.5114 0.833821 0.754747 0.66905 0.989122
internal_count=3673 2562 298 2264 559 1705 1404 301 291 450 1111 1094 682 279
is_linear=0
shrinkage=0.05


Tree=584
num_leaves=15
num_cat=0
split_feature=8 3 8 0 8 1 1 8 9 7 13 0 13 8
split_gain=0.151327 0.174404 0.151064 0.182823 0.217898 0.403549 0.321558 0.18784 0.173152 0.10956 0.106561 0.106078 0.103638 0.0886134
threshold=-5.7038955688476554 0.03988145478069783 3.4811706542968754 0.20336492359638217 -1.665077209472656 9.4640846252441424 10.604208469390871 -0.21492767333984372 -2.2165908813476558 1.472596347332001 0.9753287434577943 0.09368459135293962 0.9761866331100465 5.9175796508789071
decision_type=2 2 2 2 2 2 2 2 2 2 2 2 2 2
left_child=1 -1 3 4 5 -2 -6 12 11 13 -11 -4 -5 -10
right_child=2 -3 8 7 6 -7 -8 -9 9 10 -12 -13 -14 -15
leaf_value=-0.025525324040644295 -0.012799562200891085 0.022656477715532558 -0.038664761437724876 0.018694896498589634 0.024304572955801455 0.015793676412006206 -0.0046062394971324591 -0.031203127366238481 0.027079475168153618 -0.026683820444058693 0.0080237323146869054 0.0029215868317119041 -0.018622704287818776 -0.016780434996037617
leaf_weight=0.94669724248524356 2.9390459355436143 0.1475944707490271 0.54535583955839673 0.41166688824159792 2.6526117138564604 1.9780676967020552 1.4354239379863427 0.62510803619807009 0.3743472549249407 0.37146518579902477 0.34911046499109943 0.18363662823321647 0.1973994253348792 0.077599782818651875
leaf_count=350 234 9 113 239 445 392 610 399 76 146 242 107 241 70
internal_value=0 -0.0176738 0.000973462 0.00339983 0.0059033 -0.00121148 0.0142856 -0.0139401 -0.0116092 0.000697766 -0.0109398 -0.0291002 0.00567955 0.0178729
internal_weight=0 1.09429 12.1408 10.2393 9.00515 4.91711 4.08804 1.23417 1.90152 1.17252 0.720576 0.728992 0.609066 0.451947
internal_count=3673 359 3314 2560 1681 626 1055 879 754 534 388 220 480 146
is_linear=0
shrinkage=0.05


Tree=585
num_leaves=2
num_cat=0
split_feature=4
split_gain=0.193995
threshold=0.20276797935366633
decision_type=2
left_child=-1
right_child=-2
leaf_value=-0.02735160238264155 0.025828742542951685
leaf_weight=0.26926664829534275 0.22115821907209465
leaf_count=2735 938
internal_value=0
internal_weight=0
internal_count=3673
is_linear=0
shrinkage=0.05


Tree=586
num_leaves=3
num_cat=0
split_feature=0 6
split_gain=0.197417 0.020112
threshold=0.28338000178337103 0.12534286454319957
decision_type=2 2
left_child=-1 -2
right_child=1 -3
leaf_value=-0.027195188728647388 0.027181954257200172 -0.0038761669929434175
leaf_weight=0.26367839948670735 0.26954194987774827 0.034096208401024342
leaf_count=2753 896 24
internal_value=0 0.0235981
internal_weight=0 0.303638
internal_count=3673 920
is_linear=0
shrinkage=0.05


Tree=587
num_leaves=15
num_cat=0
split_feature=4 8 3 8 5 9 8 1 5 6 3 5 5 8
split_gain=0.195673 0.167093 0.184194 0.172369 0.311218 0.181658 0.183142 0.177381 0.130929 0.124575 0.0732365 0.0419918 0.0380091 0.0276006
threshold=0.042956119403243072 -5.5648193359374991 0.029795663431286815 3.4811706542968754 1.6186023950576784 -4.2682113647460929 0.88597869873046886 1.1944363713264468 1.6221353411674502 -0.0071273837238550177 -0.11046824231743811 1.4718365073204043 1.7830509543418886 -8.8468475341796857
decision_type=2 2 2 2 2 2 2 2 2 2 2 2 2 2
left_child=1 2 8 5 9 7 -7 -3 -1 -5 -2 -12 -13 -10
right_child=10 3 -4 4 -6 6 -8 -9 13 -11 11 12 -14 -15
leaf_value=-0.017612753452058792 0.013013535501084986 0.02068979790060789 -0.0226932417435451 -0.017924739115933588 -0.027898415822015677 0.0039418705409117313 -0.015055827789563814 -0.028878497803266415 0.0052076325424876618 0.027485262212826322 0.0035143217921972019 -0.032621185674790429 0.0077998238651706634 0.035291943981593132
leaf_weight=0.086579934890322674 0.076252311366260983 0.14456029341090004 0.14477038593031455 0.099946652360813348 0.27342144387330325 6.6196285429286963 1.4638939755095632 0.90721963286705432 0.1247967253148089 1.3829908912521194 0.083455636657164045 0.61814216018865409 0.026052538785734214 0.83118705076412891
leaf_count=12 17 8 7 13 109 984 441 272 126 437 412 661 21 153
internal_value=0 0.00253444 0.0195701 0.000516176 0.0144145 -0.00228308 0.000359526 -0.0208608 0.0269113 0.0234857 -0.0215787 -0.0263381 -0.0301581 0.0322297
internal_weight=0 12.079 1.18733 10.8917 1.75636 9.1353 8.08352 1.05178 1.04256 1.48294 0.803903 0.72765 0.644195 0.955984
internal_count=3673 2562 298 2264 559 1705 1425 280 291 450 1111 1094 682 279
is_linear=0
shrinkage=0.05


Tree=588
num_leaves=15
num_cat=0
split_feature=7 12 8 3 8 8 5 6 12 12 8 5 8 8
split_gain=0.189879 0.206814 0.337374 0.221854 0.488943 0.191878 0.185432 0.166816 0.139325 0.233398 0.124104 0.126752 0.120931 0.12056
threshold=2.2565898895263676 -0.069421350955963121 -6.1134948730468741 0.034036988392472274 -1.665077209472656 1.901054382324219 1.4923390150070193 0.034099992364645011 -0.075990945100784288 0.039928257465362556 2.8072509765625004 1.7808206677436831 1.315574645996094 1.1367950439453127
decision_type=2 2 2 2 2 2 2 2 2 2 2 2 2 2
left_child=1 6 -3 4 -4 -5 7 -1 13 10 11 -10 -11 -2
right_child=8 2 3 5 -6 -7 -8 -9 9 12 -12 -13 -14 -15
leaf_value=0.022749503839304921 -0.03134433733044855 -0.034411967023584601 -0.0074146492887006274 0.010008963598301985 0.020939986728505094 -0.020930534756707066 0.025981853852191795 -0.029202847200638857 0.021260337407863705 -0.03454485045242741 -0.018741395225407308 -0.015351666860786409 0.00033988187015174373 0.01528886301642845
leaf_weight=0.16634263605374044 0.97545938187613523 0.62952804006999841 3.1151504621921018 0.64073150533658951 2.8009081466516377 1.5963250514541867 1.2642720119765725 0.28399998242457514 1.0187267036417336 0.62466346217661328 0.27526905818558578 0.22211866072211695 0.37508553815496271 0.098444563733210089
leaf_count=16 216 195 367 171 769 295 280 26 583 156 185 52 301 52
internal_value=0 0.00132127 -0.00183389 0.00106805 0.00613454 -0.0120198 0.0166931 -0.0093664 -0.0118547 -0.00499473 0.00730541 0.0140504 -0.022616 -0.0261312
internal_weight=0 10.4973 8.78264 8.15312 5.91606 2.23706 1.71461 0.450343 3.58977 2.51586 1.51611 1.24085 0.999749 1.0739
internal_count=3664 2119 1797 1602 1136 466 322 42 1545 1277 820 635 457 268
is_linear=0
shrinkage=0.05


Tree=589
num_leaves=2
num_cat=0
split_feature=4
split_gain=0.188223
threshold=0.20276797935366633
decision_type=2
left_child=-1
right_child=-2
leaf_value=-0.027422768760802987 0.025409559176036597
leaf_weight=0.27184049274364952 0.21003428599942708
leaf_count=2749 915
internal_value=0
internal_weight=0
internal_count=3664
is_linear=0
shrinkage=0.05


Tree=590
num_leaves=3
num_cat=0
split_feature=0 0
split_gain=0.195879 0.00972699
threshold=0.54847639799118053 0.28338000178337103
decision_type=2 2
left_child=1 -1
right_child=-2 -3
leaf_value=-0.0272749567776027 0.026587497853025183 -0.00094880926122613198
leaf_weight=0.26648198166367365 0.24344840414414648 0.046974195982329547
leaf_count=2747 903 14
internal_value=0 -0.0245134
internal_weight=0 0.313456
internal_count=3664 2761
is_linear=0
shrinkage=0.05


Tree=591
num_leaves=15
num_cat=0
split_feature=7 12 3 12 12 12 3 3 13 6 0 3 7 10
split_gain=0.155533 0.227712 0.181014 0.160043 0.226159 0.153107 0.192881 0.164817 0.265791 0.1318 0.111894 0.10382 0.102842 0.0959418
threshold=2.2565898895263676 -0.069421350955963121 0.075256917625665679 -0.075990945100784288 0.041818141937255866 0.044277280569076545 -0.065374363213777528 0.02662562765181065 0.97845676541328441 0.014300753362476827 -0.017362950369715687 0.061412833631038673 3.2146104574203496 2.2423211336135869
decision_type=2 2 2 2 2 2 2 2 2 2 2 2 2 2
left_child=1 2 10 12 11 7 -7 8 -3 -9 -1 -5 -2 -6
right_child=3 5 -4 4 13 6 -8 9 -10 -11 -12 -13 -14 -15
leaf_value=0.017209731487743615 0.031160166620330349 0.0093577049644777682 0.015346431882347937 -0.014691593080541958 -0.0021897184234680746 0.017852714084620944 -0.024253444213662413 -0.020637327565154951 -0.01327478300482429 0.01972616779737478 -0.028057678109844126 0.016011503514682605 -0.014496934395243702 0.030742277720518324
leaf_weight=0.085138243506662437 0.97473469684700853 3.1574542894632014 0.2843275403138249 1.1881691645266994 0.29220141330733884 0.29157430213308544 0.89915739508433012 0.14221245409498839 2.0557573275182222 2.0818757735360123 1.3009128738012794 0.26183325301099092 0.080895644281554269 0.67236272975605971
leaf_count=3 70 531 22 695 310 86 497 34 315 334 297 139 198 133
internal_value=0 -0.000726838 -0.017071 0.0113776 0.00387885 0.00259671 -0.0133586 0.00529454 0.000351028 0.0163683 -0.0243062 -0.00847209 0.0267096 0.0214974
internal_weight=0 10.2984 1.67038 3.4702 2.41457 8.62803 1.19073 7.4373 5.21321 2.22409 1.38605 1.45 1.05563 0.964564
internal_count=3664 2119 322 1545 1277 1797 583 1214 846 368 300 834 268 443
is_linear=0
shrinkage=0.05


Tree=592
num_leaves=15
num_cat=0
split_feature=7 12 8 3 8 8 5 6 10 10 12 0 8 0
split_gain=0.170803 0.184372 0.325135 0.196026 0.453164 0.180288 0.174495 0.157426 0.132118 0.126688 0.150128 0.129331 0.124901 0.118579
threshold=2.2565898895263676 -0.069421350955963121 -6.1134948730468741 0.034036988392472274 -1.665077209472656 1.901054382324219 1.4923390150070193 0.034099992364645011 2.7567716836929326 2.5972163677215581 -0.075990945100784288 0.079950276762247099 1.1367950439453127 -0.012591708917170761
decision_type=2 2 2 2 2 2 2 2 2 2 2 2 2 2
left_child=1 6 -3 4 -4 -5 7 -1 9 10 12 -12 -2 -8
right_child=8 2 3 5 -6 -7 13 -9 -10 -11 11 -13 -14 -15
leaf_value=0.022241846718221499 -0.032045042870881897 -0.03417863045001289 -0.0070937660430844323 0.010076356588346817 0.02035438874938578 -0.020004382473988239 -0.01662111873656472 -0.028920417337568977 0.009999349019052188 -0.035844003430557533 -0.015532552255118648 0.011594500025202624 0.016172566639201452 0.029711121267024868
leaf_weight=0.15884523557906405 0.75810609859399924 0.60900111504088172 3.1081669752347776 0.63736904817051288 2.7465671160462093 1.5703152664154911 0.091536452178843208 0.27595657851634314 0.53904688620059449 0.52610453598572338 0.68471717187640135 0.89847676196404791 0.096083652828383492 1.1262374336438368
leaf_count=16 166 195 367 171 769 295 6 26 273 62 785 222 37 274
internal_value=0 0.00125667 -0.001714 0.00112694 0.00590827 -0.0112596 0.0160528 -0.00956546 -0.0113783 -0.0154663 -0.00982851 -0.000363488 -0.0254948 0.0252314
internal_weight=0 10.324 8.67142 8.06242 5.85473 2.20768 1.65258 0.434802 3.50254 2.96349 2.43738 1.58319 0.85419 1.21777
internal_count=3664 2119 1797 1602 1136 466 322 42 1545 1272 1210 1007 203 280
is_linear=0
shrinkage=0.05


Tree=593
num_leaves=2
num_cat=0
split_feature=4
split_gain=0.180274
threshold=0.20276797935366633
decision_type=2
left_child=-1
right_child=-2
leaf_value=-0.027144748766888816 0.025163879936218148
leaf_weight=0.26187692739767954 0.20386689088627463
leaf_count=2749 915
internal_value=0
internal_weight=0
internal_count=3664
is_linear=0
shrinkage=0.05


Tree=594
num_leaves=3
num_cat=0
split_feature=1 0
split_gain=0.217331 0.00356826
threshold=33.872245788574226 0.28338000178337103
decision_type=2 2
left_child=-1 -2
right_child=1 -3
leaf_value=-0.027628007590237841 -0.0011689376194539633 0.027091622879133664
leaf_weight=0.27907104792211612 0.0032171117927646256 0.25954933343746234
leaf_count=2727 25 912
internal_value=0 0.0265188
internal_weight=0 0.262766
internal_count=3664 937
is_linear=0
shrinkage=0.05


Tree=595
num_leaves=15
num_cat=0
split_feature=5 8 12 7 8 6 12 11 8 5 6 1 8 6
split_gain=0.145682 0.207592 0.464524 0.370091 0.482239 0.311688 0.303985 0.26761 0.254957 0.251419 0.22575 0.206602 0.187982 0.229098
threshold=1.4718365073204043 -1.665077209472656 -0.028693765401840206 1.4263559579849245 -0.59252929687499989 0.048693655058741576 -0.017068654298782345 0.024481121450662616 -5.4154586791992179 1.5937870144844057 0.018099058419466022 1.5304040312767031 1.2044372558593752 0.071178127080202117
decision_type=2 2 2 2 2 2 2 2 2 2 2 2 2 2
left_child=12 2 5 11 -5 7 -6 -2 -7 -4 -11 -3 13 -1
right_child=1 3 9 4 6 8 -8 -9 -10 10 -12 -13 -14 -15
leaf_value=-0.024840947696850798 0.022252951072580584 0.01119161692106529 -0.025149620521629886 -0.033351251614229541 0.030662914829207077 0.0025220093691560503 -0.0021512917134921088 -0.025142519584715597 -0.034635049004479605 -0.013529979381047672 0.029636974938701977 -0.030896619712753357 0.025295136394470303 0.021667673585384975
leaf_weight=0.48058247150038491 1.069125755082496 0.29749997775070269 0.19852313014780465 0.63527256529778187 1.1421901857029291 0.74385792917018978 1.6064017234712098 0.308217988385877 1.064197036106634 0.28648136953415848 2.3833818677630916 1.6210673081714047 1.2898141766745537 0.38900971865223255
leaf_count=294 220 26 99 201 200 86 592 70 164 78 387 661 578 8
internal_value=0 -3.56477e-05 0.00624366 -0.00718761 0.00284051 -0.00683051 0.0120825 0.010663 -0.0200171 0.0205038 0.0246838 -0.0241391 0.013866 -0.00394652
internal_weight=0 11.3562 6.05379 5.30243 3.38386 3.1854 2.74859 1.37734 1.80805 2.86839 2.66986 1.91857 2.15941 0.869592
internal_count=3664 2784 1104 1680 993 540 792 290 250 564 465 687 880 302
is_linear=0
shrinkage=0.05


Tree=596
num_leaves=15
num_cat=0
split_feature=7 12 8 3 8 8 5 6 10 10 12 8 2 2
split_gain=0.157355 0.171518 0.307463 0.180319 0.407959 0.166272 0.161115 0.148216 0.124944 0.122907 0.136515 0.122915 0.120194 0.111748
threshold=2.2565898895263676 -0.069421350955963121 -6.1134948730468741 0.034036988392472274 -1.665077209472656 1.901054382324219 1.4923390150070193 0.034099992364645011 2.7567716836929326 2.5972163677215581 -0.075990945100784288 1.1367950439453127 0.079950276762247099 -0.012591708917170761
decision_type=2 2 2 2 2 2 2 2 2 2 2 2 2 2
left_child=1 6 -3 4 -4 -5 7 -1 9 10 11 -2 -12 -8
right_child=8 2 3 5 -6 -7 13 -9 -10 -11 12 -13 -14 -15
leaf_value=0.021836855840927039 -0.031362370435956445 -0.033854568676000625 -0.0066089684408433035 0.00980140663612835 0.019695617233803663 -0.019383575599141965 -0.016241051453152421 -0.028475581235830869 0.0099168598495933419 -0.035311211287686835 -0.015101031175595671 0.016314441565975651 0.011288847826751993 0.02922820298280035
leaf_weight=0.15347090844806999 0.72976546616337223 0.58098245594919529 3.066366936865959 0.6237534520478224 2.6743839202681579 1.5312023195674553 0.0886059752665459 0.26292556157204672 0.52975593805786036 0.51276461764973635 0.67012370881457284 0.097049143936601467 0.88126787929832062 1.0827675574328166
leaf_count=16 166 195 367 171 769 295 6 26 273 62 785 37 222 274
internal_value=0 0.00126374 -0.00161628 0.00114962 0.00577268 -0.0108759 0.0158241 -0.00929423 -0.0110072 -0.0150447 -0.00942655 -0.0246097 -0.000334432 0.0247819
internal_weight=0 10.0645 8.47669 7.89571 5.74075 2.15496 1.58777 0.416396 3.42073 2.89097 2.37821 0.826815 1.55139 1.17137
internal_count=3664 2119 1797 1602 1136 466 322 42 1545 1272 1210 203 1007 280
is_linear=0
shrinkage=0.05


Tree=597
num_leaves=2
num_cat=0
split_feature=4
split_gain=0.171488
threshold=0.20276797935366633
decision_type=2
left_child=-1
right_child=-2
leaf_value=-0.026841776957958176 0.024856834611077579
leaf_weight=0.25160874641824194 0.19649543700506911
leaf_count=2749 915
internal_value=0
internal_weight=0
internal_count=3664
is_linear=0
shrinkage=0.05


Tree=598
num_leaves=3
num_cat=0
split_feature=1 0
split_gain=0.209227 0.00344749
threshold=33.872245788574226 0.28338000178337103
decision_type=2 2
left_child=-1 -2
right_child=1 -3
leaf_value=-0.027350697831687584 -0.001139487930913235 0.026922293673893472
leaf_weight=0.26873883518783259 0.0031335303501691661 0.2538126824219944
leaf_count=2727 25 912
internal_value=0 0.0263567
internal_weight=0 0.256946
internal_count=3664 937
is_linear=0
shrinkage=0.05


Tree=599
num_leaves=15
num_cat=0
split_feature=5 5 0 0 13 13 0 10 13 4 7 3 9 12
split_gain=0.146647 0.166009 0.186404 0.208923 0.175493 0.18728 0.149181 0.144032 0.13204 0.127788 0.114173 0.0976161 0.0886655 0.030282
threshold=1.82738733291626 1.4718365073204043 0.13220129907131198 0.19107436388731006 0.96521848440170299 0.97656610608100902 0.035386933013796813 1.6999863982200625 0.9838959574699403 -0.025521330535411831 0.96174642443656932 0.0039266627281904229 9.7112350463867205 -0.0012230575084686277
decision_type=2 2 2 2 2 2 2 2 2 2 2 2 2 2
left_child=1 6 4 8 -3 -6 10 -5 -4 13 -1 -12 -11 -8
right_child=-2 2 3 7 5 -7 9 -9 -10 12 11 -13 -14 -15
leaf_value=-0.02513134288555291 0.029789551165789713 -0.029420534352603597 -0.030015804671146892 0.0099906903480822054 0.013126483394101156 -0.0025876442624642292 0.0087389229680736851 -0.026635825245444639 0.010091440166246322 0.033252388921332574 -0.014851475109789819 0.025784004240760907 -0.013818311317045535 -0.016484535251027374
leaf_weight=0.27911810036312035 0.36356563642766637 0.30832103080683548 1.2890357653668618 1.1183736106922877 3.247295701648909 4.311817326628443 0.13734619924071012 0.24473844870590244 0.19071959832217533 1.0454024626487806 0.16053626624852768 0.27534531083074398 0.056016112212091573 0.15371566141402571
leaf_count=20 378 54 236 790 498 593 44 217 18 287 208 262 5 54
internal_value=0 0.0011491 -0.00141164 -0.0121546 0.0025741 0.00424618 0.0136373 0.00204359 -0.024535 0.0226624 -0.00456342 0.0108393 0.0299076 -0.00539105
internal_weight=0 12.8178 10.7103 2.84287 7.86743 7.55911 2.10748 1.36311 1.47976 1.39248 0.715 0.435882 1.10142 0.291062
internal_count=3664 3286 2406 1261 1145 1091 880 1007 254 390 490 470 292 98
is_linear=0
shrinkage=0.05


Tree=600
num_leaves=15
num_cat=0
split_feature=8 12 8 5 4 1 13 1 13 9 4 8 5 12
split_gain=0.154688 0.363993 0.32447 0.299115 0.286789 0.343763 0.257943 0.261427 0.205917 0.202519 0.215601 0.337658 0.16417 0.161131
threshold=-0.13072204589843747 -0.045343816280364983 -1.7576446533203123 1.7483461499214175 -0.017700579948723313 6.3151214122772226 0.96504661440849315 1.0189357399940493 0.96582752466201793 3.2378616333007817 0.0029974799836054449 0.067169189453125014 1.503061890602112 0.049125105142593391
decision_type=2 2 2 2 2 2 2 2 2 2 2 2 2 2
left_child=2 12 3 4 5 -1 -5 -8 -6 10 11 -3 -2 -4
right_child=1 9 13 6 8 -7 7 -9 -10 -11 -12 -13 -14 -15
leaf_value=-0.034695142912437908 -0.037910774171822342 -0.032584079041266964 0.028688212923200025 0.024642808957440615 -0.022909816560808243 0.010268634729873676 0.018252476455897847 -0.031028943656500281 0.024703023697866366 0.024848794209575514 -0.01725784125340072 0.016151993527895064 -0.0013202646824158112 -0.010740008134785083
leaf_weight=0.63697847491130233 1.0487182127508274 0.34891071214224245 1.3840233523987988 0.24004082488590972 0.18037875262234604 0.92598470115626696 0.25228077822430339 1.570592517737168 1.6989610195960265 0.59531471932677948 1.6730848035458619 1.6456865923464645 0.42823055409098731 0.2590999445383203
leaf_count=22 134 9 458 23 17 168 29 395 566 394 668 506 189 108
internal_value=0 -0.00753416 0.00340386 -0.00250569 0.00648794 -0.00904056 -0.0171191 -0.023614 0.0192066 5.66337e-05 -0.00452019 0.00647808 -0.0280581 0.0222114
internal_weight=0 5.73995 7.14834 5.50522 3.4423 1.56296 2.06291 1.82287 1.87934 4.263 3.66768 1.9946 1.47695 1.64312
internal_count=3686 1900 1786 1220 773 190 447 424 583 1577 1183 515 323 566
is_linear=0
shrinkage=0.05


Tree=601
num_leaves=2
num_cat=0
split_feature=4
split_gain=0.163843
threshold=0.20276797935366633
decision_type=2
left_child=-1
right_child=-2
leaf_value=-0.0264428654399557 0.024686999589131314
leaf_weight=0.23894296448361274 0.19257000659126788
leaf_count=2761 925
internal_value=0
internal_weight=0
internal_count=3686
is_linear=0
shrinkage=0.05


Tree=602
num_leaves=3
num_cat=0
split_feature=1 0
split_gain=0.195707 0.00320229
threshold=33.872245788574226 0.28338000178337103
decision_type=2 2
left_child=-1 -2
right_child=1 -3
leaf_value=-0.02674662003189205 -0.0010706038259188529 0.026725338654703713
leaf_weight=0.24818898661033018 0.0029385314264800391 0.24736039708659519
leaf_count=2752 23 911
internal_value=0 0.0261865
internal_weight=0 0.250299
internal_count=3686 934
is_linear=0
shrinkage=0.05


Tree=603
num_leaves=15
num_cat=0
split_feature=5 8 12 8 12 5 13 6 5 8 5 12 3 5
split_gain=0.153456 0.185649 0.376249 0.35989 0.297318 0.445077 0.243648 0.312048 0.223741 0.203344 0.177443 0.1706 0.162504 0.0845041
threshold=1.82738733291626 -0.13072204589843747 -0.045343816280364983 -1.7576446533203123 -0.069421350955963121 1.5937870144844057 0.97650542855262767 0.019161629490554336 1.4489672183990481 5.2446136474609384 1.503061890602112 0.049125105142593391 0.098771378397941603 1.3097481131553652
decision_type=2 2 2 2 2 2 2 2 2 2 2 2 2 2
left_child=1 3 10 4 8 -6 9 -8 -1 -4 -3 13 -12 -5
right_child=-2 2 6 11 5 -7 7 -9 -10 -11 12 -13 -14 -15
leaf_value=0.019659060067138238 0.029838335216915441 0.03780172503005319 -0.024304925420091383 0.012629528685602145 -0.031655399460920518 0.015480090795711918 -0.027880267063171954 0.017485984637341245 -0.026575168675489588 0.012909427855358691 -0.025712307234002613 0.0094646033073891179 0.026594097224353675 -0.035421902789980982
leaf_weight=0.25261958234841575 0.36586871296094692 1.0770313327157044 1.268655591047718 0.050139626986491659 0.49224819344999593 3.2881669290909485 0.36952128719895005 1.9868639842607079 1.1516363087466741 0.42959992296891858 0.20954077674105054 0.24425588735539339 0.18545717000961304 1.2076153458237966
leaf_count=44 373 134 596 6 250 325 309 444 238 222 187 105 2 451
internal_value=0 0.00059332 0.00730424 -0.00497928 0.00139479 0.00868497 -0.000728763 0.00952639 -0.0175039 -0.0146966 0.0280696 -0.0256951 -0.000742492 -0.0327173
internal_weight=0 12.2134 5.52667 6.68668 5.18467 3.78042 4.05464 2.35639 1.40426 1.69826 1.47203 1.50201 0.394998 1.25775
internal_count=3686 3313 1894 1419 857 575 1571 753 282 818 323 562 189 457
is_linear=0
shrinkage=0.05


Tree=604
num_leaves=15
num_cat=0
split_feature=8 8 4 1 10 6 3 8 9 7 13 1 13 10
split_gain=0.138175 0.293026 0.210974 0.209029 0.178124 0.172331 0.162437 0.315945 0.156338 0.167547 0.142824 0.16225 0.149712 0.127897
threshold=-0.13072204589843747 -1.7576446533203123 -0.015827729366719719 6.3151214122772226 0.17734529078006747 1.0000000180025095e-35 -0.027055639773607251 0.067169189453125014 7.5698699951171884 2.3879424333572392 0.98082563281059276 0.7250756323337556 0.98147773742675792 1.6363620162010195
decision_type=2 2 2 2 2 2 2 2 2 2 2 2 2 2
left_child=1 2 3 -1 -2 -3 7 -6 9 -4 11 -8 -12 -5
right_child=4 5 8 13 6 -7 10 -9 -10 -11 12 -13 -14 -15
leaf_value=-0.033965483281279886 0.024053269985318565 -0.022319569396880172 0.014244165583431764 -0.012956901114337614 -0.027334574545483194 0.026648245583119168 0.018488534716127703 0.026929040703704044 -0.027934181605235194 -0.01438253054817394 0.02805016452314131 -0.020743640442821114 -0.011786056200668069 0.016787025488784513
leaf_weight=0.74256641056308614 0.32993823485776363 0.12717827721644415 2.4949552302105085 0.87638956874980045 0.32118937169434492 1.4410784151841651 0.20980762091494431 0.65474904247093946 0.22215934375344648 0.55069240473676462 0.30259497085353348 3.2945132392505911 0.4780687203456182 0.47495012059516739
leaf_count=62 156 160 494 191 17 406 18 291 28 357 50 1142 226 88
internal_value=0 0.00326945 -0.00238247 -0.0144115 -0.00721401 0.0215773 -0.00958703 0.00818972 0.0055244 0.00877542 -0.0137303 -0.017947 0.00508674 -0.00206656
internal_weight=0 6.92997 5.36171 2.09391 5.59086 1.56826 5.26092 0.975938 3.26781 3.04565 4.28498 3.50432 0.780664 1.35134
internal_count=3686 1786 1220 341 1900 566 1744 308 879 851 1436 1160 276 279
is_linear=0
shrinkage=0.05


Tree=605
num_leaves=2
num_cat=0
split_feature=4
split_gain=0.156541
threshold=0.20276797935366633
decision_type=2
left_child=-1
right_child=-2
leaf_value=-0.02611058158962213 0.024451357214663617
leaf_weight=0.22907020787351939 0.18729195791092934
leaf_count=2761 925
internal_value=0
internal_weight=0
internal_count=3686
is_linear=0
shrinkage=0.05


Tree=606
num_leaves=3
num_cat=0
split_feature=1 7
split_gain=0.187623 0.00309386
threshold=33.872245788574226 29.632671356201175
decision_type=2 2
left_child=-1 -2
right_child=1 -3
leaf_value=-0.026420200126841792 0.026545232655857315 -0.0010441438807406252
leaf_weight=0.23796981446957943 0.24168738815933466 0.0028638336007134049
leaf_count=2752 911 23
internal_value=0 0.0260129
internal_weight=0 0.244551
internal_count=3686 934
is_linear=0
shrinkage=0.05


Tree=607
num_leaves=15
num_cat=0
split_feature=8 12 8 12 4 10 9 7 10 4 8 8 3 3
split_gain=0.135973 0.33138 0.327908 0.273529 0.399495 0.309661 0.205079 0.185138 0.18495 0.18295 0.320469 0.150308 0.149851 0.128349
threshold=-0.13072204589843747 -0.045343816280364983 -1.7576446533203123 -0.069421350955963121 0.015958184376358989 2.1162418127059941 3.2378616333007817 2.4653340578079228 2.2423211336135869 0.00055913071264512848 0.067169189453125014 1.2526702880859377 -0.053487043827772134 0.10384268313646318
decision_type=2 2 2 2 2 2 2 2 2 2 2 2 2 2
left_child=2 -2 3 7 5 -5 9 13 -6 10 -3 -11 -4 -1
right_child=1 6 12 4 8 -7 -8 -9 -10 11 -12 -13 -14 -15
leaf_value=-0.029158265800979202 0.02749053158009401 0.032338994768564687 0.0094685999238499543 0.025868827422870045 -0.023450117952098528 -0.024004088880468212 -0.026270101844586315 0.016544014723854274 0.019940806247284799 -0.016203606359462698 -0.015699686531385575 0.02241803827164459 -0.029850445098144419 0.018916423923402252
leaf_weight=1.0376998624560654 1.3982329343016315 0.34140941277291892 0.24618795602509624 2.4120056490646684 0.94146477978210874 0.2757809747927239 0.53350060562479473 0.28528473322512571 0.23768344206837355 0.22772121589514416 1.5579074453962674 1.3993127212088436 1.2339007212849535 0.089063195133348816
leaf_count=163 323 9 46 454 308 80 394 163 50 193 487 494 520 2
internal_value=0 0.0073933 -0.00313291 0.00279807 0.00964815 0.0200741 -2.27488e-05 -0.0153585 -0.0138286 0.00456313 -0.00587895 0.0163873 -0.023125 -0.0241261
internal_weight=0 5.45808 6.75907 5.27898 3.86693 2.68779 4.05985 1.41205 1.17915 3.52635 1.89932 1.62703 1.48009 1.12676
internal_count=3686 1900 1786 1220 892 534 1577 328 358 1183 496 687 566 165
is_linear=0
shrinkage=0.05


Tree=608
num_leaves=15
num_cat=0
split_feature=5 8 12 8 12 5 5 7 6 5 3 3 5 5
split_gain=0.132902 0.146641 0.33135 0.268381 0.242157 0.369304 0.215674 0.186114 0.179716 0.159917 0.129825 0.125438 0.0842369 0.081444
threshold=1.82738733291626 -0.13072204589843747 -0.045343816280364983 -1.7576446533203123 -0.072106838226318345 1.5922738909721377 1.4760683774948122 0.96174642443656932 0.0080920280888676661 1.503061890602112 0.034036988392472274 0.098771378397941603 1.4415782094001772 1.4148662686347964
decision_type=2 2 2 2 2 2 2 2 2 2 2 2 2 2
left_child=1 3 9 4 6 -6 -1 12 -5 -3 -9 -11 -4 -10
right_child=-2 2 7 8 5 -7 -8 10 13 11 -12 -13 -14 -15
leaf_value=-0.020322682115385893 -0.028975355812985094 -0.037177062086979774 -0.016051536863422866 -0.014002876429859987 0.028638782134890413 -0.014135843984276806 0.025178503918140683 0.0033291751162727503 -0.013175150874768874 0.019862542291682276 -0.01674573948411481 -0.025670752589988119 0.025737751337108969 0.032707716252698624
leaf_weight=0.24918871041882074 0.32092592607477932 0.94938621538858459 0.071614010683333507 0.22013850861912843 0.50143883775672327 3.1589922246566857 1.1360809739817339 1.9853293111882524 0.052467260509729274 0.24154917875421233 1.2257239730670333 0.17149658128619194 0.75308749885880388 1.182881411121343
leaf_count=57 373 134 51 177 250 328 222 844 2 187 490 2 186 383
internal_value=0 -0.000383681 -0.00641202 0.00464319 -0.000936298 -0.00767043 0.0161763 0.000953655 0.0228022 -0.0268037 -0.00460814 -0.00036154 0.0207655 0.0299183
internal_weight=0 11.8994 5.39819 6.50119 5.0457 3.66043 1.38527 4.03575 1.45549 1.36243 3.21105 0.413046 0.824702 1.23535
internal_count=3686 3313 1894 1419 857 578 279 1571 562 323 1334 189 237 385
is_linear=0
shrinkage=0.05


Tree=609
num_leaves=2
num_cat=0
split_feature=4
split_gain=0.149807
threshold=0.20276797935366633
decision_type=2
left_child=-1
right_child=-2
leaf_value=-0.025835296711781742 0.024178300653985119
leaf_weight=0.22131753022767953 0.18140876414690865
leaf_count=2761 925
internal_value=0
internal_weight=0
internal_count=3686
is_linear=0
shrinkage=0.05


Tree=610
num_leaves=3
num_cat=0
split_feature=2 6
split_gain=0.162215 0.0108837
threshold=0.28338000178337103 0.12534286454319957
decision_type=2 2
left_child=-1 -2
right_child=1 -3
leaf_value=-0.025702836315251661 0.026063226149169189 -0.0020479242051215734
leaf_weight=0.21771875517697481 0.22733752979547717 0.02301218404318206
leaf_count=2773 892 21
internal_value=0 0.0236323
internal_weight=0 0.25035
internal_count=3686 913
is_linear=0
shrinkage=0.05


Tree=611
num_leaves=15
num_cat=0
split_feature=5 5 3 12 5 5 3 3 12 0 3 6 0 9
split_gain=0.146033 0.147249 0.308272 0.211672 0.222027 0.300161 0.274314 0.193283 0.121555 0.210393 0.120097 0.091143 0.0595545 0.0421422
threshold=1.82738733291626 1.4863550662994387 0.013889674562960865 -0.069421350955963121 1.5937870144844057 1.6006698012351992 0.034036988392472274 0.075256917625665679 -0.045343816280364983 0.14454975724220279 -0.087150577455759035 0.079289924353361144 0.0403794962912798 -8.9701385498046857
decision_type=2 2 2 2 2 2 2 2 2 2 2 2 2 2
left_child=1 2 11 7 6 -6 -5 10 13 -10 -3 12 -1 -4
right_child=-2 3 8 4 5 -7 -8 -9 9 -11 -12 -13 -14 -15
leaf_value=-0.030124476672474962 0.029511785503936801 0.017127830840786666 -0.0037206795598666662 -0.033740988561171519 0.037227676225546381 0.0013837263599127273 0.0052317460224206788 0.01927276855020222 0.02829914478344276 -0.019209788581492537 -0.031332187603979871 0.019180646906798274 -0.0018085368143919052 0.034249587580733924
leaf_weight=0.41984432005301586 0.34833893924951631 0.079760893549973733 0.058453906371141895 0.8210974118519514 0.55728707714115433 5.3247800732042379 0.84011212925906875 0.19671087322785741 0.37025532068946598 0.36618951522905263 1.1312358142331485 0.099897205393062904 0.30989041214706958 1.0013883246901967
leaf_count=318 373 8 8 576 51 1141 160 10 353 111 390 5 35 147
internal_value=0 0.000424187 0.0106085 -0.00264773 0.000760848 0.00534526 -0.0148536 -0.0197518 0.0218769 0.00520348 -0.0270774 -0.0135184 -0.019767 0.0320152
internal_weight=0 11.5769 2.62592 8.95098 7.54328 5.88207 1.66121 1.40771 1.79629 0.736445 1.211 0.829632 0.729735 1.05984
internal_count=3686 3313 977 2336 1928 1192 736 408 619 464 398 358 353 155
is_linear=0
shrinkage=0.05


Tree=612
num_leaves=15
num_cat=0
split_feature=5 3 8 6 5 3 5 8 0 4 3 9 8 5
split_gain=0.173082 0.195565 0.275313 0.256165 0.28377 0.242464 0.541736 0.396003 0.167381 0.167253 0.149882 0.162345 0.147223 0.123283
threshold=1.4598696827888491 -0.02678742632269859 1.442039489746094 0.077119011431932463 1.7078130245208742 -0.0061506591737270347 1.7767128348350527 0.067169189453125014 0.010149832814931871 -0.026478745974600312 -0.032198214903473847 9.7112350463867205 -1.2680816650390623 1.4831829071044924
decision_type=2 2 2 2 2 2 2 2 2 2 2 2 2 2
left_child=9 2 3 4 -2 8 7 -7 -3 -1 -11 -12 -8 -10
right_child=1 5 -4 -5 -6 6 12 -9 13 10 11 -13 -14 -15
leaf_value=0.013237686308057151 -0.0018868192070132751 -0.015047153013803816 0.026430721594600765 0.015765576102342693 -0.031558926320491336 0.027937554995429294 -0.039036945588024341 -0.0038696471251683587 -0.015820116447032399 0.015611548027411774 -0.034103951216595138 0.018960904715526479 0.0037677936135768844 0.032590435597144106
leaf_weight=0.30031267926460703 1.4037698448155422 0.20273890869793731 0.38369723243158649 0.54551627905857447 1.834963407230134 1.4136181574795044 0.87769322488748003 2.7113616953720339 0.087691222841385641 0.14976885780561122 1.2631909996243855 0.097608680560369865 0.23197261411405612 1.1466081676990141
leaf_count=98 336 126 191 139 376 655 18 691 7 74 606 11 25 328
internal_value=0 -0.00121997 -0.00959274 -0.0138317 -0.0191398 0.0040751 -0.00103241 0.00743384 0.0215368 -0.0175547 -0.0241182 -0.0292602 -0.030517 0.0282232
internal_weight=0 10.8396 4.16795 3.78425 3.23873 6.67168 5.23465 4.12498 1.43704 1.81088 1.51057 1.3608 1.10967 1.2343
internal_count=3681 2892 1042 851 712 1850 1389 1346 461 789 691 617 43 335
is_linear=0
shrinkage=0.05


Tree=613
num_leaves=2
num_cat=0
split_feature=4
split_gain=0.145696
threshold=0.20276797935366633
decision_type=2
left_child=-1
right_child=-2
leaf_value=-0.025732877064476217 0.023936687079969307
leaf_weight=0.21852203074104182 0.1763993886706885
leaf_count=2757 924
internal_value=0
internal_weight=0
internal_count=3681
is_linear=0
shrinkage=0.05


Tree=614
num_leaves=3
num_cat=0
split_feature=0 0
split_gain=0.154817 0.0084656
threshold=0.54847639799118053 0.28338000178337103
decision_type=2 2
left_child=1 -1
right_child=-2 -3
leaf_value=-0.025532887197333112 0.025526015412892095 -0.00063620487076967427
leaf_weight=0.21320981364078762 0.21304568725463469 0.044164699851535261
leaf_count=2758 908 15
internal_value=0 -0.0226342
internal_weight=0 0.257375
internal_count=3681 2773
is_linear=0
shrinkage=0.05


Tree=615
num_leaves=15
num_cat=0
split_feature=5 3 8 3 5 8 9 4 5 0 4 3 9 8
split_gain=0.166962 0.206003 0.307237 0.253671 0.552144 0.438837 0.218583 0.372255 0.263034 0.158923 0.154815 0.156043 0.15661 0.152497
threshold=1.4598696827888491 -0.02678742632269859 1.315574645996094 -0.0061506591737270347 1.7767128348350527 0.067169189453125014 0.68643188476562511 -0.021945687942206856 1.6159114837646487 0.010149832814931871 -0.026478745974600312 -0.022994195111095902 9.7112350463867205 -1.2680816650390623
decision_type=2 2 2 2 2 2 2 2 2 2 2 2 2 2
left_child=10 2 6 9 5 -5 7 -2 -8 -3 -1 -12 -13 -6
right_child=1 3 -4 4 13 -7 8 -9 -10 -11 11 12 -14 -15
leaf_value=-0.012230527659996722 0.031415440849064717 0.01411147529224123 -0.029708177697065342 -0.030605498029710704 0.039050340296362049 0.0040192507087014996 -0.023759634878699247 -0.0135241722504686 0.031557878386750331 -0.029087615291374019 -0.016884886363860343 0.033315876774771179 -0.01882757971455187 -0.004951660954977905
leaf_weight=0.30435475741978724 0.598069357110944 0.1927823750393135 0.34773506750025251 1.287119226446521 0.89267360675148666 2.6327534330630442 0.16991609281649278 1.2571669855351495 1.7461760693167887 1.1786297162780099 0.14832286833188835 1.2997998136452231 0.096588716129190177 0.21963963661619323
leaf_count=98 99 126 194 655 18 691 98 383 268 335 100 580 11 25
internal_value=0 0.00139075 0.00998385 -0.00420522 0.00111291 -0.00782857 0.0143165 0.00182873 0.0257172 -0.0224687 0.0173395 0.0235551 0.0286919 0.0306699
internal_weight=0 10.5227 4.11906 6.4036 5.03219 3.91987 3.77133 1.85524 1.91609 1.37141 1.84907 1.54471 1.39639 1.11231
internal_count=3681 2892 1042 1850 1389 1346 848 482 366 461 789 691 591 43
is_linear=0
shrinkage=0.05


Tree=616
num_leaves=15
num_cat=0
split_feature=5 6 10 1 5 12 4 4 3 9 3 5 5 9
split_gain=0.154461 0.173484 0.235958 0.22277 0.19926 0.337877 0.180125 0.152856 0.138829 0.151925 0.103816 0.164695 0.139615 0.0915554
threshold=1.4598696827888491 0.060667989775538451 0.68067881464958202 2.3100957870483403 1.7146476507186892 -0.0089838504791259748 -0.022646515630185601 -0.026478745974600312 -0.032198214903473847 9.7112350463867205 -0.044233769178390496 1.4863550662994387 1.5904321074485781 2.1485900878906254
decision_type=2 2 2 2 2 2 2 2 2 2 2 2 2 2
left_child=7 2 3 -2 -3 6 -6 -1 -9 -10 12 -12 -4 -5
right_child=1 4 10 13 5 -7 -8 8 9 -11 11 -13 -14 -15
leaf_value=0.012618740039553558 -0.019968183393371142 0.022678893880528666 0.018315724479077474 0.027655465167518153 -0.016203305662910231 -0.026384765829423049 0.024802606724912843 0.015117691587716484 -0.03332373377688759 0.018585138546270034 -0.029258921024887259 -0.001807463695128627 -0.026658766878299822 0.0021742945851766678
leaf_weight=0.29728889410034742 0.4065483044487318 1.3029354470927503 0.1257676755922138 0.89447822820875422 0.28825713603146141 0.74809141639343568 0.89277684941771418 0.14648852781465382 1.201990565944471 0.094289795841177582 0.55252984591788923 3.4566315528263658 1.3080722722106655 0.57443318969308166
leaf_count=98 53 571 80 381 36 113 72 74 606 11 94 1036 275 181
internal_value=0 -0.00115451 -0.00540123 0.00954427 0.008335 -0.00199312 0.0143106 -0.0168672 -0.023367 -0.0284873 -0.0106302 -0.00621071 -0.021777 0.0184645
internal_weight=0 10.5505 7.31846 1.87546 3.23206 1.92913 1.18103 1.74006 1.44277 1.29628 5.443 4.00916 1.43384 1.46891
internal_count=3681 2892 2100 615 792 221 108 789 691 617 1485 1130 355 562
is_linear=0
shrinkage=0.05


Tree=617
num_leaves=2
num_cat=0
split_feature=4
split_gain=0.139716
threshold=0.20276797935366633
decision_type=2
left_child=-1
right_child=-2
leaf_value=-0.025403350536605408 0.023735231818537726
leaf_weight=0.20985701191602857 0.17235753264685627
leaf_count=2757 924
internal_value=0
internal_weight=0
internal_count=3681
is_linear=0
shrinkage=0.05


Tree=618
num_leaves=4
num_cat=0
split_feature=1 7 6
split_gain=0.176173 0.00146907 1.32268e-05
threshold=33.872245788574226 4.3627154827117929 -0.26538395881652826
decision_type=2 2 2
left_child=-1 -2 -3
right_child=1 2 -4
leaf_value=-0.025996935493452118 0.026111312083129681 -0.00058605340937441762 0.00027690098421925325
leaf_weight=0.22549621717735135 0.22872674236714374 0.0015874813543632627 0.0014299938993644892
leaf_count=2745 916 15 5
internal_value=0 0.025779 -0.000305284
internal_weight=0 0.231744 0.00301748
internal_count=3681 936 20
is_linear=0
shrinkage=0.05


Tree=619
num_leaves=15
num_cat=0
split_feature=5 5 12 10 8 12 8 8 10 9 5 3 0 9
split_gain=0.149007 0.187984 0.53341 0.435111 0.433723 0.431325 0.342294 0.379464 0.226301 0.167071 0.300163 0.197135 0.152554 0.191351
threshold=1.4598696827888491 1.7078130245208742 -0.0089838504791259748 1.4011839032173159 1.315574645996094 -0.017836809158325192 4.6584548950195321 -6.8237228393554679 2.0549305677413945 3.1503143310546879 1.7483461499214175 -0.022362712770700451 0.035386933013796813 6.5291595458984384
decision_type=2 2 2 2 2 2 2 2 2 2 2 2 2 2
left_child=12 3 9 6 -4 8 7 -2 -5 11 -11 -3 -1 -14
right_child=1 2 4 5 -6 -7 -8 -9 -10 10 -12 -13 13 -15
leaf_value=-0.0067988738393803712 0.021113802739459897 0.0032032853656818526 0.03204116337096681 0.030608133281984109 -0.02790980105956278 -0.019862357746822767 0.015100147768564168 -0.033857939517205837 -0.015029016458545492 -0.027313001400685395 0.032076577618179773 -0.030069911533487315 0.03348587350119011 -0.011526076350360041
leaf_weight=0.46884677252819607 0.29852652080080533 0.73230254386362514 2.1498540712345862 1.4830836384189754 0.2700266440915583 0.75605452610034252 0.55967294826950809 2.0343880304026238 0.26450083784584411 0.24498789556673717 0.47652472813570057 0.96969213138800125 1.0661509767123787 0.24247334866959125
leaf_count=417 13 152 314 162 51 463 65 1368 139 13 69 83 331 41
internal_value=0 0.00129743 0.00836095 -0.00507922 0.0245093 0.00997599 -0.018008 -0.0262449 0.0232613 -0.00809554 0.011041 -0.0163704 0.0166366 0.0249195
internal_weight=0 10.2396 4.84339 5.39623 2.41988 2.50364 2.89259 2.33291 1.74758 2.42351 0.721513 1.70199 1.77747 1.30862
internal_count=3681 2892 682 2210 365 764 1446 1381 301 317 82 235 789 372
is_linear=0
shrinkage=0.05


Tree=620
num_leaves=15
num_cat=0
split_feature=5 8 11 8 5 11 8 12 9 4 1 12 5 4
split_gain=0.138951 0.223831 0.212607 0.245791 0.237685 0.487417 0.280644 0.237757 0.206271 0.335127 0.202404 0.195362 0.193394 0.157151
threshold=1.4863550662994387 -1.0331039428710935 -0.02678742632269859 1.442039489746094 1.7767128348350527 -0.0061506591737270347 3.4811706542968754 0.027514547109603885 0.68643188476562511 -0.021044931374490258 16.705840110778812 -0.075990945100784288 1.6159114837646487 -0.025521330535411831
decision_type=2 2 2 2 2 2 2 2 2 2 2 2 2 2
left_child=1 11 3 8 6 -6 10 -8 9 -2 -4 -1 -10 -3
right_child=2 13 4 -5 5 -7 7 -9 12 -11 -12 -13 -14 -15
leaf_value=-0.018364515439441252 -0.030040342483081184 0.0076049437979073559 0.029081109823069596 0.025964635816711618 0.024353937125079144 -0.029208651237679174 -0.020072306617864216 0.021224964206196149 0.020081458301430731 0.013457051498586451 -0.0074804911724305105 0.029048535648090408 -0.029916763432760674 -0.027688195329427408
leaf_weight=0.28470040726460866 0.56368682519132596 0.34015984203142591 1.9966339694583437 0.35565884269453807 0.58649273002811231 1.0347947107293292 0.86542684566302319 0.44942122588327038 0.14822413322690398 1.2311187381201301 0.41837329956615565 0.42059631695883615 1.6183654261294576 1.6299340668283553
leaf_count=71 100 103 676 179 28 43 73 148 89 373 736 157 268 637
internal_value=0 -0.013149 -0.000391305 -0.0091153 0.00604476 -0.00954345 0.0128929 -0.00545422 -0.013232 -0.00106842 0.0227016 0.0100059 -0.0248706 -0.0215214
internal_weight=0 2.67539 9.2682 3.91705 5.35114 1.62129 3.72986 1.31485 3.5614 1.79481 2.41501 0.705297 1.76659 1.97009
internal_count=3681 968 2713 1009 1704 71 1633 221 830 473 1412 228 357 740
is_linear=0
shrinkage=0.05


Tree=621
num_leaves=2
num_cat=0
split_feature=4
split_gain=0.133531
threshold=0.20276797935366633
decision_type=2
left_child=-1
right_child=-2
leaf_value=-0.025097373857535493 0.023468077521044656
leaf_weight=0.20222288464537996 0.16717633631196804
leaf_count=2757 924
internal_value=0
internal_weight=0
internal_count=3681
is_linear=0
shrinkage=0.05


Tree=622
num_leaves=4
num_cat=0
split_feature=1 7 6
split_gain=0.168999 0.00139433 1.33523e-05
threshold=33.872245788574226 4.3627154827117929 -0.26538395881652826
decision_type=2 2 2
left_child=-1 -2 -3
right_child=1 2 -4
leaf_value=-0.025685740858074346 0.025911614373133121 -0.00057218973594855749 0.00028647490889663238
leaf_weight=0.2169661067373454 0.22309318331826944 0.0015493493192479946 0.0014401557855308047
leaf_count=2745 916 15 5
internal_value=0 0.025585 -0.000282023
internal_weight=0 0.226083 0.00298951
internal_count=3681 936 20
is_linear=0
shrinkage=0.05


Tree=623
num_leaves=15
num_cat=0
split_feature=5 5 1 3 12 7 9 3 4 5 3 5 9 1
split_gain=0.13525 0.246188 0.3866 0.392001 0.32017 0.251774 0.185136 0.210582 0.182595 0.166282 0.150495 0.150146 0.140887 0.118308
threshold=1.4863550662994387 1.6848669052124026 1.5304040312767031 0.046627052128314979 0.011858314275741579 1.4263559579849245 3.1164932250976567 -0.054507022723555558 -0.025521330535411831 1.7483461499214175 -0.022994195111095902 1.7146476507186892 9.7112350463867205 12.649944782257082
decision_type=2 2 2 2 2 2 2 2 2 2 2 2 2 2
left_child=8 2 -2 12 6 -5 7 -3 -1 -8 -10 -6 -4 -12
right_child=1 4 3 5 11 -7 9 -9 10 -11 13 -13 -14 -15
leaf_value=-0.013360311600207717 0.024272681237927727 0.023769338321351634 -0.034065790628615554 -0.02816317574786549 -0.020410753464463371 0.018213059170735169 -0.007607582114619392 -0.015980759636762105 -0.018477679544378157 0.030952180157848848 0.03023935828510841 0.026116008606064681 0.015822153556747331 0.0038658575278282497
leaf_weight=0.46398126670465023 0.61438661735883071 0.30430023832013908 1.727995816507246 0.31421286274053251 0.11721806088462505 0.91037318528469768 0.4321569674721103 2.0080530080340395 0.17220704861574709 0.55322936653101351 1.4358878724888207 1.8905249769268264 0.096719092280181829 0.63295280806596554
leaf_count=112 62 165 1587 75 62 162 30 208 136 89 340 262 11 380
internal_value=0 0.000502803 -0.00932147 -0.016646 0.00733387 0.00508569 -0.0023274 -0.00998127 0.0130883 0.0148983 0.0189009 0.0225601 -0.0307368 0.0227208
internal_weight=0 8.96917 3.66369 3.0493 5.30548 1.22459 3.29774 2.31235 2.70503 0.985386 2.24105 2.00774 1.82471 2.06884
internal_count=3681 2713 1897 1835 816 237 492 373 968 119 856 324 1598 720
is_linear=0
shrinkage=0.05


Tree=624
num_leaves=15
num_cat=0
split_feature=5 7 8 8 5 12 8 10 12 8 0 12 8 5
split_gain=0.201432 0.208024 0.235524 0.276936 0.235147 0.191859 0.267 0.203174 0.177498 0.180952 0.171705 0.155608 0.143073 0.124283
threshold=1.7483461499214175 1.8591462373733523 -5.1706542968749991 1.554954528808594 1.5553418397903445 0.011858314275741579 0.18772888183593753 0.8771207630634309 -0.051756411790847771 -2.0660629272460933 0.22009836882352832 -0.054052501916885369 -1.813056945800781 1.503061890602112
decision_type=2 2 2 2 2 2 2 2 2 2 2 2 2 2
left_child=1 2 11 10 -5 7 -7 -2 13 -10 -4 -1 -11 -3
right_child=5 8 3 4 -6 6 -8 -9 9 12 -12 -13 -14 -15
leaf_value=0.0084341118769191269 -0.017751350977461746 -0.035142638292269678 0.031568938422094121 -0.017987049352977433 0.019240474320924073 -0.03746560497844683 0.020534850323406836 0.01488572180994437 0.024879741793277774 -0.034374712693039475 -0.010056488742644559 -0.028656141157011122 0.00090387819976286185 -0.0036543462829773166
leaf_weight=0.47913520912698004 0.84156961170174438 0.59709392892909752 1.9201387981593132 0.81868782829951647 0.68820332259929273 0.94069717416914478 0.17728923838876653 0.86676429870931315 0.55181242272737985 0.25364290711149773 0.23505846049374657 0.4851625443661759 1.5086738554855417 0.61640290873583581
leaf_count=23 127 179 381 228 328 170 19 186 230 26 414 16 1073 247
internal_value=0 0.00309667 0.00997824 0.0156948 -0.000845781 -0.0121721 -0.0273371 -0.00128469 -0.00595461 0.0022843 0.0267844 -0.0111661 -0.00574678 -0.0206439
internal_weight=0 8.15401 4.62639 3.66209 1.50689 2.82632 1.11799 1.70833 3.52763 2.31413 2.1552 0.964298 1.76232 1.2135
internal_count=3647 3145 1390 1351 556 502 189 313 1755 1329 795 39 1099 426
is_linear=0
shrinkage=0.05


Tree=625
num_leaves=2
num_cat=0
split_feature=7
split_gain=0.121788
threshold=5.3550145626068124
decision_type=2
left_child=-1
right_child=-2
leaf_value=-0.024447345814699793 0.022868667238354679
leaf_weight=0.18719406833224639 0.15911363952909596
leaf_count=2734 913
internal_value=0
internal_weight=0
internal_count=3647
is_linear=0
shrinkage=0.05


Tree=626
num_leaves=4
num_cat=0
split_feature=1 6 6
split_gain=0.152874 0.00178471 6.271e-06
threshold=33.872245788574226 -0.033942431211471551 -0.27032056450843805
decision_type=2 2 2
left_child=-1 2 -2
right_child=1 -3 -4
leaf_value=-0.024614453451760443 -0.00060871088270146373 0.02578452843141199 0.00012470051560065098
leaf_weight=0.19082553581483808 0.0016498716649948619 0.21962689985230099 0.0012785102226189329
leaf_count=2704 16 920 7
internal_value=0 0.0253978 -0.000478448
internal_weight=0 0.222555 0.00292838
internal_count=3647 943 23
is_linear=0
shrinkage=0.05


Tree=627
num_leaves=15
num_cat=0
split_feature=5 10 0 5 8 8 3 8 12 9 6 8 3 8
split_gain=0.218117 0.210257 0.235326 0.214904 0.259685 0.287316 0.195725 0.187509 0.298589 0.298309 0.181856 0.16759 0.158619 0.107934
threshold=1.7483461499214175 1.7065226435661318 0.12771504372358325 1.4148662686347964 -5.1706542968749991 4.6584548950195321 -0.0072307605296373359 -1.2680816650390623 -0.032095700502395623 3.1503143310546879 0.032764228060841567 -2.0660629272460933 -0.040677879005670541 -3.3156204223632808
decision_type=2 2 2 2 2 2 2 2 2 2 2 2 2 2
left_child=1 3 10 -1 6 -6 -5 8 9 -2 13 -12 -9 -3
right_child=7 2 -4 4 5 -7 -8 12 -10 -11 11 -13 -14 -15
leaf_value=0.02698390985564916 -0.018504691167478389 0.015995894010167707 -0.016469484019754791 0.022525587112914584 -0.022387262093615676 0.011298197588228857 -0.025211508458729479 0.022397323480204161 0.037194271927106025 0.0318509001921349 -0.017151255134191655 0.033020423988417501 -0.022181519439209638 -0.023170626469759967
leaf_weight=0.29969924928809621 0.68256790217128627 0.22321537809330039 0.60478104559660995 0.76140681976357882 3.4959631978435937 0.70354676939496119 0.19520428018586233 0.20096101675153477 1.0700039913281216 0.37122003810509341 0.12902880855835963 1.1535600532370152 0.52219856896044792 0.29758369065348267
leaf_count=348 116 58 371 32 1754 120 31 13 289 42 24 119 42 288
internal_value=0 -0.00337307 0.00869775 -0.00876172 -0.0113133 -0.0166124 0.0113203 0.0125501 0.0198063 0.000457281 0.0175596 0.0270977 -0.00857742 -0.0065112
internal_weight=0 7.86399 2.40817 5.45582 5.15612 4.19951 0.956611 2.84695 2.12379 1.05379 1.80339 1.28259 0.72316 0.520799
internal_count=3647 3145 860 2285 1937 1874 63 502 447 158 489 143 55 346
is_linear=0
shrinkage=0.05


Tree=628
num_leaves=15
num_cat=0
split_feature=5 7 8 8 5 12 8 9 12 8 0 6 12 8
split_gain=0.180757 0.191102 0.212128 0.25926 0.220112 0.178635 0.251808 0.191883 0.168953 0.16754 0.162769 0.153712 0.144996 0.132965
threshold=1.7483461499214175 1.8591462373733523 -5.1706542968749991 1.554954528808594 1.5553418397903445 0.011858314275741579 0.18772888183593753 3.1164932250976567 -0.051756411790847771 -2.0660629272460933 0.22009836882352832 0.066630985587835326 -0.054052501916885369 -1.813056945800781
decision_type=2 2 2 2 2 2 2 2 2 2 2 2 2 2
left_child=1 2 12 10 -5 7 -7 11 -3 -10 -4 -2 -1 -11
right_child=5 8 3 4 -6 6 -8 -9 9 13 -12 -13 -14 -15
leaf_value=0.0083599435964183746 0.018779618174218606 -0.020327159825610203 0.030999119626283319 -0.017548629468760898 0.018771028281403829 -0.037035931242209844 0.020135552285069063 -0.026841398522160099 0.024381502001938022 -0.03344184175740466 -0.0098995085253652283 -0.017549572197673304 -0.027741859251607038 0.00095170180328426875
leaf_weight=0.47213056588225299 0.92394368013447115 1.1845804589956972 1.8352755870728295 0.80762548058737571 0.67216644746076781 0.8882922776710982 0.17136401867173845 0.42299745088075713 0.53306265229184702 0.24502187108373674 0.23072741434225452 0.31776326601357141 0.47192687706774439 1.4871592143263104
leaf_count=23 176 426 381 228 328 170 19 80 230 26 414 57 16 1073
internal_value=0 0.0029226 0.00963021 0.0151639 -0.000907224 -0.0117827 -0.0268513 -0.00121283 -0.00583255 0.00228617 0.0261855 0.00886759 -0.0106156 -0.00547308
internal_weight=0 7.93968 4.48985 3.54579 1.47979 2.72436 1.05966 1.6647 3.44982 2.26524 2.066 1.24171 0.944057 1.73218
internal_count=3647 3145 1390 1351 556 502 189 313 1755 1329 795 233 39 1099
is_linear=0
shrinkage=0.05


Tree=629
num_leaves=2
num_cat=0
split_feature=4
split_gain=0.117229
threshold=0.20276797935366633
decision_type=2
left_child=-1
right_child=-2
leaf_value=-0.024136603939555044 0.022764539239323374
leaf_weight=0.18052266872928158 0.15442843826895114
leaf_count=2745 902
internal_value=0
internal_weight=0
internal_count=3647
is_linear=0
shrinkage=0.05


Tree=630
num_leaves=4
num_cat=0
split_feature=1 4 6
split_gain=0.14604 0.00149078 2.82815e-05
threshold=33.872245788574226 0.071907676756382002 -0.033942431211471551
decision_type=2 2 2
left_child=-1 -2 -3
right_child=1 2 -4
leaf_value=-0.024285230373332134 0.025527910349526298 -0.0007612679509845018 0.00045684760736494786
leaf_weight=0.18359057076395402 0.21279439079808071 0.0020719347958220169 0.0012330904719419769
leaf_count=2704 917 20 6
internal_value=0 0.0251615 -0.000304496
internal_weight=0 0.216099 0.00330503
internal_count=3647 943 26
is_linear=0
shrinkage=0.05


Tree=631
num_leaves=15
num_cat=0
split_feature=5 10 0 5 8 5 3 8 12 6 8 6 8 3
split_gain=0.19635 0.188797 0.218887 0.200366 0.232799 0.276097 0.18267 0.1744 0.283771 0.218536 0.186631 0.168795 0.155582 0.147001
threshold=1.7483461499214175 1.7065226435661318 0.12771504372358325 1.4148662686347964 -5.1706542968749991 1.5460148453712466 -0.0072307605296373359 -1.2680816650390623 -0.032095700502395623 0.03813286870718003 -6.3157806396484366 0.032764228060841567 -2.0660629272460933 -0.040677879005670541
decision_type=2 2 2 2 2 2 2 2 2 2 2 2 2 2
left_child=1 3 11 -1 6 -6 -5 8 9 -2 -11 -3 -13 -9
right_child=7 2 -4 4 5 -7 -8 13 -10 10 -12 12 -14 -15
leaf_value=0.026629285003753646 0.030413488956506363 -0.0062937117433487181 -0.016129535924250801 0.021649647012556561 -0.0035858459440842039 -0.029493740629039585 -0.024917224585192882 0.021790848410260841 0.036801932159359556 0.023864449524611878 -0.027090481287591273 -0.016739071898325835 0.032160636645434858 -0.021761011842994882
leaf_weight=0.28836723940185027 0.30550967754970815 0.51266030535589413 0.59130017079951347 0.74746268598937604 2.1971081610881811 1.8872201625763407 0.18892163891723601 0.19229831697157351 1.0128304013214802 0.1593433807574911 0.56806458165374352 0.1246918337419628 1.1205835856781048 0.5058145621078437
leaf_count=348 53 346 371 32 590 1284 31 13 289 72 33 24 119 42
internal_value=0 -0.00320562 0.00836479 -0.00838545 -0.0108773 -0.0159757 0.0107568 0.0121541 0.0192838 0.000374131 -0.0143933 0.0170284 0.0263839 -0.00853728
internal_weight=0 7.65832 2.34924 5.30908 5.02071 4.08433 0.936384 2.74386 2.04575 1.03292 0.727408 1.75794 1.24528 0.698113
internal_count=3647 3145 860 2285 1937 1874 63 502 447 158 105 489 143 55
is_linear=0
shrinkage=0.05


Tree=632
num_leaves=15
num_cat=0
split_feature=5 7 8 8 5 12 8 9 12 2 8 6 12 8
split_gain=0.16459 0.17259 0.190134 0.250428 0.198485 0.164328 0.237654 0.177718 0.159275 0.154006 0.153425 0.142089 0.135063 0.124706
threshold=1.7483461499214175 1.8591462373733523 -5.1706542968749991 1.554954528808594 1.5553418397903445 0.011858314275741579 0.18772888183593753 3.1164932250976567 -0.051756411790847771 0.21049430966377261 -2.0660629272460933 0.066630985587835326 -0.054052501916885369 -1.813056945800781
decision_type=2 2 2 2 2 2 2 2 2 2 2 2 2 2
left_child=1 2 12 9 -5 7 -7 11 -3 -4 -10 -2 -1 -12
right_child=5 8 3 4 -6 6 -8 -9 10 -11 13 -13 -14 -15
leaf_value=0.008282444533200678 0.018299426194429803 -0.019796240182071368 0.030628554505986061 -0.01706716281604111 0.017744020665735324 -0.036613214280791832 0.019743679523697419 -0.02629271929431666 0.023816730677645753 -0.0088955824939849614 -0.032563270516149344 -0.017094007868378842 -0.026837816834954044 0.0011104577501998771
leaf_weight=0.46546148087509209 0.89336265608835697 1.1634415154203455 1.749155674595386 0.79887519245221461 0.65251714889018331 0.83894077187687777 0.16577196709840791 0.40680951301601442 0.51588042263392764 0.2393460595376381 0.23653144793570446 0.30771343786909711 0.459627071788418 1.4697407709263632
leaf_count=23 176 426 375 228 328 170 19 80 230 420 26 57 16 1073
internal_value=0 0.00276864 0.0092484 0.0145851 -0.0012818 -0.0115193 -0.0263691 -0.00123948 -0.00561126 0.0256731 0.00234818 0.0086148 -0.0100828 -0.00510191
internal_weight=0 7.75058 4.36498 3.43989 1.45139 2.6126 1.00471 1.60789 3.38559 1.9885 2.22215 1.20108 0.925089 1.70627
internal_count=3647 3145 1390 1351 556 502 189 313 1755 795 1329 233 39 1099
is_linear=0
shrinkage=0.05


Tree=633
num_leaves=2
num_cat=0
split_feature=4
split_gain=0.112219
threshold=0.20276797935366633
decision_type=2
left_child=-1
right_child=-2
leaf_value=-0.023799852882948343 0.022539445677651562
leaf_weight=0.17363363886624938 0.15060324651130941
leaf_count=2745 902
internal_value=0
internal_weight=0
internal_count=3647
is_linear=0
shrinkage=0.05


Tree=634
num_leaves=4
num_cat=0
split_feature=1 4 7
split_gain=0.139459 0.00142613 2.16704e-05
threshold=33.872245788574226 0.071907676756382002 33.601350784301765
decision_type=2 2 2
left_child=-1 -2 -3
right_child=1 2 -4
leaf_value=-0.023958534804575674 0.025276913768413435 0.00038937689510132231 -0.00068374436638506857
leaf_weight=0.17675582662423039 0.20638667477032868 0.0013860522594768545 0.0018570220127003267
leaf_count=2704 917 8 18
internal_value=0 0.0249147 -0.000292192
internal_weight=0 0.20963 0.00324307
internal_count=3647 943 26
is_linear=0
shrinkage=0.05


Tree=635
num_leaves=15
num_cat=0
split_feature=8 12 10 9 1 12 3 6 12 10 8 1 3 10
split_gain=0.104818 0.141729 0.112313 0.237609 0.192142 0.190392 0.201995 0.188026 0.179672 0.178548 0.134757 0.111163 0.0997273 0.0851483
threshold=-5.1706542968749991 -0.056903272867202752 1.4011839032173159 1.9091644287109377 9.4640846252441424 -0.052040815353393548 -0.02678742632269859 0.051057310774922378 -0.035434156656265252 0.34692655503749853 5.1415863037109384 9.0413012504577654 -0.016227528452873227 1.8882120251655581
decision_type=2 2 2 2 2 2 2 2 2 2 2 2 2 2
left_child=1 12 3 8 -5 11 7 -7 -2 -10 -8 13 -1 -4
right_child=2 -3 5 4 -6 6 10 -9 9 -11 -12 -13 -14 -15
leaf_value=0.01347749201614889 -0.031248750310698944 0.027629364727634387 -0.019912440395095102 0.020635831603035965 -0.0087789965817384619 -0.011330418989330251 -0.026566242372919043 0.025588086886236251 0.014584936007229066 -0.01555073170452346 0.01306873396241711 0.030218104307770017 -0.019106554429137428 0.015241412450283666
leaf_weight=0.38951113009170513 0.98301560552317768 0.69506413985254833 0.19240597848329366 1.077451810551793 0.96970559859437333 0.52583944345860822 0.86252355006399717 0.70391433815530036 0.64757885557810313 1.3635906469844483 0.20956944965109869 0.81509782925604668 0.35320292464348313 0.31956516536229174
leaf_count=102 400 271 33 204 514 151 518 64 191 711 199 208 40 41
internal_value=0 0.0129442 -0.00121014 -0.00598922 0.00694255 0.00541161 -0.00334965 0.0101369 -0.0147694 -0.00561609 -0.0183645 0.0197781 -0.00244658 0.000935092
internal_weight=0 1.43778 8.67026 5.04134 2.04716 3.62892 2.30185 1.22975 2.99419 2.01117 1.07209 1.32707 0.742714 0.511971
internal_count=3647 413 3234 2020 718 1214 932 215 1302 902 717 282 142 74
is_linear=0
shrinkage=0.05


Tree=636
num_leaves=15
num_cat=0
split_feature=5 8 5 0 12 8 6 9 9 1 9 3 3 8
split_gain=0.154169 0.339681 0.31428 0.451065 0.324551 0.358497 0.221357 0.154048 0.146749 0.146174 0.142207 0.129516 0.123622 0.100857
threshold=1.4863550662994387 -1.0720672607421873 1.6848669052124026 0.010149832814931871 -0.01395943760871887 1.315574645996094 0.060000568628311164 -5.2179565429687491 -2.5527038574218746 35.923706054687507 3.1503143310546879 0.061412833631038673 -0.033546058461070054 2.4148406982421879
decision_type=2 2 2 2 2 2 2 2 2 2 2 2 2 2
left_child=1 -1 3 -2 7 8 12 -4 -6 11 -9 -5 -3 -8
right_child=2 6 4 9 5 -7 13 10 -10 -11 -12 -13 -14 -15
leaf_value=0.023415919974929388 -0.019789385197578203 0.011610026220736992 -0.023887502189895819 0.033747234079907644 -0.0017655800359981635 0.027649819528156417 0.016499569145996699 0.023121473464066136 -0.030770337363453765 -0.019178159658269522 -0.0038643455102719188 0.0023536746794101293 -0.03593123011477653 -0.018402952445885301
leaf_weight=0.50092245163614313 0.61103314056526903 0.10655090449290572 0.21360958321747636 1.9153520426334587 0.60323363785937623 0.32000281736691238 0.43411206749806286 1.3331446952797708 1.6032850907931786 0.10464291501557443 0.7018184631015173 0.41127950832014892 1.1452299015845708 0.24005741412111092
leaf_count=224 511 50 29 613 119 98 26 224 268 719 89 38 516 146
internal_value=0 -0.0101781 0.00400733 0.0163002 -0.00399843 -0.0160057 -0.0196402 0.00960011 -0.0232611 0.0257938 0.0140695 0.0285235 -0.031325 0.00329974
internal_weight=0 2.42687 7.8174 3.04231 4.77509 2.52652 1.92595 2.24857 2.20652 2.43127 2.03496 2.32663 1.25178 0.674169
internal_count=3670 962 2708 1881 827 485 738 342 387 1370 313 651 566 172
is_linear=0
shrinkage=0.05


Tree=637
num_leaves=2
num_cat=0
split_feature=4
split_gain=0.109111
threshold=0.20276797935366633
decision_type=2
left_child=-1
right_child=-2
leaf_value=-0.023541833621797022 0.022433887256030988
leaf_weight=0.16857737696273034 0.14884848788642557
leaf_count=2765 905
internal_value=0
internal_weight=0
internal_count=3670
is_linear=0
shrinkage=0.05


Tree=638
num_leaves=3
num_cat=0
split_feature=1 7
split_gain=0.140951 0.00235767
threshold=33.872245788574226 29.632671356201175
decision_type=2 2
left_child=-1 -2
right_child=1 -3
leaf_value=-0.024216785521517514 0.025222474331963951 -0.00085375177548817371
leaf_weight=0.18199078694397031 0.20503847922373097 0.0023295225910260333
leaf_count=2711 935 24
internal_value=0 0.0247471
internal_weight=0 0.207368
internal_count=3670 959
is_linear=0
shrinkage=0.05


Tree=639
num_leaves=15
num_cat=0
split_feature=5 5 1 8 12 8 6 9 9 9 11 11 7 8
split_gain=0.155084 0.381571 0.498858 0.361324 0.324802 0.36135 0.205244 0.154464 0.151314 0.146594 0.132646 0.125499 0.106607 0.104168
threshold=1.4863550662994387 1.6848669052124026 1.5304040312767031 -1.0331039428710935 -0.01395943760871887 1.315574645996094 0.060000568628311164 -5.2179565429687491 3.1503143310546879 -2.5527038574218746 0.061412833631038673 -0.022994195111095902 2.0750901699066167 2.4148406982421879
decision_type=2 2 2 2 2 2 2 2 2 2 2 2 2 2
left_child=3 2 -2 -1 7 9 11 -3 -9 -6 -4 -5 -12 -8
right_child=1 4 10 6 5 -7 13 8 -10 -11 12 -13 -14 -15
leaf_value=-0.025117868069611346 0.02099100914674755 0.024078604718518734 -0.034623416134313197 -0.012481934402022018 0.0020304403456920489 -0.028562298489348471 -0.016150972870731181 -0.023218196334777171 0.0045662319905829139 0.03099276941677815 -0.024901585128540994 0.035219145589380343 0.016577869068242396 0.018998185263392489
leaf_weight=0.48637101382155412 0.55892884105196605 0.21668001857324304 1.7964412176497719 0.10482662211143168 0.60578891379191269 0.30182689349931013 0.43223964575736307 1.3142350966008964 0.70602895869888005 1.6167781638851009 0.18764384136920842 1.1760697678582799 0.23770823005361308 0.25021972670219839
leaf_count=225 68 29 1695 85 119 98 26 224 89 268 52 480 66 146
internal_value=0 -0.00415602 -0.0185349 0.0100852 0.00445009 0.0164471 0.0196005 -0.009213 -0.0137509 0.023526 -0.0289542 0.0306942 -0.00297763 -0.00248275
internal_weight=0 7.54206 2.78072 2.44973 4.76134 2.52439 1.96336 2.23694 2.02026 2.22257 2.22179 1.2809 0.425352 0.682459
internal_count=3670 2708 1881 962 827 485 737 342 313 387 1813 565 118 172
is_linear=0
shrinkage=0.05


Tree=640
num_leaves=15
num_cat=0
split_feature=5 12 5 8 5 8 5 8 8 12 8 13 1 3
split_gain=0.141766 0.12966 0.363989 0.37686 0.177819 0.159767 0.245215 0.195514 0.139454 0.138823 0.116377 0.0903898 0.0819146 0.0765565
threshold=1.4148662686347964 0.015975177288055423 1.7146476507186892 1.315574645996094 1.4415782094001772 -5.1706542968749991 1.5945056080818178 0.067169189453125014 -2.7631149291992183 -0.056903272867202752 5.7266311645507821 0.97851175069808971 0.7250756323337556 -0.032198214903473847
decision_type=2 2 2 2 2 2 2 2 2 2 2 2 2 2
left_child=-1 5 4 12 13 9 7 -7 -8 11 -6 -2 -4 -3
right_child=1 2 3 -5 10 6 8 -9 -10 -11 -12 -13 -14 -15
leaf_value=-0.025479970264892068 -0.0086738784004028839 0.01377375669755627 0.012202390916622792 0.02627284915101746 0.020066927305955315 0.01439024560748439 0.0080573876764378684 -0.013958368983608846 0.031092005591153563 -0.030120483936990468 -0.019435358380450588 0.023558246974371776 -0.036608231911508492 -0.03263215163766009
leaf_weight=0.39725600598740207 0.50403495312093582 0.058095791078812908 0.045887133823271031 0.2410040860340813 1.4115901714721983 0.9552433278968232 1.4059476185320807 1.3384949129158483 1.3132894226764631 0.41016661125649878 0.13229399549163634 0.24225871330600057 1.2191903773009469 0.23154443255953117
leaf_count=558 93 9 2 48 936 431 200 293 578 172 49 46 218 37
internal_value=0 0.00190053 -0.00592425 -0.0233823 0.00888368 0.00616314 0.0100103 -0.00204443 0.0198905 -0.00998263 0.0157056 0.00333654 -0.0340736 -0.022178
internal_weight=0 9.50904 3.33961 1.50608 1.83352 6.16944 5.01298 2.29374 2.71924 1.15646 1.54388 0.746294 1.26508 0.28964
internal_count=3670 3112 1299 268 1031 1813 1502 724 778 311 985 139 220 46
is_linear=0
shrinkage=0.05


Tree=641
num_leaves=2
num_cat=0
split_feature=4
split_gain=0.103463
threshold=0.20276797935366633
decision_type=2
left_child=-1
right_child=-2
leaf_value=-0.023157225183273789 0.022134154606561186
leaf_weight=0.16138199938131947 0.14399765342386672
leaf_count=2765 905
internal_value=0
internal_weight=0
internal_count=3670
is_linear=0
shrinkage=0.05


Tree=642
num_leaves=3
num_cat=0
split_feature=0 0
split_gain=0.112656 0.00598097
threshold=0.54847639799118053 0.28338000178337103
decision_type=2 2
left_child=1 -1
right_child=-2 -3
leaf_value=-0.022938506792960431 0.024096929611126885 -0.00034813262047244872
leaf_weight=0.15746128070395571 0.17969967051612912 0.036581347172614187
leaf_count=2730 926 14
internal_value=0 -0.0202465
internal_weight=0 0.194043
internal_count=3670 2744
is_linear=0
shrinkage=0.05


Tree=643
num_leaves=15
num_cat=0
split_feature=5 5 1 12 10 0 1 12 7 12 11 4 4 11
split_gain=0.138353 0.344999 0.462223 0.302705 0.334822 0.173195 0.167502 0.149989 0.135467 0.134208 0.127447 0.126034 0.112814 0.114991
threshold=1.4863550662994387 1.6848669052124026 1.5304040312767031 0.013204932212829592 0.82801324129104625 0.036552390083670623 12.649944782257082 -0.048521608114242547 2.5370558500289921 -0.063815027475357042 0.061412833631038673 -0.021945687942206856 -0.018221932463347908 -0.05745305493474006
decision_type=2 2 2 2 2 2 2 2 2 2 2 2 2 2
left_child=5 2 -2 4 7 -1 11 -3 -6 -8 -4 -7 13 -5
right_child=1 3 10 12 8 6 9 -9 -10 -11 -12 -13 -14 -15
leaf_value=-0.010858918049903549 0.020104361426741199 -0.0051851492452455392 -0.034300007698570729 0.022971724730414214 -0.026381828379843292 -0.0079736040299909876 0.026080437389654456 0.026582887541087421 0.0062152754891293977 -0.015563109087099814 -0.0029089015144255991 0.036362061896715835 0.027898363442957565 -0.022750713937730857
leaf_weight=0.66215661761998523 0.55167322777924743 0.61114978099612927 1.6864307391706463 0.14830257672838343 1.3264431569932638 0.15365164842660295 0.1919852191949758 0.7493608807671992 0.36754174665111339 0.47481169082311669 0.4187772304030658 0.87544636129314302 1.2369138510821356 0.20990772503682809
leaf_count=543 68 64 1695 51 247 60 34 112 70 140 118 185 220 63
internal_value=0 -0.00399195 -0.0180212 0.00423524 -0.00501989 0.00969865 0.017883 0.0129345 -0.0193571 -0.00173547 -0.0284706 0.0296225 0.0212085 -0.00293901
internal_weight=0 7.3065 2.65688 4.64962 3.0545 2.35805 1.69589 1.36051 1.69398 0.666797 2.10521 1.0291 1.59512 0.35821
internal_count=3670 2708 1881 827 493 962 419 176 317 174 1813 245 334 114
is_linear=0
shrinkage=0.05


Tree=644
num_leaves=12
num_cat=0
split_feature=5 3 12 8 5 8 9 4 5 4 3
split_gain=0.134818 0.116356 0.106882 0.145184 0.132555 0.328092 0.240257 0.0610075 0.0429631 0.0348313 0.0327379
threshold=1.4148662686347964 -0.11046824231743811 0.085924535989761366 1.442039489746094 1.7483461499214175 -1.152931213378906 0.48888397216796881 0.054403360933065421 1.6171665787696841 -0.064815785735845552 -0.013774513266980646
decision_type=2 2 2 2 2 2 2 2 2 2 2
left_child=9 8 4 10 6 -6 -3 -5 -2 -1 -4
right_child=1 2 3 7 5 -7 -8 -9 -10 -11 -12
leaf_value=0.0067242015911579958 0.0093508864657930856 0.00082072342717580708 -0.03420326126912273 0.021923105874109602 -0.014798804382262816 0.026899643780551871 0.021637010647338067 -0.016185093454275209 -0.030584318464195927 -0.029483698873263423 0.0034273698245960017
leaf_weight=0.039705950082861818 0.034476870961951955 3.6748111247034068 0.38218460771531682 0.22093750830390491 1.8863478104913158 0.52109286648919795 2.1337861075298861 0.070941374586254824 0.26090624846710853 0.34695408860079702 0.046200481494452883
leaf_count=14 10 1154 84 149 299 43 1030 87 157 544 99
internal_value=0 0.00184742 0.00299018 -0.0142905 0.00465873 -0.0050603 0.00870436 0.0108943 -0.024737 -0.0251478 -0.0302643
internal_weight=0 9.23169 8.9363 0.720264 8.21604 2.40744 5.8086 0.291879 0.295383 0.38666 0.428385
internal_count=3670 3112 2945 419 2526 342 2184 236 167 558 183
is_linear=0
shrinkage=0.05


Tree=645
num_leaves=2
num_cat=0
split_feature=4
split_gain=0.0991009
threshold=0.20276797935366633
decision_type=2
left_child=-1
right_child=-2
leaf_value=-0.022820270527524715 0.021914928000204021
leaf_weight=0.15538771803085183 0.14056761519896099
leaf_count=2765 905
internal_value=0
internal_weight=0
internal_count=3670
is_linear=0
shrinkage=0.05


Tree=646
num_leaves=3
num_cat=0
split_feature=1 2
split_gain=0.128955 0.00215496
threshold=33.872245788574226 0.28338000178337103
decision_type=2 2
left_child=-1 -2
right_child=1 -3
leaf_value=-0.023521563492553368 -0.00079854780558208556 0.024796480779873061
leaf_weight=0.16800823438279622 0.0021756291971541932 0.1948128507428919
leaf_count=2711 24 935
internal_value=0 0.0243401
internal_weight=0 0.196988
internal_count=3670 959
is_linear=0
shrinkage=0.05


Tree=647
num_leaves=15
num_cat=0
split_feature=5 5 5 12 8 8 10 9 10 8 8 1 4 6
split_gain=0.131404 0.134716 0.287244 0.269311 0.376516 0.313525 0.185407 0.177314 0.222506 0.197767 0.0774963 0.0737264 0.0331027 0.0130505
threshold=1.4148662686347964 1.6848669052124026 1.5945056080818178 0.013204932212829592 1.315574645996094 -2.7237548828124996 1.001412630081177 0.48888397216796881 1.9031507372856142 -2.0660629272460933 -6.8237228393554679 0.7250756323337556 -0.064815785735845552 -0.040272245183587067
decision_type=2 2 2 2 2 2 2 2 2 2 2 2 2 2
left_child=12 2 7 5 11 6 -3 9 -9 -2 -4 -5 -1 -14
right_child=1 3 10 4 -6 -7 -8 8 -10 -11 -12 -13 13 -15
leaf_value=-0.0067850427031972268 -0.027351155269278917 0.017021274650151071 0.012407396418291699 -0.011959953429551513 -0.02737906231243778 -0.031052099364889493 -0.010653696350632305 -0.027104012145456532 0.017034467660414384 0.012907622896296687 -0.034165172726496253 0.033823529257405123 -0.0035283561940227036 0.029695467559374623
leaf_weight=0.039342351054074243 0.26164462880205919 1.2516357631666326 0.048469926579855382 0.046329080854775273 0.2575761897041956 0.72779853542306261 1.0052144274923192 0.93404117201498571 0.31667988262051949 1.9837239726412002 0.90958682859036333 1.2281623104154276 0.010385528117694776 0.35898656479366842
leaf_count=14 160 155 3 3 84 156 182 533 104 504 981 247 173 371
internal_value=0 -0.00194742 -0.0080311 0.00409599 0.0204544 -0.00469192 0.00476566 -0.00109125 -0.0154945 0.00725026 -0.030859 0.0314102 0.0241686 0.0282086
internal_weight=0 8.97086 4.45415 4.51672 1.53207 2.98465 2.25685 3.49609 1.25072 2.24537 0.958057 1.27449 0.408714 0.369372
internal_count=3670 3112 2285 827 334 493 337 1301 637 664 984 250 558 544
is_linear=0
shrinkage=0.05


Tree=648
num_leaves=15
num_cat=0
split_feature=1 5 13 5 8 7 13 7 2 8 7 6 3 4
split_gain=0.19586 0.172279 0.14987 0.119681 0.474346 0.198718 0.194736 0.218403 0.100285 0.0959468 0.0369477 0.0356702 0.0351137 0.0306359
threshold=0.7250756323337556 1.4598696827888491 0.97219601273536693 1.6848669052124026 0.067169189453125014 1.4263559579849245 0.98316076397895824 2.3446840047836308 -0.016664955765008923 -7.0063476562499991 1.7118363976478579 0.09721888974308969 0.041357168927788741 -0.044508300721645348
decision_type=2 2 2 2 2 2 2 2 2 2 2 2 2 2
left_child=11 2 12 4 9 -6 7 -5 10 -3 -4 -1 -2 -10
right_child=1 3 8 6 5 -7 -8 -9 13 -11 -12 -13 -14 -15
leaf_value=0.029514365479027249 0.020595565923527976 -0.015251539545527932 0.018306498643089666 0.0050066805512767962 0.012714516186548293 -0.017115316200988561 -0.030568109221261339 -0.022413333595792773 6.5916820415807308e-05 0.030351193107347088 -0.014306191984351582 -0.0018602604389422253 -0.011753447338991585 -0.036587768311826439
leaf_weight=0.41577955384855236 0.17291860330442244 0.06660232160356816 0.10006867860283808 2.5046822899012118 0.70453495260881061 1.812593221235147 0.67640651883266389 0.90880569372347952 0.060267582852247759 1.2708200784982184 0.059553469805905479 0.09609701887529809 0.045414329352752247 0.8493902929021715
leaf_count=46 92 12 9 600 357 657 65 129 29 995 259 9 106 274
internal_value=0 -0.00494823 -0.0212118 -0.00208137 0.00418751 -0.00859926 -0.00794845 -0.00272376 -0.028518 0.0271772 0.00531524 0.0242829 0.0122884 -0.0343933
internal_weight=0 9.23206 1.28761 7.94445 3.85455 2.51713 4.08989 3.41349 1.06928 1.33742 0.159622 0.511877 0.218333 0.909658
internal_count=3639 3584 769 2815 2021 1014 794 729 571 1007 268 55 198 303
is_linear=0
shrinkage=0.05


Tree=649
num_leaves=2
num_cat=0
split_feature=7
split_gain=0.0965931
threshold=5.3550145626068124
decision_type=2
left_child=-1
right_child=-2
leaf_value=-0.022556224563845317 0.021799481713241003
leaf_weight=0.15087736258283257 0.14048667505267076
leaf_count=2698 941
internal_value=0
internal_weight=0
internal_count=3639
is_linear=0
shrinkage=0.05


Tree=650
num_leaves=3
num_cat=0
split_feature=1 0
split_gain=0.120998 0.00221958
threshold=33.872245788574226 0.28338000178337103
decision_type=2 2
left_child=-1 -2
right_child=1 -3
leaf_value=-0.023301242312415687 -0.00084599085615596039 0.024222475646027891
leaf_weight=0.16386486682358736 0.0023078736267052582 0.18207878286921186
leaf_count=2722 26 891
internal_value=0 0.0237216
internal_weight=0 0.184387
internal_count=3639 917
is_linear=0
shrinkage=0.05


Tree=651
num_leaves=15
num_cat=0
split_feature=0 7 7 5 0 5 13 7 5 9 5 5 10 0
split_gain=0.161586 0.161836 0.199759 0.152709 0.202835 0.21427 0.144157 0.141008 0.103951 0.102655 0.162464 0.0950279 0.0795423 0.0721199
threshold=0.049433080479502685 2.3446840047836308 1.194275498390198 1.4598696827888491 0.12771504372358325 1.7995837926864626 0.97219601273536693 1.365587115287781 1.419715464115143 -2.5527038574218746 1.7681607007980349 1.6848669052124026 0.047286394983530051 0.026727686636149887
decision_type=2 2 2 2 2 2 2 2 2 2 2 2 2 2
left_child=1 2 13 6 9 7 -2 -6 -4 10 -5 -3 -11 -1
right_child=3 11 8 4 5 -7 -8 -9 -10 12 -12 -13 -14 -15
leaf_value=0.014065359250785531 -0.011909581394920954 -0.0079357125676859652 0.01607339394230025 -0.018631170581385536 -0.027368014737885041 0.028097890166351409 0.033615298453732893 -0.002223313895360862 -0.030345887372883202 -0.01743035938768114 0.026343785007577142 0.026090390352091909 0.018600270248479305 -0.014151613489533503
leaf_weight=0.56133459033844735 0.16364728015287244 0.28555267065621581 0.072303320946957572 0.50615473825018886 0.78521420443030443 0.30212647051484953 0.75888004536500375 1.5601804169064051 1.1037997835774147 0.086653732398190519 0.20194406928203534 0.39925642389971472 2.4842708386113372 0.2503456532722339
leaf_count=106 98 995 44 92 560 160 231 711 159 10 33 32 329 79
internal_value=0 -0.00701537 -0.01409 0.00727989 0.00412457 -0.00604863 0.0251647 -0.0114164 -0.0264562 0.0122745 -0.00413195 0.0126988 0.0167787 0.00476478
internal_weight=0 2.67259 1.98778 6.84907 5.92654 2.64752 0.922527 2.34539 1.1761 3.27902 0.708099 0.684809 2.57092 0.81168
internal_count=3639 1415 388 2224 1895 1431 329 1271 203 464 125 1027 339 185
is_linear=0
shrinkage=0.05


Tree=652
num_leaves=15
num_cat=0
split_feature=1 5 13 5 8 12 13 7 0 8 7 3 12 4
split_gain=0.178906 0.15781 0.138689 0.109187 0.444656 0.28434 0.184746 0.199294 0.0961914 0.0927244 0.035526 0.034233 0.0337593 0.0319247
threshold=0.7250756323337556 1.4598696827888491 0.97219601273536693 1.6848669052124026 0.067169189453125014 -0.0042704045772552482 0.98316076397895824 2.3446840047836308 -0.016664955765008923 -7.0063476562499991 1.7118363976478579 0.041357168927788741 -0.067859649658203111 -0.044508300721645348
decision_type=2 2 2 2 2 2 2 2 2 2 2 2 2 2
left_child=12 2 11 4 9 -6 7 -5 10 -3 -4 -2 -1 -10
right_child=1 3 8 6 5 -7 -8 -9 13 -11 -12 -13 -14 -15
leaf_value=-0.0012049742301304411 0.020197000599529624 -0.015071965802662561 0.018134490572977138 0.0048660350073086635 -0.022413790057143359 0.010495131777702872 -0.029991448894161915 -0.021571231664483007 0.00053184967424704875 0.030023740602191287 -0.014026848885263827 -0.011746088072491896 0.029130729931447392 -0.03618905391373619
leaf_weight=0.10336083689253428 0.16818542409964532 0.065345963794243178 0.098476588678749866 2.4728231529925329 1.4103863375785288 1.0800815712082119 0.65597421907932574 0.88778468906275509 0.060263069139182224 1.2221518114565699 0.057774900715230615 0.045372251059234259 0.38938411424533192 0.80388062933161564
leaf_count=14 92 12 9 600 321 693 65 129 29 995 259 106 41 274
internal_value=0 -0.00473854 -0.020638 -0.00199195 0.00405766 -0.00828745 -0.00764252 -0.00253952 -0.0278823 0.0268136 0.00540948 0.0118287 0.0236376 -0.0338387
internal_weight=0 9.0285 1.23395 7.79455 3.77797 2.49047 4.01658 3.36061 1.0204 1.2875 0.156251 0.213558 0.492745 0.864144
internal_count=3639 3584 769 2815 2021 1014 794 729 571 1007 268 198 55 303
is_linear=0
shrinkage=0.05


Tree=653
num_leaves=2
num_cat=0
split_feature=4
split_gain=0.0932024
threshold=0.20276797935366633
decision_type=2
left_child=-1
right_child=-2
leaf_value=-0.022263390985588227 0.021677337529266361
leaf_weight=0.14605972800382006 0.13695926294894889
leaf_count=2706 933
internal_value=0
internal_weight=0
internal_count=3639
is_linear=0
shrinkage=0.05


Tree=654
num_leaves=3
num_cat=0
split_feature=0 0
split_gain=0.0967777 0.00620319
threshold=0.54847639799118053 0.28338000178337103
decision_type=2 2
left_child=1 -1
right_child=-2 -3
leaf_value=-0.022080688234014753 0.02315011618566791 0.00014892851008985197
leaf_weight=0.14314828558053705 0.16125670407200232 0.0345030672615394
leaf_count=2743 882 14
internal_value=0 -0.0192646
internal_weight=0 0.177651
internal_count=3639 2757
is_linear=0
shrinkage=0.05


Tree=655
num_leaves=15
num_cat=0
split_feature=1 5 13 5 8 12 13 7 0 8 3 12 4 8
split_gain=0.174074 0.150934 0.139968 0.129086 0.503483 0.302494 0.181298 0.204138 0.121732 0.109717 0.0390481 0.0356192 0.0304599 0.0299351
threshold=0.7250756323337556 1.4598696827888491 0.97219601273536693 1.6848669052124026 0.067169189453125014 -0.0042704045772552482 0.98316076397895824 2.3446840047836308 -0.016664955765008923 -7.4434967041015616 0.041357168927788741 -0.067859649658203111 -0.044508300721645348 2.1208724975585942
decision_type=2 2 2 2 2 2 2 2 2 2 2 2 2 2
left_child=11 2 10 4 9 -6 7 -5 13 -3 -2 -1 -10 -4
right_child=1 3 8 6 5 -7 -8 -9 12 -11 -12 -13 -14 -15
leaf_value=0.0016703521873184368 -0.021508382460364187 0.015067588331142356 -0.019438080217952583 -0.0046300014372499896 0.022652950111752123 -0.011974759650278888 0.030122158223749685 0.022084595849120519 -3.9076127322654315e-05 -0.034616197714378842 0.012197604159377247 -0.029080350112527211 0.036210587133069558 0.01084713386196666
leaf_weight=0.10398166556842625 0.16547176280982778 0.067304288528248324 0.1027152994993229 2.4521617419795807 1.3914959000594527 1.0090441189231578 0.65962728011254501 0.89575163988229167 0.061592233902047044 1.0799219238833759 0.050365142713417299 0.383423024901277 0.82548141871666303 0.054505442132722237
leaf_count=14 92 10 179 600 321 693 65 129 29 997 106 41 274 89
internal_value=0 0.00477871 0.0201199 0.00199059 -0.00488444 0.00820073 0.00804761 0.00295085 0.0273019 -0.030727 -0.0122714 -0.0233525 0.0339447 -0.00880355
internal_weight=0 8.81544 1.26013 7.55531 3.54777 2.40054 4.00754 3.34791 1.04429 1.14723 0.215837 0.487405 0.887074 0.157221
internal_count=3639 3584 769 2815 2021 1014 794 729 571 1007 198 55 303 268
is_linear=0
shrinkage=0.05


Tree=656
num_leaves=15
num_cat=0
split_feature=0 7 7 5 5 8 8 7 13 8 13 5 0 3
split_gain=0.116988 0.207977 0.178785 0.126402 0.160482 0.344791 0.280707 0.179755 0.126475 0.116142 0.114472 0.090827 0.0685377 0.0760829
threshold=0.049433080479502685 2.3446840047836308 1.194275498390198 1.4598696827888491 1.7483461499214175 0.021018981933593753 -5.1706542968749991 1.0429579615592959 0.97219601273536693 -1.152931213378906 0.97481843829154979 1.419715464115143 0.026727686636149887 0.051923818886280067
decision_type=2 2 2 2 2 2 2 2 2 2 2 2 2 2
left_child=1 2 12 8 5 6 -5 -7 -2 10 -6 -4 13 -1
right_child=3 -3 11 4 9 7 -8 -9 -10 -11 -12 -13 -14 -15
leaf_value=-0.021501063269213024 0.011670163541689902 -0.015984908244941271 -0.01500203253613229 -0.007531042200561589 -0.0016795084331380822 0.019260290321759136 0.031259916274358555 -0.015797077699692939 -0.032249867682183096 0.010604538173920633 -0.033620429553357076 0.029991759439747308 0.014615960075207358 0.015806254657002587
leaf_weight=0.43990148099010218 0.152894611929696 0.69517559992800659 0.064457674534423748 0.6880561755770026 0.42510163622864616 0.34658896013570517 1.1614073718737929 2.21229665393912 0.66570010163559346 0.24753199110273261 0.79228768661323556 1.0520905900639261 0.24617631757155323 0.10257185388036305
leaf_count=79 98 1027 44 36 136 198 737 554 231 42 192 159 79 27
internal_value=0 0.00593561 0.0143323 -0.00638521 -0.00362031 0.0012356 0.0171825 -0.0105029 -0.0236692 -0.0173782 -0.0234411 0.0263746 -0.00376622 -0.0130847
internal_weight=0 2.60037 1.9052 6.69187 5.87327 4.40835 1.84946 2.55889 0.818595 1.46492 1.21739 1.11655 0.78865 0.542473
internal_count=3639 1415 388 2224 1895 1525 773 752 329 370 328 203 185 106
is_linear=0
shrinkage=0.05


Tree=657
num_leaves=2
num_cat=0
split_feature=4
split_gain=0.0897024
threshold=0.20276797935366633
decision_type=2
left_child=-1
right_child=-2
leaf_value=-0.021940057848354184 0.021506466929222652
leaf_weight=0.14095051683807469 0.13442906490672613
leaf_count=2706 933
internal_value=0
internal_weight=0
internal_count=3639
is_linear=0
shrinkage=0.05


Tree=658
num_leaves=3
num_cat=0
split_feature=1 0
split_gain=0.11257 0.00204611
threshold=33.872245788574226 0.28338000178337103
decision_type=2 2
left_child=-1 -2
right_child=1 -3
leaf_value=-0.022666563009473846 -0.00079279436198075059 0.023935172385905368
leaf_weight=0.15260759662123746 0.0021596291771857059 0.1761192706253496
leaf_count=2722 26 891
internal_value=0 0.0234584
internal_weight=0 0.178279
internal_count=3639 917
is_linear=0
shrinkage=0.05


Tree=659
num_leaves=15
num_cat=0
split_feature=1 5 13 5 3 10 13 7 5 0 3 6 6 7
split_gain=0.158268 0.138823 0.129443 0.11602 0.369541 0.217219 0.166665 0.180615 0.124268 0.114032 0.0370185 0.0341306 0.0293166 0.0104909
threshold=0.7250756323337556 1.4598696827888491 0.97219601273536693 1.6848669052124026 0.018172502517700199 1.2796458005905154 0.98316076397895824 2.3446840047836308 1.4831829071044924 -0.016664955765008923 0.041357168927788741 0.09721888974308969 0.038020955398678787 2.3604911565780644
decision_type=2 2 2 2 2 2 2 2 2 2 2 2 2 2
left_child=11 2 10 4 8 -6 7 -5 -3 12 -2 -1 -4 -8
right_child=1 3 9 6 5 -7 13 -9 -10 -11 -12 -13 -14 -15
leaf_value=-0.028199340962138178 -0.021014372889646048 0.0087004574238042625 -0.01855608452774871 -0.0043022725961604268 -0.0086737775305698421 0.022069565975605943 0.032708846283125065 0.020987428521284039 -0.030667154509842788 0.033430111391496153 0.011992418348246291 0.0023449033008471759 0.011806909645856851 0.0082539098039329638
leaf_weight=0.37422001781305958 0.159639018944288 0.19424562581843963 0.10824247860909963 2.4476711470615564 0.99028213949714006 1.1444365179941085 0.49528504675799911 0.87892244569593447 1.1196087251901188 0.83763275461569719 0.04914417920554115 0.09532040588237578 0.044188431158545427 0.13741679595477763
leaf_count=46 92 92 260 600 370 273 48 129 1286 303 106 9 8 17
internal_value=0 0.00455928 0.019645 0.00188874 -0.00474403 0.00805798 0.00764049 0.00279703 -0.0246432 0.0267722 -0.0118774 -0.0226756 -0.00856371 0.0292489
internal_weight=0 8.60672 1.19885 7.40787 3.44857 2.13472 3.9593 3.32659 1.31385 0.990064 0.208783 0.46954 0.152431 0.632702
internal_count=3639 3584 769 2815 2021 643 794 729 1378 571 198 55 268 65
is_linear=0
shrinkage=0.05


Tree=660
num_leaves=15
num_cat=0
split_feature=5 10 7 0 12 8 3 1 7 4 4 12 5 4
split_gain=0.164019 0.193679 0.213832 0.171163 0.159528 0.149382 0.122522 0.116549 0.113106 0.145333 0.113006 0.109918 0.0953568 0.0873845
threshold=1.503061890602112 0.86111360788345348 2.1453008651733403 0.036552390083670623 -0.039820104837417596 -2.7631149291992183 -0.020180620253086087 19.771531105041507 2.3879424333572392 0.015958184376358989 -0.025521330535411831 0.050163298845291145 1.82738733291626 0.016865477897226814
decision_type=2 2 2 2 2 2 2 2 2 2 2 2 2 2
left_child=3 4 7 13 6 -6 -2 12 -4 -10 -5 -7 -3 -1
right_child=1 2 8 10 5 11 -8 -9 9 -11 -12 -13 -14 -15
leaf_value=0.023524551765213016 -0.014839632562942701 0.028580829042147083 -0.019431914163337116 0.0075007592562970453 -0.032484412099603475 -0.01172727042838345 0.022295672357425435 -0.016950928055750165 0.024540001534298764 -0.0066113414146072918 -0.025377375127354929 0.017679164611367208 -0.015568342409850259 -0.014796738002643623
leaf_weight=0.34835529168231039 0.2434715549898101 1.6115422315378967 0.49787876661139296 0.27009026710038586 0.61008373620961776 1.0867646656479331 0.59820839746316812 0.10605416168982618 0.53421654134763208 0.83762846456556872 1.3750678863816572 0.33732559148120356 0.070490212323420454 0.14138520899359719
leaf_count=68 112 331 115 107 175 351 219 306 223 396 339 242 129 534
internal_value=0 0.00327638 0.0107821 -0.0123861 -0.00631166 -0.0137068 0.0111185 0.0226527 -0.00114393 0.00636255 -0.0198592 -0.00405879 0.0259608 0.0118283
internal_weight=0 6.53366 3.65781 2.1349 2.87585 2.03417 0.84168 1.78809 1.86972 1.37185 1.64516 1.42409 1.68203 0.489741
internal_count=3647 2599 1500 1048 1099 768 331 766 734 619 446 593 460 602
is_linear=0
shrinkage=0.05


Tree=661
num_leaves=2
num_cat=0
split_feature=4
split_gain=0.0823105
threshold=0.20276797935366633
decision_type=2
left_child=-1
right_child=-2
leaf_value=-0.021512542404151895 0.02083098408020248
leaf_weight=0.1345135725991895 0.12493297082255594
leaf_count=2754 893
internal_value=0
internal_weight=0
internal_count=3647
is_linear=0
shrinkage=0.05


Tree=662
num_leaves=4
num_cat=0
split_feature=1 4 7
split_gain=0.107157 0.000969023 3.77896e-06
threshold=33.872245788574226 0.071907676756382002 35.091253280639656
decision_type=2 2 2
left_child=-1 -2 -3
right_child=1 2 -4
leaf_value=-0.021917167191621005 0.023969177447237783 0.00012264070494714927 -0.0003783433829673338
leaf_weight=0.14051865224928406 0.17682223876181524 0.0010671883574104859 0.0010191324508923572
leaf_count=2713 912 9 13
internal_value=0 0.0236973 -0.000252972
internal_weight=0 0.178909 0.00208632
internal_count=3647 934 22
is_linear=0
shrinkage=0.05


Tree=663
num_leaves=13
num_cat=0
split_feature=1 13 3 7 8 10 7 3 8 8 13 6
split_gain=0.126756 0.0884654 0.101095 0.0701353 0.0823157 0.0943943 0.0751416 0.0466097 0.0449051 0.0430005 0.00498836 0.000747674
threshold=0.7250756323337556 0.96839940547943126 -0.036456407979130738 3.1887146234512334 4.6584548950195321 2.5972163677215581 0.44805793464183813 0.087298888713121428 3.7673492431640629 -3.8810043334960933 0.96698611974716198 0.052549717947840698
decision_type=2 2 2 2 2 2 2 2 2 2 2 2
left_child=-1 2 10 4 5 -3 -6 9 -4 -5 -2 -10
right_child=1 3 8 7 6 -7 -8 -9 11 -11 -12 -13
leaf_value=-0.02497963027078156 0.017996543854039749 0.0010811417344502386 -0.029486808092639562 0.0099995932517994001 -0.015417500347211453 0.024330995107594469 0.024631422925254508 0.013240655382585091 -0.00048666041401858345 -0.026018815725046052 -0.0014446770113403541 0.0097901008979762762
leaf_weight=0.35951104254491006 0.11234905981291377 5.9382638505167051 0.42392472228311628 0.046878992997335445 0.068571383433663757 0.37225668601058703 0.67293693067040294 0.058196595786284888 0.0099464841350709321 0.32396720211272612 0.022500068329463829 0.034273170953383669
leaf_count=59 49 1865 234 119 14 62 305 66 36 798 19 21
internal_value=0 0.00200967 -0.0149976 0.00356025 0.00481797 0.0028108 0.0195359 -0.0141156 -0.0249722 -0.020309 0.0155188 0.00874389
internal_weight=0 8.08407 0.602994 7.48107 7.05203 6.31052 0.741508 0.429043 0.468144 0.370846 0.134849 0.0442197
internal_count=3647 3588 359 3229 2246 1927 319 983 291 917 68 57
is_linear=0
shrinkage=0.05


Tree=664
num_leaves=15
num_cat=0
split_feature=5 10 7 0 5 8 8 12 1 7 5 8 6 6
split_gain=0.153833 0.181141 0.199283 0.16118 0.156168 0.224551 0.198371 0.133249 0.110328 0.106933 0.102394 0.0993186 0.149183 0.121149
threshold=1.503061890602112 0.86111360788345348 2.1453008651733403 0.036552390083670623 1.6848669052124026 4.0308151245117196 0.26367187500000006 -0.050231665372848504 19.771531105041507 2.3879424333572392 1.7078130245208742 -1.0331039428710935 0.071920149028301253 0.080244220793247237
decision_type=2 2 2 2 2 2 2 2 2 2 2 2 2 2
left_child=3 4 8 -1 5 -2 7 -6 -3 -4 -11 12 -5 -13
right_child=1 2 9 11 6 -7 -8 -9 -10 10 -12 13 -14 -15
leaf_value=0.011606840067258524 0.024675661793354443 0.025455202242144506 -0.018905409936287337 0.025195632457047076 0.0022724965765876523 -0.01999434323604881 0.022207063871498567 -0.029402571177790521 -0.01663006914463842 0.020199721373867496 -0.0058239317177361414 -0.033272335021195608 -0.024998055806726843 0.004037308314327537
leaf_weight=0.48059173768524521 0.67286719438197928 1.638099339699693 0.49085553376517044 0.21711151934869111 0.43456895930648887 0.35150609234915464 0.2301951797780929 1.1421461807663034 0.10340340113543778 0.59938850604521554 0.74925367249670671 0.97400383404510626 0.17815226688981056 0.24765891673632723
leaf_count=602 735 460 115 50 58 31 71 204 306 506 113 326 5 65
internal_value=0 0.00321558 0.0105602 -0.0120844 -0.00611724 0.00893248 -0.0146702 -0.0210575 0.022189 -0.00102548 0.00633797 -0.0193919 0.00209294 -0.0259756
internal_weight=0 6.41228 3.581 2.09752 2.83128 1.02437 1.80691 1.57672 1.7415 1.8395 1.34864 1.61693 0.395264 1.22166
internal_count=3647 2599 1500 1048 1099 766 333 262 766 734 619 446 55 391
is_linear=0
shrinkage=0.05


Tree=665
num_leaves=2
num_cat=0
split_feature=4
split_gain=0.0787245
threshold=0.20276797935366633
decision_type=2
left_child=-1
right_child=-2
leaf_value=-0.021235688854353032 0.02053631913718338
leaf_weight=0.13052403294341275 0.12102782799047418
leaf_count=2754 893
internal_value=0
internal_weight=0
internal_count=3647
is_linear=0
shrinkage=0.05


Tree=666
num_leaves=4
num_cat=0
split_feature=1 7 6
split_gain=0.102815 0.000560145 2.18377e-05
threshold=33.872245788574226 4.3627154827117929 0.072765171527862563
decision_type=2 2 2
left_child=-1 -2 -3
right_child=1 2 -4
leaf_value=-0.021630576320986319 0.023687469003713157 -0.00050266433042837498 0.0005355323224347702
leaf_weight=0.13618485618235354 0.17119942737917881 0.0013585655615315764 0.0014482426340691745
leaf_count=2713 913 18 3
internal_value=0 0.0234572 3.28721e-05
internal_weight=0 0.174006 0.00280681
internal_count=3647 934 21
is_linear=0
shrinkage=0.05


Tree=667
num_leaves=15
num_cat=0
split_feature=5 0 10 7 5 8 8 12 3 7 4 4 8 5
split_gain=0.153534 0.196665 0.186628 0.204262 0.179136 0.260126 0.201477 0.129604 0.117427 0.114093 0.132119 0.105658 0.0842381 0.0803201
threshold=1.5000780224800112 0.036552390083670623 0.86111360788345348 2.1453008651733403 1.6848669052124026 4.6584548950195321 0.26367187500000006 -0.050231665372848504 -0.06156578287482261 2.3879424333572392 0.015958184376358989 -0.025521330535411831 2.5210037231445317 1.82738733291626
decision_type=2 2 2 2 2 2 2 2 2 2 2 2 2 2
left_child=1 -1 4 8 5 -2 7 -6 -4 -5 -11 12 -3 -10
right_child=2 11 3 9 6 -7 -8 -9 13 10 -12 -13 -14 -15
leaf_value=-0.014341486016189221 -0.029419195608082219 -0.023973050681517515 0.0052517431859777069 0.019424731384517488 -0.0017772349866525595 0.019902288107948033 -0.022758444682686136 0.0295454245851582 -0.03108089252921932 -0.025036449010106012 0.0057424032263756215 0.025222114724233191 0.019196737009624369 0.013398975668018216
leaf_weight=0.47410171111550914 0.58641019729475408 0.16615402416937275 0.27599320972331032 0.48433770971223555 0.43365449979319226 0.34982571152431774 0.22082643795511092 1.1530275944642197 1.3470562025568145 0.48615243673793862 0.79006220249357284 1.3664995514445761 0.10230979235711857 0.055162209551781305
leaf_count=590 747 19 162 115 58 26 71 204 580 223 401 339 88 24
internal_value=0 0.0118864 -0.00343898 -0.0110591 0.00616448 -0.010848 0.0150832 0.0213868 -0.0230131 0.000960211 -0.00694956 0.0198802 -0.00677634 -0.0285556
internal_weight=0 2.10907 6.18251 3.43876 2.74374 0.936236 1.80751 1.58668 1.67821 1.76055 1.27621 1.63496 0.268464 1.40222
internal_count=3647 1036 2611 1505 1106 773 333 262 766 739 624 446 107 604
is_linear=0
shrinkage=0.05


Tree=668
num_leaves=15
num_cat=0
split_feature=5 10 7 8 6 12 5 8 8 12 1 3 3 5
split_gain=0.137198 0.159891 0.179826 0.151594 0.18155 0.152619 0.138552 0.204511 0.180208 0.122588 0.102861 0.0998492 0.186286 0.104094
threshold=1.503061890602112 0.86111360788345348 2.1453008651733403 -1.0720672607421873 0.071920149028301253 0.044277280569076545 1.6848669052124026 4.0308151245117196 0.26367187500000006 -0.050231665372848504 19.771531105041507 -0.02678742632269859 0.061412833631038673 1.6776000261306765
decision_type=2 2 2 2 2 2 2 2 2 2 2 2 2 2
left_child=3 6 10 4 -1 -5 7 -2 9 -8 -3 13 -13 -4
right_child=1 2 11 5 -6 -7 8 -9 -10 -11 -12 12 -14 -15
leaf_value=0.02732761964620601 0.024011606753060244 0.024598107581799589 0.018175759333428222 -0.026986188527094942 -0.024532078576802892 0.010146316289311633 0.0021458899790263125 -0.019125728446254119 0.021624790924570089 -0.028391059145094155 -0.016352237042837028 0.023384662702075898 -0.019804887498084057 -0.02002114123392805
leaf_weight=0.37243324906194208 0.64394194393389659 1.5763762167325697 0.14354656657815212 1.1970564347338948 0.17007821705192327 0.294675257642666 0.43432254620711308 0.34486531747825211 0.22187345045676909 1.0994043899727328 0.1005330467087332 0.66124469599890268 0.28203826719254721 0.72524653272466821
leaf_count=255 735 460 130 538 5 250 58 31 71 204 306 439 57 108
internal_value=0 0.0030798 0.0100574 -0.0115794 0.00978176 -0.0194745 -0.00583266 0.00859185 -0.0139822 -0.0201415 0.021361 -0.00097303 0.00981059 -0.0124854
internal_weight=0 6.23339 3.48899 2.03424 0.542511 1.49173 2.74441 0.988807 1.7556 1.53373 1.67691 1.81208 0.943283 0.868793
internal_count=3647 2599 1500 1048 260 788 1099 766 333 262 766 734 496 238
is_linear=0
shrinkage=0.05


Tree=669
num_leaves=2
num_cat=0
split_feature=4
split_gain=0.0759441
threshold=0.20276797935366633
decision_type=2
left_child=-1
right_child=-2
leaf_value=-0.020894877524090961 0.020413534659954123
leaf_weight=0.12579546615506842 0.11944028744619573
leaf_count=2754 893
internal_value=0
internal_weight=0
internal_count=3647
is_linear=0
shrinkage=0.05


Tree=670
num_leaves=3
num_cat=0
split_feature=1 4
split_gain=0.0984363 0.000896757
threshold=33.872245788574226 0.071907676756382002
decision_type=2 2
left_child=-1 -2
right_child=1 -3
leaf_value=-0.021287109061081316 0.023515525536219814 -0.00023800912692840276
leaf_weight=0.13119010790478569 0.16788425729464507 0.0020130952179897568
leaf_count=2713 912 22
internal_value=0 0.0232502
internal_weight=0 0.169897
internal_count=3647 934
is_linear=0
shrinkage=0.05


Tree=671
num_leaves=15
num_cat=0
split_feature=5 0 5 8 8 1 3 8 13 4 3 8 8 8
split_gain=0.137064 0.178492 0.167303 0.266183 0.16086 0.171434 0.139043 0.113831 0.106777 0.0991485 0.0775779 0.0725904 0.0653148 0.0557073
threshold=1.5000780224800112 0.036552390083670623 1.6848669052124026 4.6584548950195321 1.315574645996094 1.0189357399940493 0.098771378397941603 -7.4434967041015616 0.98316076397895824 -0.025003399699926373 0.034036988392472274 -1.0331039428710935 2.5210037231445317 2.6548080444335942
decision_type=2 2 2 2 2 2 2 2 2 2 2 2 2 2
left_child=1 13 3 6 5 -4 7 -2 -7 12 -5 -11 -3 -1
right_child=2 9 4 10 -6 8 -8 -9 -10 11 -12 -13 -14 -15
leaf_value=-0.024646333527689149 0.015375978947116717 -0.017716628706295003 -0.026123126660060905 -0.017932385062935839 -0.028132692860232979 0.0051479778927942211 0.010738733187328891 -0.034772872727647293 0.029470197588859461 0.0012061996373112346 0.020118367116003455 0.030838031459609935 0.018908946452018439 0.0062091120742312385
leaf_weight=0.28653570846472609 0.068388789048185461 0.22080043257301429 0.28638057991156607 0.089224772564193588 0.28670187494935806 2.9541540719037589 0.18086355790728692 1.2031084174204809 0.44831912739937241 0.26532114882502345 0.49137344573500741 0.99069711471929611 0.099416395678417757 0.18186040691762173
leaf_count=397 7 24 44 68 119 603 13 1675 52 40 30 292 90 193
internal_value=0 0.0113708 -0.00332225 -0.0146291 0.00267678 0.00575064 -0.0255788 -0.0311511 0.00910265 0.0191876 0.0124952 0.0251292 -0.00455181 -0.0136816
internal_weight=0 2.04463 6.00851 2.03296 3.97556 3.68885 1.45236 1.2715 3.40247 1.57624 0.580598 1.25602 0.320217 0.468396
internal_count=3647 1036 2611 1793 818 699 1695 1682 655 446 98 332 114 590
is_linear=0
shrinkage=0.05


end of trees

feature_importances:
Column_5=995
Column_8=768
Column_3=533
Column_1=477
Column_4=445
Column_0=383
Column_7=325
Column_6=274
Column_12=272
Column_10=191
Column_13=126
Column_9=113
Column_11=87
Column_2=39

parameters:
[boosting: gbdt]
[objective: multiclass]
[metric: multi_logloss]
[tree_learner: serial]
[device_type: cpu]
[data_sample_strategy: bagging]
[data: ]
[valid: ]
[num_iterations: 500]
[learning_rate: 0.05]
[num_leaves: 15]
[num_threads: 2]
[seed: 42]
[deterministic: 0]
[force_col_wise: 0]
[force_row_wise: 0]
[histogram_pool_size: -1]
[max_depth: 5]
[min_data_in_leaf: 10]
[min_sum_hessian_in_leaf: 0.001]
[bagging_fraction: 0.85]
[pos_bagging_fraction: 1]
[neg_bagging_fraction: 1]
[bagging_freq: 3]
[bagging_seed: 400]
[feature_fraction: 0.85]
[feature_fraction_bynode: 1]
[feature_fraction_seed: 30056]
[extra_trees: 0]
[extra_seed: 12879]
[early_stopping_round: 0]
[first_metric_only: 0]
[max_delta_step: 0]
[lambda_l1: 0]
[lambda_l2: 0.1]
[linear_lambda: 0]
[min_gain_to_split: 0]
[drop_rate: 0.1]
[max_drop: 50]
[skip_drop: 0.5]
[xgboost_dart_mode: 0]
[uniform_drop: 0]
[drop_seed: 17869]
[top_rate: 0.2]
[other_rate: 0.1]
[min_data_per_group: 100]
[max_cat_threshold: 32]
[cat_l2: 10]
[cat_smooth: 10]
[max_cat_to_onehot: 4]
[top_k: 20]
[monotone_constraints: ]
[monotone_constraints_method: basic]
[monotone_penalty: 0]
[feature_contri: ]
[forcedsplits_filename: ]
[refit_decay_rate: 0.9]
[cegb_tradeoff: 1]
[cegb_penalty_split: 0]
[cegb_penalty_feature_lazy: ]
[cegb_penalty_feature_coupled: ]
[path_smooth: 0]
[interaction_constraints: ]
[verbosity: -1]
[saved_feature_importance_type: 0]
[use_quantized_grad: 0]
[num_grad_quant_bins: 4]
[quant_train_renew_leaf: 0]
[stochastic_rounding: 1]
[linear_tree: 0]
[max_bin: 255]
[max_bin_by_feature: ]
[min_data_in_bin: 3]
[bin_construct_sample_cnt: 200000]
[data_random_seed: 175]
[is_enable_sparse: 1]
[enable_bundle: 1]
[use_missing: 1]
[zero_as_missing: 0]
[feature_pre_filter: 1]
[pre_partition: 0]
[two_round: 0]
[header: 0]
[label_column: ]
[weight_column: ]
[group_column: ]
[ignore_column: ]
[categorical_feature: ]
[forcedbins_filename: ]
[precise_float_parser: 0]
[parser_config_file: ]
[objective_seed: 16083]
[num_class: 4]
[is_unbalance: 0]
[scale_pos_weight: 1]
[sigmoid: 1]
[boost_from_average: 1]
[reg_sqrt: 0]
[alpha: 0.9]
[fair_c: 1]
[poisson_max_delta_step: 0.7]
[tweedie_variance_power: 1.5]
[lambdarank_truncation_level: 30]
[lambdarank_norm: 1]
[label_gain: ]
[lambdarank_position_bias_regularization: 0]
[eval_at: ]
[multi_error_top_k: 1]
[auc_mu_weights: ]
[num_machines: 1]
[local_listen_port: 12400]
[time_out: 120]
[machine_list_filename: ]
[machines: ]
[gpu_platform_id: -1]
[gpu_device_id: -1]
[gpu_use_dp: 0]
[num_gpu: 1]

end of parameters

pandas_categorical:null
